0 40 356 1040 1040 1780 2744 3640 3624 4664 5816 7096 8504 10040 8488 10008 13464 15384 17432 19608 21912 19640 15416 13496 17464 21944 24376 26936 29608 33864 33880 33896 39236 43280 50192 50208 53864 53848 53832 53832 53848 53864 53880 61560 61544 61528 61512 61512 61528 61544 65576 65560 65544 65544 65560 65576 65592 65608 61576 53896 53912 57700 61604 65640 65656 69816 74088 74064 78480 78504 78520 78536 78552 78568 78584 74168 78600 78616 69904 65752 65736 65720 65704 65688 65672 61636 61656 61676 61700 59748 59764 59780 65784 69944 74232 74248 69960 65800 59812 54104 54088 54072 54056 54040 50392 46872 46856 54024 57796 54008 53992 57772 57752 53976 53960 57732 53944 53928 33960 33944 33928 33912 33896 33880 33864 29592 26904 24344 24360 21928 19624 17448 15400 13504 13520 13536 13552 13568 13584 11792 11808 11824 11840 11856 13648 13632 13616 13600 15512 19728 27024 27008 26976 26944 26960 26992 33976 33992 34008 34024 34056 34072 34088 34104 34120 38696 43544 46936 50432 46904 43512 43512 43480 40200 34040 27056 27040 24472 22072 24512 27072 27088 27104 27120 27136 24592 27152 28504 25880 23384 19880 16156 17672 13712 11920 11904 13696 13680 13664 11872 11888 10216 8664 7240 5944 4776 3760 3744 2848 2864 2880 3776 3792 2896 2912 3808 3824 2928 2944 3840 3856 2960 1552 1024 1008 992 976 960 944 928 288 304 320 336 208 192 176 160 144 128 112 80 144 240 256 272 504 864 1392 896 912 2832 3728 3712 2816 2800 3696 3680 3664 3648 4672 5840 7136 8560 10112 11776 11760 11744 11728 11712 8472 7064 5784 4632 3608 2712 1780 1344 824 96 
40 0 332 1048 1080 1820 2784 3680 3664 4704 5856 7136 8544 10080 8528 10032 13488 15408 17456 19632 21936 19680 15456 13536 17504 21984 24416 26976 29648 33904 33920 33936 39276 43320 50232 50248 53904 53888 53872 53856 53840 53824 53840 61520 61504 61520 61536 61552 61568 61584 65616 65600 65584 65568 65552 65536 65552 65568 61536 53856 53872 57660 61564 65600 65616 69776 74048 74024 78440 78464 78480 78496 78512 78528 78544 74128 78560 78576 69864 65712 65696 65680 65664 65648 65632 61596 61616 61636 61660 59708 59724 59740 65744 69904 74192 74208 69920 65760 59772 54064 54048 54032 54016 54000 50352 46832 46816 53984 57756 53968 53952 57732 57712 53936 53920 57692 53904 53888 33920 33904 33888 33872 33856 33872 33888 29616 26928 24368 24352 21920 19616 17440 15392 13464 13480 13496 13512 13528 13544 11752 11768 11784 11800 11816 13608 13592 13576 13560 15472 19688 26984 26968 26936 26904 26920 26952 33936 33952 33968 33984 34016 34032 34048 34064 34080 38656 43504 46896 50392 46864 43472 43472 43440 40160 34000 27016 27000 24432 22032 24472 27032 27048 27064 27080 27096 24552 27112 28464 25840 23344 19840 16116 17632 13672 11880 11864 13656 13640 13624 11832 11848 10176 8624 7200 5904 4736 3720 3704 2808 2824 2840 3736 3752 2856 2872 3768 3784 2888 2904 3800 3816 2920 1512 984 968 952 936 920 904 888 248 264 280 296 168 152 136 120 104 88 72 40 104 200 216 232 464 824 1352 856 872 2792 3688 3672 2776 2760 3656 3640 3624 3608 4632 5800 7096 8520 10072 11736 11720 11704 11688 11672 8496 7088 5808 4656 3632 2736 1788 1304 784 72 
356 332 0 212 244 624 1228 1836 1820 2572 3436 4428 5548 6796 5532 6748 9628 11260 13020 14908 16924 14956 11308 9676 13068 16972 19116 21388 23772 27596 27612 27628 32464 36148 42484 42500 45868 45852 45836 45820 45804 45804 45820 52924 52908 52908 52924 52940 52956 52972 56716 56700 56684 56668 56652 56652 56668 56684 52940 45836 45852 49352 52968 56716 56732 60604 64588 64564 68692 68716 68732 68748 68764 68780 68796 64668 68812 68828 60692 56828 56812 56796 56780 56764 56748 53000 53020 53040 53064 51256 51272 51288 56860 60732 64732 64748 60748 56876 51320 46044 46028 46012 45996 45980 42620 39388 39372 45964 49448 45948 45932 49424 49404 45916 45900 49384 45884 45868 27628 27612 27596 27580 27564 27564 27580 23740 21340 19068 19052 16908 14892 13004 11244 9620 9636 9652 9668 9684 9700 8196 8212 8228 8244 8260 9764 9748 9732 9716 11340 14980 21412 21396 21364 21332 21348 21380 27644 27660 27676 27692 27724 27740 27756 27772 27788 31932 36348 39452 42660 39420 36316 36316 36284 33292 27708 21444 21428 19148 17036 19188 21460 21476 21492 21508 21524 19268 21540 22748 20412 18204 15132 11912 13212 9828 8324 8308 9812 9796 9780 8276 8292 6908 5644 4508 3500 2620 1892 1876 1268 1284 1300 1908 1924 1316 1332 1940 1956 1348 1364 1972 1988 1380 548 308 292 276 260 244 228 212 148 164 180 196 356 340 324 308 292 276 260 372 148 100 116 132 76 148 388 180 196 1252 1860 1844 1236 1220 1828 1812 1796 1780 2516 3396 4404 5540 6804 8180 8164 8148 8132 8116 5500 4380 3388 2524 1788 1180 592 340 108 100 
1040 1048 212 0 32 132 456 840 824 1352 1992 2760 3656 4680 3640 4632 7064 8472 10008 11672 13464 11720 8520 7112 10056 13512 15432 17480 19640 23128 23144 23160 27604 31008 36896 36912 40056 40040 40024 40008 40008 40024 40040 46696 46680 46664 46664 46680 46696 46712 50232 50216 50200 50184 50184 50200 50216 50232 46712 40056 40072 43348 46740 50264 50280 53928 57688 57664 61568 61592 61608 61624 61640 61656 61672 57768 61688 61704 54016 50376 50360 50344 50328 50312 50296 46772 46792 46812 46836 45140 45156 45172 50408 54056 57832 57848 54072 50424 45204 40264 40248 40232 40216 40200 37064 34056 34040 40184 43444 40168 40152 43420 43400 40136 40120 43380 40104 40088 23192 23176 23160 23144 23128 23112 23112 19608 17432 15384 15384 13464 11672 10008 8472 7088 7104 7120 7136 7152 7168 5888 5904 5920 5936 5952 7232 7216 7200 7184 8584 11776 17536 17520 17488 17456 17472 17504 23208 23224 23240 23256 23288 23304 23320 23336 23352 27160 31240 34120 37104 34088 31208 31208 31176 28408 23272 17568 17552 15496 13608 15536 17584 17600 17616 17632 17648 15616 17664 18760 16648 14664 11928 9100 10232 7296 6016 6000 7280 7264 7248 5968 5984 4824 3784 2872 2088 1432 928 912 528 544 560 944 960 576 592 976 992 608 624 1008 1024 640 256 240 224 208 192 176 160 144 528 544 560 576 960 944 928 912 896 880 864 1088 640 480 496 512 232 80 96 112 128 512 896 880 496 480 864 848 832 816 1328 1984 2768 3680 4720 5872 5856 5840 5824 5808 3608 2712 1944 1304 792 408 100 48 40 592 
1040 1080 244 32 0 100 424 808 792 1320 1960 2728 3624 4648 3608 4648 7080 8488 10024 11688 13480 11688 8488 7080 10024 13480 15400 17448 19608 23112 23112 23128 27572 30976 36864 36880 40024 40008 40008 40024 40040 40056 40072 46728 46712 46696 46680 46664 46664 46680 50200 50184 50184 50200 50216 50232 50248 50264 46744 40088 40104 43380 46772 50296 50312 53960 57720 57696 61600 61624 61640 61656 61672 61688 61704 57800 61720 61736 54048 50408 50392 50376 50360 50344 50328 46804 46824 46844 46868 45172 45188 45204 50440 54088 57864 57880 54104 50456 45236 40296 40280 40264 40248 40232 37096 34088 34072 40216 43476 40200 40184 43452 43432 40168 40152 43412 40136 40120 23224 23208 23192 23176 23160 23144 23128 19624 17448 15400 15416 13496 11704 10040 8504 7120 7136 7152 7168 7184 7200 5920 5936 5952 5968 5984 7264 7248 7232 7216 8616 11808 17568 17552 17520 17488 17504 17536 23240 23256 23272 23288 23320 23336 23352 23368 23384 27192 31272 34152 37136 34120 31240 31240 31208 28440 23304 17600 17584 15528 13640 15568 17616 17632 17648 17664 17680 15648 17696 18792 16680 14696 11960 9132 10264 7328 6048 6032 7312 7296 7280 6000 6016 4856 3816 2904 2120 1464 960 944 560 576 592 976 992 608 624 1008 1024 640 656 1040 1056 672 288 272 256 240 224 208 192 176 560 576 592 608 992 976 960 944 928 912 896 1120 672 512 528 544 264 112 128 144 160 544 928 912 528 512 896 880 864 848 1360 2016 2800 3712 4752 5904 5888 5872 5856 5840 3624 2728 1960 1320 808 424 132 80 72 624 
1780 1820 624 132 100 0 124 348 332 700 1180 1788 2524 3388 2508 3388 5500 6748 8124 9628 11260 9628 6748 5500 8124 11260 13020 14908 16908 20172 20172 20188 24352 27556 33124 33140 36124 36108 36108 36124 36140 36156 36172 42508 42492 42476 42460 42444 42444 42460 45820 45804 45804 45820 45836 45852 45868 45884 42524 36188 36204 39320 42552 45916 45932 49420 53020 52996 56740 56764 56780 56796 56812 56828 56844 53100 56860 56876 49508 46028 46012 45996 45980 45964 45948 42584 42604 42624 42648 41032 41048 41064 46060 49548 53164 53180 49564 46076 41096 36396 36380 36364 36348 36332 33356 30508 30492 36316 39416 36300 36284 39392 39372 36268 36252 39352 36236 36220 20284 20268 20252 20236 20220 20204 20188 16924 14908 13020 13036 11276 9644 8140 6764 5540 5556 5572 5588 5604 5620 4500 4516 4532 4548 4564 5684 5668 5652 5636 6876 9748 15028 15012 14980 14948 14964 14996 20300 20316 20332 20348 20380 20396 20412 20428 20444 24012 27852 30572 33396 30540 27820 27820 27788 25180 20364 15060 15044 13148 11420 13188 15076 15092 15108 15124 15140 13268 15156 16172 14220 12396 9900 7352 8364 5748 4628 4612 5732 5716 5700 4580 4596 3596 2716 1964 1340 844 500 484 260 276 292 516 532 308 324 548 564 340 356 580 596 372 308 452 436 420 404 388 372 356 1060 1076 1092 1108 1652 1636 1620 1604 1588 1572 1556 1860 1252 1012 1028 1044 604 292 148 324 340 244 468 452 228 212 436 420 404 388 740 1236 1860 2612 3492 4484 4468 4452 4436 4420 2524 1788 1180 700 348 124 32 100 252 1204 
2744 2784 1228 456 424 124 0 64 80 256 576 1024 1600 2304 1616 2352 4144 5232 6448 7792 9264 7744 5184 4096 6400 9216 10816 12544 14416 17456 17440 17424 21324 24360 29608 29592 32400 32416 32432 32448 32464 32480 32496 38512 38496 38480 38464 38448 38432 38416 41616 41632 41648 41664 41680 41696 41712 41728 38528 32512 32528 35484 38556 41760 41776 45104 48544 48520 52104 52128 52144 52160 52176 52192 52208 48624 52224 52240 45192 41872 41856 41840 41824 41808 41792 38588 38608 38628 38652 37116 37132 37148 41904 45232 48688 48704 45248 41920 37180 32720 32704 32688 32672 32656 29840 27152 27136 32640 35580 32624 32608 35556 35536 32592 32576 35516 32560 32544 17568 17552 17536 17520 17504 17488 17472 14448 12592 10864 10880 9280 7808 6464 5248 4184 4200 4216 4232 4248 4264 3304 3320 3336 3352 3368 4328 4312 4296 4280 5360 7912 12712 12696 12664 12632 12648 12680 17584 17600 17616 17632 17664 17680 17696 17712 17728 21056 24656 27216 29880 27184 24624 24624 24592 22144 17648 12744 12728 10992 9424 11032 12760 12776 12792 12808 12824 11112 12840 13776 11984 10320 8064 5796 6688 4392 3432 3416 4376 4360 4344 3384 3400 2560 1840 1248 784 448 264 248 184 200 216 280 296 232 248 312 328 264 280 344 360 296 552 856 840 824 808 792 776 760 1784 1800 1816 1832 2536 2520 2504 2488 2472 2456 2440 2824 2056 1736 1752 1768 1168 696 392 728 744 168 232 216 152 136 200 184 168 152 344 680 1144 1736 2456 3288 3272 3256 3240 3224 1648 1072 624 304 112 48 156 344 656 2008 
3640 3680 1836 840 808 348 64 0 16 64 256 576 1024 1600 1040 1648 3184 4144 5232 6448 7792 6400 4096 3136 5184 7744 9216 10816 12560 15408 15392 15376 19052 21928 26920 26904 29584 29600 29616 29632 29648 29664 29680 35440 35424 35408 35392 35376 35360 35344 38416 38432 38448 38464 38480 38496 38512 38528 35456 29696 29712 32540 35484 38560 38576 41776 45088 45064 48520 48544 48560 48576 48592 48608 48624 45168 48640 48656 41864 38672 38656 38640 38624 38608 38592 35516 35536 35556 35580 34108 34124 34140 38704 41904 45232 45248 41920 38720 34172 29904 29888 29872 29856 29840 27152 24592 24576 29824 32636 29808 29792 32612 32592 29776 29760 32572 29744 29728 15520 15504 15488 15472 15456 15440 15424 12592 10864 9264 9280 7808 6464 5248 4160 3224 3240 3256 3272 3288 3304 2472 2488 2504 2520 2536 3368 3352 3336 3320 4272 6568 10984 10968 10936 10904 10920 10952 15536 15552 15568 15584 15616 15632 15648 15664 15680 18816 22224 24656 27192 24624 22192 22192 22160 19840 15600 11016 11000 9392 7952 9432 11032 11048 11064 11080 11096 9512 11112 11984 10320 8784 6720 4676 5472 3432 2600 2584 3416 3400 3384 2552 2568 1856 1264 800 464 256 200 184 248 264 280 216 232 296 312 248 264 328 344 280 296 360 872 1304 1288 1272 1256 1240 1224 1208 2488 2504 2520 2536 3368 3352 3336 3320 3304 3288 3272 3720 2824 2440 2456 2472 1744 1144 712 1176 1192 232 168 152 216 200 136 120 104 88 152 360 696 1160 1752 2456 2440 2424 2408 2392 1072 624 304 112 48 112 380 664 1104 2776 
3624 3664 1820 824 792 332 80 16 0 80 272 592 1040 1616 1024 1632 3168 4128 5216 6432 7776 6416 4112 3152 5200 7760 9232 10832 12544 15392 15376 15392 19052 21912 26904 26904 29600 29584 29600 29616 29632 29648 29664 35424 35408 35392 35376 35360 35344 35360 38432 38416 38432 38448 38464 38480 38496 38512 35440 29680 29696 32524 35468 38544 38560 41760 45072 45048 48504 48528 48544 48560 48576 48592 48608 45152 48624 48640 41848 38656 38640 38624 38608 38592 38576 35500 35520 35540 35564 34092 34108 34124 38688 41888 45216 45232 41904 38704 34156 29888 29872 29856 29840 29824 27136 24576 24560 29808 32620 29792 29776 32596 32576 29760 29744 32556 29728 29712 15504 15488 15472 15456 15440 15424 15408 12576 10848 9248 9264 7792 6448 5232 4144 3208 3224 3240 3256 3272 3288 2456 2472 2488 2504 2520 3352 3336 3320 3304 4256 6552 10968 10952 10920 10888 10904 10936 15520 15536 15552 15568 15600 15616 15632 15648 15664 18800 22208 24640 27176 24608 22176 22176 22144 19824 15584 11000 10984 9376 7936 9416 11016 11032 11048 11064 11080 9496 11096 11968 10304 8768 6704 4660 5456 3416 2584 2568 3400 3384 3368 2536 2552 1840 1248 784 448 240 184 168 232 248 264 200 216 280 296 232 248 312 328 264 280 344 856 1288 1272 1256 1240 1224 1208 1192 2472 2488 2504 2520 3352 3336 3320 3304 3288 3272 3256 3704 2808 2424 2440 2456 1728 1128 696 1160 1176 216 152 136 200 184 120 104 88 72 136 344 680 1144 1736 2440 2424 2408 2392 2376 1056 608 288 96 32 96 364 648 1088 2760 
4664 4704 2572 1352 1320 700 256 64 80 0 64 256 576 1024 592 1072 2352 3184 4144 5232 6448 5184 3136 2304 4096 6400 7744 9216 10832 13488 13472 13456 16908 19624 24360 24344 26896 26912 26928 26944 26960 26976 26992 32496 32480 32464 32448 32432 32416 32400 35344 35360 35376 35392 35408 35424 35440 35456 32512 27008 27024 29724 32540 35488 35504 38576 41760 41736 45064 45088 45104 45120 45136 45152 45168 41840 45184 45200 38664 35600 35584 35568 35552 35536 35520 32572 32592 32612 32636 31228 31244 31260 35632 38704 41904 41920 38720 35648 31292 27216 27200 27184 27168 27152 24592 22160 22144 27136 29820 27120 27104 29796 29776 27088 27072 29756 27056 27040 13600 13584 13568 13552 13536 13520 13504 10864 9264 7792 7808 6464 5248 4160 3200 2392 2408 2424 2440 2456 2472 1768 1784 1800 1816 1832 2536 2520 2504 2488 3312 5352 9384 9368 9336 9304 9320 9352 13616 13632 13648 13664 13696 13712 13728 13744 13760 16704 19920 22224 24632 22192 19888 19888 19856 17664 13680 9416 9400 7920 6608 7960 9432 9448 9464 9480 9496 8040 9512 10320 8784 7376 5504 3684 4384 2600 1896 1880 2584 2568 2552 1848 1864 1280 816 480 272 192 264 248 440 456 472 280 296 488 504 312 328 520 536 344 360 552 1320 1880 1864 1848 1832 1816 1800 1784 3320 3336 3352 3368 4328 4312 4296 4280 4264 4248 4232 4744 3720 3272 3288 3304 2448 1720 1160 1752 1768 424 232 216 408 392 200 184 168 152 88 168 376 712 1176 1752 1736 1720 1704 1688 624 304 112 48 112 304 732 1112 1680 3672 
5816 5856 3436 1992 1960 1180 576 256 272 64 0 64 256 576 272 624 1648 2352 3184 4144 5232 4096 2304 1600 3136 5184 6400 7744 9232 11696 11680 11664 14892 17448 21928 21912 24336 24352 24368 24384 24400 24416 24432 29680 29664 29648 29632 29616 29600 29584 32400 32416 32432 32448 32464 32480 32496 32512 29696 24448 24464 27036 29724 32544 32560 35504 38560 38536 41736 41760 41776 41792 41808 41824 41840 38640 41856 41872 35592 32656 32640 32624 32608 32592 32576 29756 29776 29796 29820 28476 28492 28508 32688 35632 38704 38720 35648 32704 28540 24656 24640 24624 24608 24592 22160 19856 19840 24576 27132 24560 24544 27108 27088 24528 24512 27068 24496 24480 11808 11792 11776 11760 11744 11728 11712 9264 7792 6448 6464 5248 4160 3200 2368 1688 1704 1720 1736 1752 1768 1192 1208 1224 1240 1256 1832 1816 1800 1784 2480 4264 7912 7896 7864 7832 7848 7880 11824 11840 11856 11872 11904 11920 11936 11952 11968 14720 17744 19920 22200 19888 17712 17712 17680 15616 11888 7944 7928 6576 5392 6616 7960 7976 7992 8008 8024 6696 8040 8784 7376 6096 4416 2820 3424 1896 1320 1304 1880 1864 1848 1272 1288 832 496 288 208 256 456 440 760 776 792 472 488 808 824 504 520 840 856 536 552 872 1896 2584 2568 2552 2536 2520 2504 2488 4280 4296 4312 4328 5416 5400 5384 5368 5352 5336 5320 5896 4744 4232 4248 4264 3280 2424 1736 2456 2472 744 424 408 728 712 392 376 360 344 152 104 184 392 728 1176 1160 1144 1128 1112 304 112 48 112 304 624 1212 1688 2384 4696 
7096 7136 4428 2760 2728 1788 1024 576 592 256 64 0 64 256 80 304 1072 1648 2352 3184 4144 3136 1600 1024 2304 4096 5184 6400 7760 10032 10016 10000 13004 15400 19624 19608 21904 21920 21936 21952 21968 21984 22000 26992 26976 26960 26944 26928 26912 26896 29584 29600 29616 29632 29648 29664 29680 29696 27008 22016 22032 24476 27036 29728 29744 32560 35488 35464 38536 38560 38576 38592 38608 38624 38640 35568 38656 38672 32648 29840 29824 29808 29792 29776 29760 27068 27088 27108 27132 25852 25868 25884 29872 32688 35632 35648 32704 29888 25916 22224 22208 22192 22176 22160 19856 17680 17664 22144 24572 22128 22112 24548 24528 22096 22080 24508 22064 22048 10144 10128 10112 10096 10080 10064 10048 7792 6448 5232 5248 4160 3200 2368 1664 1112 1128 1144 1160 1176 1192 744 760 776 792 808 1256 1240 1224 1208 1776 3304 6568 6552 6520 6488 6504 6536 10160 10176 10192 10208 10240 10256 10272 10288 10304 12864 15696 17744 19896 17712 15664 15664 15632 13696 10224 6600 6584 5360 4304 5400 6616 6632 6648 6664 6680 5480 6696 7376 6096 4944 3456 2084 2592 1320 872 856 1304 1288 1272 824 840 512 304 224 272 448 776 760 1208 1224 1240 792 808 1256 1272 824 840 1288 1304 856 872 1320 2600 3416 3400 3384 3368 3352 3336 3320 5368 5384 5400 5416 6632 6616 6600 6584 6568 6552 6536 7176 5896 5320 5336 5352 4240 3256 2440 3288 3304 1192 744 728 1176 1160 712 696 680 664 344 168 120 200 408 728 712 696 680 664 112 48 112 304 624 1072 1820 2392 3216 5848 
8504 8544 5548 3656 3624 2524 1600 1024 1040 576 256 64 0 64 16 112 624 1072 1648 2352 3184 2304 1024 576 1600 3136 4096 5184 6416 8496 8480 8464 11244 13480 17448 17432 19600 19616 19632 19648 19664 19680 19696 24432 24416 24400 24384 24368 24352 24336 26896 26912 26928 26944 26960 26976 26992 27008 24448 19712 19728 22044 24476 27040 27056 29744 32544 32520 35464 35488 35504 35520 35536 35552 35568 32624 35584 35600 29832 27152 27136 27120 27104 27088 27072 24508 24528 24548 24572 23356 23372 23388 27184 29872 32688 32704 29888 27200 23420 19920 19904 19888 19872 19856 17680 15632 15616 19840 22140 19824 19808 22116 22096 19792 19776 22076 19760 19744 8608 8592 8576 8560 8544 8528 8512 6448 5232 4144 4160 3200 2368 1664 1088 664 680 696 712 728 744 424 440 456 472 488 808 792 776 760 1200 2472 5352 5336 5304 5272 5288 5320 8624 8640 8656 8672 8704 8720 8736 8752 8768 11136 13776 15696 17720 15664 13744 13744 13712 11904 8688 5384 5368 4272 3344 4312 5400 5416 5432 5448 5464 4392 5480 6096 4944 3920 2624 1476 1888 872 552 536 856 840 824 504 520 320 240 288 464 768 1224 1208 1784 1800 1816 1240 1256 1832 1848 1272 1288 1864 1880 1304 1320 1896 3432 4376 4360 4344 4328 4312 4296 4280 6584 6600 6616 6632 7976 7960 7944 7928 7912 7896 7880 8584 7176 6536 6552 6568 5328 4216 3272 4248 4264 1768 1192 1176 1752 1736 1160 1144 1128 1112 664 360 184 136 216 408 392 376 360 344 48 112 304 624 1072 1648 2556 3224 4176 7128 
10040 10080 6796 4680 4648 3388 2304 1600 1616 1024 576 256 64 0 80 48 304 624 1072 1648 2352 1600 576 256 1024 2304 3136 4096 5200 7088 7072 7056 9612 11688 15400 15384 17424 17440 17456 17472 17488 17504 17520 22000 21984 21968 21952 21936 21920 21904 24336 24352 24368 24384 24400 24416 24432 24448 22016 17536 17552 19740 22044 24480 24496 27056 29728 29704 32520 32544 32560 32576 32592 32608 32624 29808 32640 32656 27144 24592 24576 24560 24544 24528 24512 22076 22096 22116 22140 20988 21004 21020 24624 27184 29872 29888 27200 24640 21052 17744 17728 17712 17696 17680 15632 13712 13696 17664 19836 17648 17632 19812 19792 17616 17600 19772 17584 17568 7200 7184 7168 7152 7136 7120 7104 5232 4144 3184 3200 2368 1664 1088 640 344 360 376 392 408 424 232 248 264 280 296 488 472 456 440 752 1768 4264 4248 4216 4184 4200 4232 7216 7232 7248 7264 7296 7312 7328 7344 7360 9536 11984 13776 15672 13744 11952 11952 11920 10240 7280 4296 4280 3312 2512 3352 4312 4328 4344 4360 4376 3432 4392 4944 3920 3024 1920 996 1312 552 360 344 536 520 504 312 328 256 304 480 784 1216 1800 1784 2488 2504 2520 1816 1832 2536 2552 1848 1864 2568 2584 1880 1896 2600 4392 5464 5448 5432 5416 5400 5384 5368 7928 7944 7960 7976 9448 9432 9416 9400 9384 9368 9352 10120 8584 7880 7896 7912 6544 5304 4232 5336 5352 2472 1768 1752 2456 2440 1736 1720 1704 1688 1112 680 376 200 152 216 200 184 168 152 112 304 624 1072 1648 2352 3420 4184 5264 8536 
8488 8528 5532 3640 3608 2508 1616 1040 1024 592 272 80 16 80 0 96 608 1056 1632 2336 3168 2320 1040 592 1616 3152 4112 5200 6400 8480 8464 8480 11244 13464 17432 17432 19616 19600 19616 19632 19648 19664 19680 24416 24400 24384 24368 24352 24336 24352 26912 26896 26912 26928 26944 26960 26976 26992 24432 19696 19712 22028 24460 27024 27040 29728 32528 32504 35448 35472 35488 35504 35520 35536 35552 32608 35568 35584 29816 27136 27120 27104 27088 27072 27056 24492 24512 24532 24556 23340 23356 23372 27168 29856 32672 32688 29872 27184 23404 19904 19888 19872 19856 19840 17664 15616 15600 19824 22124 19808 19792 22100 22080 19776 19760 22060 19744 19728 8592 8576 8560 8544 8528 8512 8496 6432 5216 4128 4144 3184 2352 1648 1072 648 664 680 696 712 728 408 424 440 456 472 792 776 760 744 1184 2456 5336 5320 5288 5256 5272 5304 8608 8624 8640 8656 8688 8704 8720 8736 8752 11120 13760 15680 17704 15648 13728 13728 13696 11888 8672 5368 5352 4256 3328 4296 5384 5400 5416 5432 5448 4376 5464 6080 4928 3904 2608 1460 1872 856 536 520 840 824 808 488 504 304 224 272 448 752 1208 1192 1768 1784 1800 1224 1240 1816 1832 1256 1272 1848 1864 1288 1304 1880 3416 4360 4344 4328 4312 4296 4280 4264 6568 6584 6600 6616 7960 7944 7928 7912 7896 7880 7864 8568 7160 6520 6536 6552 5312 4200 3256 4232 4248 1752 1176 1160 1736 1720 1144 1128 1112 1096 648 344 168 120 200 392 376 360 344 328 32 96 288 608 1056 1632 2540 3208 4160 7112 
10008 10032 6748 4632 4648 3388 2352 1648 1632 1072 624 304 112 48 96 0 256 576 1024 1600 2304 1648 624 304 1072 2352 3184 4144 5216 7072 7088 7104 9644 11688 15400 15416 17472 17456 17440 17424 17440 17456 17472 21952 21936 21920 21904 21920 21936 21952 24384 24368 24352 24336 24352 24368 24384 24400 21968 17488 17504 19692 21996 24432 24448 27008 29680 29656 32472 32496 32512 32528 32544 32560 32576 29760 32592 32608 27096 24544 24528 24512 24496 24480 24464 22028 22048 22068 22092 20940 20956 20972 24576 27136 29824 29840 27152 24592 21004 17696 17680 17664 17648 17632 15584 13664 13648 17616 19788 17600 17584 19764 19744 17568 17552 19724 17536 17520 7152 7136 7120 7104 7088 7072 7056 5184 4096 3136 3152 2320 1616 1040 592 296 312 328 344 360 376 184 200 216 232 248 440 424 408 392 704 1720 4216 4200 4168 4136 4152 4184 7168 7184 7200 7216 7248 7264 7280 7296 7312 9488 11936 13728 15624 13696 11904 11904 11872 10192 7232 4248 4232 3264 2464 3304 4264 4280 4296 4312 4328 3384 4344 4896 3872 2976 1872 948 1264 504 312 296 488 472 456 264 280 208 256 432 736 1168 1752 1736 2440 2456 2472 1768 1784 2488 2504 1800 1816 2520 2536 1832 1848 2552 4344 5416 5400 5384 5368 5352 5336 5320 7880 7896 7912 7928 9400 9384 9368 9352 9336 9320 9304 10072 8536 7832 7848 7864 6496 5256 4184 5288 5304 2424 1720 1704 2408 2392 1688 1672 1656 1640 1064 632 328 152 104 168 152 136 120 104 64 256 576 1024 1600 2304 3372 4136 5216 8488 
13464 13488 9628 7064 7080 5500 4144 3184 3168 2352 1648 1072 624 304 608 256 0 64 256 576 1024 624 112 48 304 1072 1648 2352 3168 4640 4656 4672 6764 8488 11688 11704 13504 13488 13472 13456 13472 13488 13504 17472 17456 17440 17424 17440 17456 17472 19648 19632 19616 19600 19616 19632 19648 19664 17488 13520 13536 15468 17516 19696 19712 22016 24432 24408 26968 26992 27008 27024 27040 27056 27072 24512 27088 27104 22104 19808 19792 19776 19760 19744 19728 17548 17568 17588 17612 16588 16604 16620 19840 22144 24576 24592 22160 19856 16652 13728 13712 13696 13680 13664 11872 10208 10192 13648 15564 13632 13616 15540 15520 13600 13584 15500 13568 13552 4720 4704 4688 4672 4656 4640 4624 3136 2304 1600 1616 1040 592 272 80 40 56 72 88 104 120 184 200 216 232 248 184 168 152 136 192 696 2424 2408 2376 2344 2360 2392 4736 4752 4768 4784 4816 4832 4848 4864 4880 6672 8736 10272 11912 10240 8704 8704 8672 7248 4800 2456 2440 1728 1184 1768 2472 2488 2504 2520 2536 1848 2552 2976 2208 1568 848 372 496 248 312 296 232 216 200 264 280 464 768 1200 1760 2448 3288 3272 4232 4248 4264 3304 3320 4280 4296 3336 3352 4312 4328 3368 3384 4344 6648 7976 7960 7944 7928 7912 7896 7880 10952 10968 10984 11000 12728 12712 12696 12680 12664 12648 12632 13528 11736 10904 10920 10936 9312 7816 6488 7848 7864 4216 3256 3240 4200 4184 3224 3208 3192 3176 2344 1656 1096 664 360 168 152 136 120 104 576 1024 1600 2304 3136 4096 5484 6440 7776 11688 
15384 15408 11260 8472 8488 6748 5232 4144 4128 3184 2352 1648 1072 624 1056 576 64 0 64 256 576 304 48 112 112 624 1072 1648 2336 3616 3632 3648 5516 7080 10024 10040 11712 11696 11680 11664 11680 11696 11712 15424 15408 15392 15376 15392 15408 15424 17472 17456 17440 17424 17440 17456 17472 17488 15440 11728 11744 13548 15468 17520 17536 19712 22000 21976 24408 24432 24448 24464 24480 24496 24512 22080 24528 24544 19800 17632 17616 17600 17584 17568 17552 15500 15520 15540 15564 14604 14620 14636 17664 19840 22144 22160 19856 17680 14668 11936 11920 11904 11888 11872 10208 8672 8656 11856 13644 11840 11824 13620 13600 11808 11792 13580 11776 11760 3696 3680 3664 3648 3632 3616 3600 2304 1600 1024 1040 592 272 80 16 104 120 136 152 168 184 376 392 408 424 440 248 232 216 200 128 376 1720 1704 1672 1640 1656 1688 3712 3728 3744 3760 3792 3808 3824 3840 3856 5456 7328 8736 10248 8704 7296 7296 7264 5968 3776 1752 1736 1152 736 1192 1768 1784 1800 1816 1832 1272 1848 2208 1568 1056 528 276 304 312 504 488 296 280 264 456 472 784 1216 1776 2464 3280 4248 4232 5320 5336 5352 4264 4280 5368 5384 4296 4312 5400 5416 4328 4344 5432 7992 9448 9432 9416 9400 9384 9368 9352 12680 12696 12712 12728 14584 14568 14552 14536 14520 14504 14488 15448 13528 12632 12648 12664 10912 9288 7832 9320 9336 5304 4216 4200 5288 5272 4184 4168 4152 4136 3176 2360 1672 1112 680 360 344 328 312 296 1024 1600 2304 3136 4096 5184 6732 7784 9248 13480 
17432 17456 13020 10008 10024 8124 6448 5232 5216 4144 3184 2352 1648 1072 1632 1024 256 64 0 64 256 112 112 304 48 304 624 1072 1632 2720 2736 2752 4396 5800 8488 8504 10048 10032 10016 10000 10016 10032 10048 13504 13488 13472 13456 13472 13488 13504 15424 15408 15392 15376 15392 15408 15424 15440 13520 10064 10080 11756 13548 15472 15488 17536 19696 19672 21976 22000 22016 22032 22048 22064 22080 19776 22096 22112 17624 15584 15568 15552 15536 15520 15504 13580 13600 13620 13644 12748 12764 12780 15616 17664 19840 19856 17680 15632 12812 10272 10256 10240 10224 10208 8672 7264 7248 10192 11852 10176 10160 11828 11808 10144 10128 11788 10112 10096 2800 2784 2768 2752 2736 2720 2704 1600 1024 576 592 272 80 16 80 296 312 328 344 360 376 696 712 728 744 760 440 424 408 392 192 184 1144 1128 1096 1064 1080 1112 2816 2832 2848 2864 2896 2912 2928 2944 2960 4368 6048 7328 8712 7296 6016 6016 5984 4816 2880 1176 1160 704 416 744 1192 1208 1224 1240 1256 824 1272 1568 1056 672 336 308 240 504 824 808 488 472 456 776 792 1232 1792 2480 3296 4240 5336 5320 6536 6552 6568 5352 5368 6584 6600 5384 5400 6616 6632 5416 5432 6648 9464 11048 11032 11016 11000 10984 10968 10952 14536 14552 14568 14584 16568 16552 16536 16520 16504 16488 16472 17496 15448 14488 14504 14520 12640 10888 9304 10920 10936 6520 5304 5288 6504 6488 5272 5256 5240 5224 4136 3192 2376 1688 1128 680 664 648 632 616 1600 2304 3136 4096 5184 6400 8108 9256 10848 15400 
19608 19632 14908 11672 11688 9628 7792 6448 6432 5232 4144 3184 2352 1648 2336 1600 576 256 64 0 64 48 304 624 112 112 304 624 1056 1952 1968 1984 3404 4648 7080 7096 8512 8496 8480 8464 8480 8496 8512 11712 11696 11680 11664 11680 11696 11712 13504 13488 13472 13456 13472 13488 13504 13520 11728 8528 8544 10092 11756 13552 13568 15488 17520 17496 19672 19696 19712 19728 19744 19760 19776 17600 19792 19808 15576 13664 13648 13632 13616 13600 13584 11788 11808 11828 11852 11020 11036 11052 13696 15616 17664 17680 15632 13712 11084 8736 8720 8704 8688 8672 7264 5984 5968 8656 10188 8640 8624 10164 10144 8608 8592 10124 8576 8560 2032 2016 2000 1984 1968 1952 1936 1024 576 256 272 80 16 80 272 616 632 648 664 680 696 1144 1160 1176 1192 1208 760 744 728 712 384 120 696 680 648 616 632 664 2048 2064 2080 2096 2128 2144 2160 2176 2192 3408 4896 6048 7304 6016 4864 4864 4832 3792 2112 728 712 384 224 424 744 760 776 792 808 504 824 1056 672 416 272 468 304 824 1272 1256 808 792 776 1224 1240 1808 2496 3312 4256 5328 6552 6536 7880 7896 7912 6568 6584 7928 7944 6600 6616 7960 7976 6632 6648 7992 11064 12776 12760 12744 12728 12712 12696 12680 16520 16536 16552 16568 18680 18664 18648 18632 18616 18600 18584 19672 17496 16472 16488 16504 14496 12616 10904 12648 12664 7864 6520 6504 7848 7832 6488 6472 6456 6440 5224 4152 3208 2392 1704 1128 1112 1096 1080 1064 2304 3136 4096 5184 6400 7744 9612 10856 12576 17448 
21912 21936 16924 13464 13480 11260 9264 7792 7776 6448 5232 4144 3184 2352 3168 2304 1024 576 256 64 0 112 624 1072 304 48 112 304 608 1312 1328 1344 2540 3624 5800 5816 7104 7088 7072 7056 7072 7088 7104 10048 10032 10016 10000 10016 10032 10048 11712 11696 11680 11664 11680 11696 11712 11728 10064 7120 7136 8556 10092 11760 11776 13568 15472 15448 17496 17520 17536 17552 17568 17584 17600 15552 17616 17632 13656 11872 11856 11840 11824 11808 11792 10124 10144 10164 10188 9420 9436 9452 11904 13696 15616 15632 13712 11920 9484 7328 7312 7296 7280 7264 5984 4832 4816 7248 8652 7232 7216 8628 8608 7200 7184 8588 7168 7152 1392 1376 1360 1344 1328 1312 1296 576 256 64 80 16 80 272 592 1064 1080 1096 1112 1128 1144 1720 1736 1752 1768 1784 1208 1192 1176 1160 704 184 376 360 328 296 312 344 1408 1424 1440 1456 1488 1504 1520 1536 1552 2576 3872 4896 6024 4864 3840 3840 3808 2896 1472 408 392 192 160 232 424 440 456 472 488 312 504 672 416 288 336 756 496 1272 1848 1832 1256 1240 1224 1800 1816 2512 3328 4272 5344 6544 7896 7880 9352 9368 9384 7912 7928 9400 9416 7944 7960 9432 9448 7976 7992 9464 12792 14632 14616 14600 14584 14568 14552 14536 18632 18648 18664 18680 20920 20904 20888 20872 20856 20840 20824 21976 19672 18584 18600 18616 16480 14472 12632 14504 14520 9336 7864 7848 9320 9304 7832 7816 7800 7784 6440 5240 4168 3224 2408 1704 1688 1672 1656 1640 3136 4096 5184 6400 7744 9216 11244 12584 14432 19624 
19640 19680 14956 11720 11688 9628 7744 6400 6416 5184 4096 3136 2304 1600 2320 1648 624 304 112 48 112 0 256 576 64 64 256 576 1040 1968 1952 1936 3372 4648 7080 7064 8464 8480 8496 8512 8528 8544 8560 11760 11744 11728 11712 11696 11680 11664 13456 13472 13488 13504 13520 13536 13552 13568 11776 8576 8592 10140 11804 13600 13616 15536 17568 17544 19720 19744 19760 19776 19792 19808 19824 17648 19840 19856 15624 13712 13696 13680 13664 13648 13632 11836 11856 11876 11900 11068 11084 11100 13744 15664 17712 17728 15680 13760 11132 8784 8768 8752 8736 8720 7312 6032 6016 8704 10236 8688 8672 10212 10192 8656 8640 10172 8624 8608 2080 2064 2048 2032 2016 2000 1984 1072 624 304 320 128 64 128 320 664 680 696 712 728 744 1192 1208 1224 1240 1256 808 792 776 760 432 168 744 728 696 664 680 712 2096 2112 2128 2144 2176 2192 2208 2224 2240 3456 4944 6096 7352 6064 4912 4912 4880 3840 2160 776 760 432 272 472 792 808 824 840 856 552 872 1104 720 464 320 516 352 872 1320 1304 856 840 824 1272 1288 1856 2544 3360 4304 5376 6600 6584 7928 7944 7960 6616 6632 7976 7992 6648 6664 8008 8024 6680 6696 8040 11112 12824 12808 12792 12776 12760 12744 12728 16568 16584 16600 16616 18728 18712 18696 18680 18664 18648 18632 19720 17544 16520 16536 16552 14544 12664 10952 12696 12712 7912 6568 6552 7896 7880 6536 6520 6504 6488 5272 4200 3256 2440 1752 1176 1160 1144 1128 1112 2352 3184 4144 5232 6448 7792 9660 10904 12624 17496 
15416 15456 11308 8520 8488 6748 5184 4096 4112 3136 2304 1600 1024 576 1040 624 112 48 112 304 624 256 0 64 64 576 1024 1600 2320 3632 3616 3600 5484 7080 10024 10008 11664 11680 11696 11712 11728 11744 11760 15472 15456 15440 15424 15408 15392 15376 17424 17440 17456 17472 17488 17504 17520 17536 15488 11776 11792 13596 15516 17568 17584 19760 22048 22024 24456 24480 24496 24512 24528 24544 24560 22128 24576 24592 19848 17680 17664 17648 17632 17616 17600 15548 15568 15588 15612 14652 14668 14684 17712 19888 22192 22208 19904 17728 14716 11984 11968 11952 11936 11920 10256 8720 8704 11904 13692 11888 11872 13668 13648 11856 11840 13628 11824 11808 3744 3728 3712 3696 3680 3664 3648 2352 1648 1072 1088 640 320 128 64 152 168 184 200 216 232 424 440 456 472 488 296 280 264 248 176 424 1768 1752 1720 1688 1704 1736 3760 3776 3792 3808 3840 3856 3872 3888 3904 5504 7376 8784 10296 8752 7344 7344 7312 6016 3824 1800 1784 1200 784 1240 1816 1832 1848 1864 1880 1320 1896 2256 1616 1104 576 324 352 360 552 536 344 328 312 504 520 832 1264 1824 2512 3328 4296 4280 5368 5384 5400 4312 4328 5416 5432 4344 4360 5448 5464 4376 4392 5480 8040 9496 9480 9464 9448 9432 9416 9400 12728 12744 12760 12776 14632 14616 14600 14584 14568 14552 14536 15496 13576 12680 12696 12712 10960 9336 7880 9368 9384 5352 4264 4248 5336 5320 4232 4216 4200 4184 3224 2408 1720 1160 728 408 392 376 360 344 1072 1648 2352 3184 4144 5232 6780 7832 9296 13528 
13496 13536 9676 7112 7080 5500 4096 3136 3152 2304 1600 1024 576 256 592 304 48 112 304 624 1072 576 64 0 256 1024 1600 2304 3152 4656 4640 4624 6732 8488 11688 11672 13456 13472 13488 13504 13520 13536 13552 17520 17504 17488 17472 17456 17440 17424 19600 19616 19632 19648 19664 19680 19696 19712 17536 13568 13584 15516 17564 19744 19760 22064 24480 24456 27016 27040 27056 27072 27088 27104 27120 24560 27136 27152 22152 19856 19840 19824 19808 19792 19776 17596 17616 17636 17660 16636 16652 16668 19888 22192 24624 24640 22208 19904 16700 13776 13760 13744 13728 13712 11920 10256 10240 13696 15612 13680 13664 15588 15568 13648 13632 15548 13616 13600 4768 4752 4736 4720 4704 4688 4672 3184 2352 1648 1664 1088 640 320 128 88 104 120 136 152 168 232 248 264 280 296 232 216 200 184 240 744 2472 2456 2424 2392 2408 2440 4784 4800 4816 4832 4864 4880 4896 4912 4928 6720 8784 10320 11960 10288 8752 8752 8720 7296 4848 2504 2488 1776 1232 1816 2520 2536 2552 2568 2584 1896 2600 3024 2256 1616 896 420 544 296 360 344 280 264 248 312 328 512 816 1248 1808 2496 3336 3320 4280 4296 4312 3352 3368 4328 4344 3384 3400 4360 4376 3416 3432 4392 6696 8024 8008 7992 7976 7960 7944 7928 11000 11016 11032 11048 12776 12760 12744 12728 12712 12696 12680 13576 11784 10952 10968 10984 9360 7864 6536 7896 7912 4264 3304 3288 4248 4232 3272 3256 3240 3224 2392 1704 1144 712 408 216 200 184 168 152 624 1072 1648 2352 3184 4144 5532 6488 7824 11736 
17464 17504 13068 10056 10024 8124 6400 5184 5200 4096 3136 2304 1600 1024 1616 1072 304 112 48 112 304 64 64 256 0 256 576 1024 1616 2736 2720 2704 4364 5800 8488 8472 10000 10016 10032 10048 10064 10080 10096 13552 13536 13520 13504 13488 13472 13456 15376 15392 15408 15424 15440 15456 15472 15488 13568 10112 10128 11804 13596 15520 15536 17584 19744 19720 22024 22048 22064 22080 22096 22112 22128 19824 22144 22160 17672 15632 15616 15600 15584 15568 15552 13628 13648 13668 13692 12796 12812 12828 15664 17712 19888 19904 17728 15680 12860 10320 10304 10288 10272 10256 8720 7312 7296 10240 11900 10224 10208 11876 11856 10192 10176 11836 10160 10144 2848 2832 2816 2800 2784 2768 2752 1648 1072 624 640 320 128 64 128 344 360 376 392 408 424 744 760 776 792 808 488 472 456 440 240 232 1192 1176 1144 1112 1128 1160 2864 2880 2896 2912 2944 2960 2976 2992 3008 4416 6096 7376 8760 7344 6064 6064 6032 4864 2928 1224 1208 752 464 792 1240 1256 1272 1288 1304 872 1320 1616 1104 720 384 356 288 552 872 856 536 520 504 824 840 1280 1840 2528 3344 4288 5384 5368 6584 6600 6616 5400 5416 6632 6648 5432 5448 6664 6680 5464 5480 6696 9512 11096 11080 11064 11048 11032 11016 11000 14584 14600 14616 14632 16616 16600 16584 16568 16552 16536 16520 17544 15496 14536 14552 14568 12688 10936 9352 10968 10984 6568 5352 5336 6552 6536 5320 5304 5288 5272 4184 3240 2424 1736 1176 728 712 696 680 664 1648 2352 3184 4144 5232 6448 8156 9304 10896 15448 
21944 21984 16972 13512 13480 11260 9216 7744 7760 6400 5184 4096 3136 2304 3152 2352 1072 624 304 112 48 64 576 1024 256 0 64 256 592 1328 1312 1296 2508 3624 5800 5784 7056 7072 7088 7104 7120 7136 7152 10096 10080 10064 10048 10032 10016 10000 11664 11680 11696 11712 11728 11744 11760 11776 10112 7168 7184 8604 10140 11808 11824 13616 15520 15496 17544 17568 17584 17600 17616 17632 17648 15600 17664 17680 13704 11920 11904 11888 11872 11856 11840 10172 10192 10212 10236 9468 9484 9500 11952 13744 15664 15680 13760 11968 9532 7376 7360 7344 7328 7312 6032 4880 4864 7296 8700 7280 7264 8676 8656 7248 7232 8636 7216 7200 1440 1424 1408 1392 1376 1360 1344 624 304 112 128 64 128 320 640 1112 1128 1144 1160 1176 1192 1768 1784 1800 1816 1832 1256 1240 1224 1208 752 232 424 408 376 344 360 392 1456 1472 1488 1504 1536 1552 1568 1584 1600 2624 3920 4944 6072 4912 3888 3888 3856 2944 1520 456 440 240 208 280 472 488 504 520 536 360 552 720 464 336 384 804 544 1320 1896 1880 1304 1288 1272 1848 1864 2560 3376 4320 5392 6592 7944 7928 9400 9416 9432 7960 7976 9448 9464 7992 8008 9480 9496 8024 8040 9512 12840 14680 14664 14648 14632 14616 14600 14584 18680 18696 18712 18728 20968 20952 20936 20920 20904 20888 20872 22024 19720 18632 18648 18664 16528 14520 12680 14552 14568 9384 7912 7896 9368 9352 7880 7864 7848 7832 6488 5288 4216 3272 2456 1752 1736 1720 1704 1688 3184 4144 5232 6448 7792 9264 11292 12632 14480 19672 
24376 24416 19116 15432 15400 13020 10816 9216 9232 7744 6400 5184 4096 3136 4112 3184 1648 1072 624 304 112 256 1024 1600 576 64 0 64 272 816 800 784 1772 2728 4648 4632 5776 5792 5808 5824 5840 5856 5872 8560 8544 8528 8512 8496 8480 8464 10000 10016 10032 10048 10064 10080 10096 10112 8576 5888 5904 7196 8604 10144 10160 11824 13600 13576 15496 15520 15536 15552 15568 15584 15600 13680 15616 15632 11912 10256 10240 10224 10208 10192 10176 8636 8656 8676 8700 7996 8012 8028 10288 11952 13744 13760 11968 10304 8060 6096 6080 6064 6048 6032 4880 3856 3840 6016 7292 6000 5984 7268 7248 5968 5952 7228 5936 5920 928 912 896 880 864 848 832 304 112 48 64 128 320 640 1088 1688 1704 1720 1736 1752 1768 2472 2488 2504 2520 2536 1832 1816 1800 1784 1200 424 232 216 184 152 168 200 944 960 976 992 1024 1040 1056 1072 1088 1920 3024 3920 4920 3888 2992 2992 2960 2176 1008 264 248 176 272 216 280 296 312 328 344 296 360 464 336 336 576 1220 864 1896 2600 2584 1880 1864 1848 2552 2568 3392 4336 5408 6608 7936 9416 9400 11000 11016 11032 9432 9448 11048 11064 9464 9480 11080 11096 9496 9512 11112 14696 16664 16648 16632 16616 16600 16584 16568 20920 20936 20952 20968 23336 23320 23304 23288 23272 23256 23240 24456 22024 20872 20888 20904 18640 16504 14536 16536 16552 10984 9384 9368 10968 10952 9352 9336 9320 9304 7832 6504 5304 4232 3288 2456 2440 2424 2408 2392 4144 5232 6448 7792 9264 10864 13052 14488 16464 21976 
26936 26976 21388 17480 17448 14908 12544 10816 10832 9216 7744 6400 5184 4096 5200 4144 2352 1648 1072 624 304 576 1600 2304 1024 256 64 0 80 432 416 400 1164 1960 3624 3608 4624 4640 4656 4672 4688 4704 4720 7152 7136 7120 7104 7088 7072 7056 8464 8480 8496 8512 8528 8544 8560 8576 7168 4736 4752 5916 7196 8608 8624 10160 11808 11784 13576 13600 13616 13632 13648 13664 13680 11888 13696 13712 10248 8720 8704 8688 8672 8656 8640 7228 7248 7268 7292 6652 6668 6684 8752 10288 11952 11968 10304 8768 6716 4944 4928 4912 4896 4880 3856 2960 2944 4864 6012 4848 4832 5988 5968 4816 4800 5948 4784 4768 544 528 512 496 480 464 448 112 48 112 128 320 640 1088 1664 2392 2408 2424 2440 2456 2472 3304 3320 3336 3352 3368 2536 2520 2504 2488 1776 744 168 152 120 88 104 136 560 576 592 608 640 656 672 688 704 1344 2256 3024 3896 2992 2224 2224 2192 1536 624 200 184 240 464 280 216 232 248 264 280 360 296 336 336 464 896 1764 1312 2600 3432 3416 2584 2568 2552 3384 3400 4352 5424 6624 7952 9408 11016 11000 12728 12744 12760 11032 11048 12776 12792 11064 11080 12808 12824 11096 11112 12840 16680 18776 18760 18744 18728 18712 18696 18680 23288 23304 23320 23336 25832 25816 25800 25784 25768 25752 25736 27016 24456 23240 23256 23272 20880 18616 16520 18648 18664 12712 10984 10968 12696 12680 10952 10936 10920 10904 9304 7848 6520 5320 4248 3288 3272 3256 3240 3224 5232 6448 7792 9264 10864 12592 14940 16472 18576 24408 
29608 29648 23772 19640 19608 16908 14416 12560 12544 10832 9232 7760 6416 5200 6400 5216 3168 2336 1632 1056 608 1040 2320 3152 1616 592 272 80 0 160 144 160 684 1304 2712 2712 3616 3600 3616 3632 3648 3664 3680 5856 5840 5824 5808 5792 5776 5792 7072 7056 7072 7088 7104 7120 7136 7152 5872 3696 3712 4748 5900 7184 7200 8608 10128 10104 11768 11792 11808 11824 11840 11856 11872 10208 11888 11904 8696 7296 7280 7264 7248 7232 7216 5932 5952 5972 5996 5420 5436 5452 7328 8736 10272 10288 8752 7344 5484 3904 3888 3872 3856 3840 2944 2176 2160 3824 4844 3808 3792 4820 4800 3776 3760 4780 3744 3728 272 256 240 224 208 192 176 32 96 288 304 624 1072 1648 2352 3208 3224 3240 3256 3272 3288 4248 4264 4280 4296 4312 3352 3336 3320 3304 2464 1176 216 200 168 136 152 184 288 304 320 336 368 384 400 416 432 880 1600 2240 2984 2208 1568 1568 1536 1008 352 248 232 416 768 456 264 280 296 312 328 536 344 320 448 704 1328 2420 1872 3416 4376 4360 3400 3384 3368 4328 4344 5424 6624 7952 9408 10992 12728 12712 14568 14584 14600 12744 12760 14616 14632 12776 12792 14648 14664 12808 12824 14680 18776 21000 20984 20968 20952 20936 20920 20904 25768 25784 25800 25816 28440 28424 28408 28392 28376 28360 28344 29688 27000 25720 25736 25752 23232 20840 18616 20872 20888 14552 12696 12680 14536 14520 12664 12648 12632 12616 10888 9304 7848 6520 5320 4232 4216 4200 4184 4168 6432 7776 9248 10848 12576 14432 16940 18568 20800 26952 
33864 33904 27596 23128 23112 20172 17456 15408 15392 13488 11696 10032 8496 7088 8480 7072 4640 3616 2720 1952 1312 1968 3632 4656 2736 1328 816 432 160 0 16 32 220 584 1608 1624 2336 2320 2304 2320 2336 2352 2368 4160 4144 4128 4112 4096 4112 4128 5216 5200 5184 5200 5216 5232 5248 5264 4176 2384 2400 3244 4204 5296 5312 6528 7856 7832 9304 9328 9344 9360 9376 9392 9408 7936 9424 9440 6616 5408 5392 5376 5360 5344 5328 4236 4256 4276 4300 3820 3836 3852 5440 6656 8000 8016 6672 5456 3884 2592 2576 2560 2544 2528 1824 1248 1232 2512 3340 2496 2480 3316 3296 2464 2448 3276 2432 2416 112 96 80 64 48 32 16 160 416 800 816 1328 1968 2736 3632 4680 4696 4712 4728 4744 4760 5912 5928 5944 5960 5976 4824 4808 4792 4776 3744 2072 536 520 488 456 472 504 128 144 160 176 208 224 240 256 272 432 864 1312 1864 1280 832 832 800 464 192 568 552 928 1472 968 584 600 616 632 648 1048 664 544 864 1312 2224 3652 2960 4888 6040 6024 4872 4856 4840 5992 6008 7280 8672 10192 11840 13616 15544 15528 17576 17592 17608 15560 15576 17624 17640 15592 15608 17656 17672 15624 15640 17688 22168 24584 24568 24552 24536 24520 24504 24488 29736 29752 29768 29784 32600 32584 32568 32552 32536 32520 32504 33944 31064 29688 29704 29720 27008 24424 22008 24456 24472 17560 15512 15496 17544 17528 15480 15464 15448 15432 13512 11736 10088 8568 7176 5896 5880 5864 5848 5832 8480 10016 11680 13472 15392 17440 20188 21960 24384 31016 
33880 33920 27612 23144 23112 20172 17440 15392 15376 13472 11680 10016 8480 7072 8464 7088 4656 3632 2736 1968 1328 1952 3616 4640 2720 1312 800 416 144 16 0 16 204 584 1608 1608 2320 2304 2320 2336 2352 2368 2384 4176 4160 4144 4128 4112 4096 4112 5200 5184 5200 5216 5232 5248 5264 5280 4192 2400 2416 3260 4220 5312 5328 6544 7872 7848 9320 9344 9360 9376 9392 9408 9424 7952 9440 9456 6632 5424 5408 5392 5376 5360 5344 4252 4272 4292 4316 3836 3852 3868 5456 6672 8016 8032 6688 5472 3900 2608 2592 2576 2560 2544 1840 1264 1248 2528 3356 2512 2496 3332 3312 2480 2464 3292 2448 2432 128 112 96 80 64 48 32 176 432 816 832 1344 1984 2752 3648 4696 4712 4728 4744 4760 4776 5928 5944 5960 5976 5992 4840 4824 4808 4792 3760 2088 552 536 504 472 488 520 144 160 176 192 224 240 256 272 288 448 880 1328 1880 1296 848 848 816 480 208 584 568 944 1488 984 600 616 632 648 664 1064 680 560 880 1328 2240 3668 2976 4904 6056 6040 4888 4872 4856 6008 6024 7296 8688 10208 11856 13632 15560 15544 17592 17608 17624 15576 15592 17640 17656 15608 15624 17672 17688 15640 15656 17704 22184 24600 24584 24568 24552 24536 24520 24504 29752 29768 29784 29800 32616 32600 32584 32568 32552 32536 32520 33960 31080 29704 29720 29736 27024 24440 22024 24472 24488 17576 15528 15512 17560 17544 15496 15480 15464 15448 13528 11752 10104 8584 7192 5912 5896 5880 5864 5848 8496 10032 11696 13488 15408 17456 20204 21976 24400 31032 
33896 33936 27628 23160 23128 20188 17424 15376 15392 13456 11664 10000 8464 7056 8480 7104 4672 3648 2752 1984 1344 1936 3600 4624 2704 1296 784 400 160 32 16 0 204 600 1624 1608 2304 2320 2336 2352 2368 2384 2400 4192 4176 4160 4144 4128 4112 4096 5184 5200 5216 5232 5248 5264 5280 5296 4208 2416 2432 3276 4236 5328 5344 6560 7888 7864 9336 9360 9376 9392 9408 9424 9440 7968 9456 9472 6648 5440 5424 5408 5392 5376 5360 4268 4288 4308 4332 3852 3868 3884 5472 6688 8032 8048 6704 5488 3916 2624 2608 2592 2576 2560 1856 1280 1264 2544 3372 2528 2512 3348 3328 2496 2480 3308 2464 2448 144 128 112 96 80 64 48 192 448 832 848 1360 2000 2768 3664 4712 4728 4744 4760 4776 4792 5944 5960 5976 5992 6008 4856 4840 4824 4808 3776 2104 568 552 520 488 504 536 160 176 192 208 240 256 272 288 304 464 896 1344 1896 1312 864 864 832 496 224 600 584 960 1504 1000 616 632 648 664 680 1080 696 576 896 1344 2256 3684 2992 4920 6072 6056 4904 4888 4872 6024 6040 7312 8704 10224 11872 13648 15576 15560 17608 17624 17640 15592 15608 17656 17672 15624 15640 17688 17704 15656 15672 17720 22200 24616 24600 24584 24568 24552 24536 24520 29768 29784 29800 29816 32632 32616 32600 32584 32568 32552 32536 33976 31096 29720 29736 29752 27040 24456 22040 24488 24504 17592 15544 15528 17576 17560 15512 15496 15480 15464 13544 11768 10120 8600 7208 5928 5912 5896 5880 5864 8512 10048 11712 13504 15424 17472 20220 21992 24416 31048 
39236 39276 32464 27604 27572 24352 21324 19052 19052 16908 14892 13004 11244 9612 11244 9644 6764 5516 4396 3404 2540 3372 5484 6732 4364 2508 1772 1164 684 220 204 204 0 116 692 676 1164 1164 1180 1196 1212 1228 1244 2588 2572 2556 2540 2524 2508 2508 3372 3372 3388 3404 3420 3436 3452 3468 2604 1260 1276 1896 2632 3500 3516 4508 5612 5588 6836 6860 6876 6892 6908 6924 6940 5692 6956 6972 4596 3612 3596 3580 3564 3548 3532 2664 2684 2704 2728 2360 2376 2392 3644 4636 5756 5772 4652 3660 2424 1468 1452 1436 1420 1404 924 572 556 1388 1992 1372 1356 1968 1948 1340 1324 1928 1308 1292 332 316 300 284 268 252 236 716 1196 1804 1820 2556 3420 4412 5532 6804 6820 6836 6852 6868 6884 8260 8276 8292 8308 8324 6948 6932 6916 6900 5644 3524 1316 1300 1268 1236 1252 1284 348 364 380 396 428 444 460 476 492 316 412 636 964 604 380 380 348 236 412 1348 1332 1932 2700 1972 1364 1380 1396 1412 1428 2052 1444 1212 1756 2428 3676 5496 4636 7012 8388 8372 6996 6980 6964 8340 8356 9852 11468 13212 15084 17084 19236 19220 21492 21508 21524 19252 19268 21540 21556 19284 19300 21572 21588 19316 19332 21604 26532 29172 29156 29140 29124 29108 29092 29076 34772 34788 34804 34820 37860 37844 37828 37812 37796 37780 37764 39316 36212 34724 34740 34756 31820 29012 26372 29044 29060 21476 19204 19188 21460 21444 19172 19156 19140 19124 16980 14980 13108 11364 9748 8244 8228 8212 8196 8180 11276 13036 14924 16940 19084 21356 24384 26324 28972 36164 
43280 43320 36148 31008 30976 27556 24360 21928 21912 19624 17448 15400 13480 11688 13464 11688 8488 7080 5800 4648 3624 4648 7080 8488 5800 3624 2728 1960 1304 584 584 600 116 0 256 272 600 584 584 600 616 632 648 1672 1656 1640 1624 1608 1608 1624 2328 2312 2312 2328 2344 2360 2376 2392 1688 664 680 1140 1716 2424 2440 3272 4216 4192 5280 5304 5320 5336 5352 5368 5384 4296 5400 5416 3360 2536 2520 2504 2488 2472 2456 1748 1768 1788 1812 1524 1540 1556 2568 3400 4360 4376 3416 2584 1588 872 856 840 824 808 488 296 280 792 1236 776 760 1212 1192 744 728 1172 712 696 696 680 664 648 632 616 600 1320 1960 2728 2744 3640 4664 5816 7096 8528 8544 8560 8576 8592 8608 10144 10160 10176 10192 10208 8672 8656 8640 8624 7208 4768 2080 2064 2032 2000 2016 2048 712 728 744 760 792 808 824 840 856 440 296 360 528 328 264 264 232 280 776 2112 2096 2856 3784 2896 2128 2144 2160 2176 2192 2976 2208 1896 2600 3432 4920 7020 6040 8736 10272 10256 8720 8704 8688 10224 10240 11896 13672 15576 17608 19768 22080 22064 24496 24512 24528 22096 22112 24544 24560 22128 22144 24576 24592 22160 22176 24608 29856 32656 32640 32624 32608 32592 32576 32560 38576 38592 38608 38624 41824 41808 41792 41776 41760 41744 41728 43360 40096 38528 38544 38560 35464 32496 29696 32528 32544 24480 22048 22032 24464 24448 22016 22000 21984 21968 19664 17504 15472 13568 11792 10128 10112 10096 10080 10064 13480 15400 17448 19624 21928 24360 27588 29648 32456 40048 
50192 50232 42484 36896 36864 33124 29608 26920 26904 24360 21928 19624 17448 15400 17432 15400 11688 10024 8488 7080 5800 7080 10024 11688 8488 5800 4648 3624 2712 1608 1608 1624 692 256 0 16 88 72 72 88 104 120 136 648 632 616 600 584 584 600 1048 1032 1032 1048 1064 1080 1096 1112 664 152 168 372 692 1144 1160 1736 2424 2400 3232 3256 3272 3288 3304 3320 3336 2504 3352 3368 1824 1256 1240 1224 1208 1192 1176 724 744 764 788 628 644 660 1288 1864 2568 2584 1880 1304 692 360 344 328 312 296 232 296 280 280 468 264 248 444 424 232 216 404 200 184 1720 1704 1688 1672 1656 1640 1624 2728 3624 4648 4664 5816 7096 8504 10040 11728 11744 11760 11776 11792 11808 13600 13616 13632 13648 13664 11872 11856 11840 11824 10152 7200 3744 3728 3696 3664 3680 3712 1736 1752 1768 1784 1816 1832 1848 1864 1880 1080 552 360 272 328 520 520 488 792 1800 3776 3760 4776 5960 4816 3792 3808 3824 3840 3856 4896 3872 3432 4392 5480 7352 9900 8728 11936 13728 13712 11920 11904 11888 13680 13696 15608 17640 19800 22088 24504 27072 27056 29744 29760 29776 27088 27104 29792 29808 27120 27136 29824 29840 27152 27168 29856 35616 38672 38656 38640 38624 38608 38592 38576 45104 45120 45136 45152 48608 48592 48576 48560 48544 48528 48512 50272 46752 45056 45072 45088 41736 38512 35456 38544 38560 29728 27040 27024 29712 29696 27008 26992 26976 26960 24400 21984 19696 17536 15504 13584 13568 13552 13536 13520 17448 19624 21928 24360 26920 29608 33156 35408 38472 46704 
50208 50248 42500 36912 36880 33140 29592 26904 26904 24344 21912 19608 17432 15384 17432 15416 11704 10040 8504 7096 5816 7064 10008 11672 8472 5784 4632 3608 2712 1624 1608 1608 676 272 16 0 72 72 88 104 120 136 152 664 648 632 616 600 584 584 1032 1032 1048 1064 1080 1096 1112 1128 680 168 184 388 708 1160 1176 1752 2440 2416 3248 3272 3288 3304 3320 3336 3352 2520 3368 3384 1840 1272 1256 1240 1224 1208 1192 740 760 780 804 644 660 676 1304 1880 2584 2600 1896 1320 708 376 360 344 328 312 248 312 296 296 484 280 264 460 440 248 232 420 216 200 1736 1720 1704 1688 1672 1656 1640 2744 3640 4664 4680 5832 7112 8520 10056 11744 11760 11776 11792 11808 11824 13616 13632 13648 13664 13680 11888 11872 11856 11840 10168 7216 3760 3744 3712 3680 3696 3728 1752 1768 1784 1800 1832 1848 1864 1880 1896 1096 568 376 288 344 536 536 504 808 1816 3792 3776 4792 5976 4832 3808 3824 3840 3856 3872 4912 3888 3448 4408 5496 7368 9916 8744 11952 13744 13728 11936 11920 11904 13696 13712 15624 17656 19816 22104 24520 27088 27072 29760 29776 29792 27104 27120 29808 29824 27136 27152 29840 29856 27168 27184 29872 35632 38688 38672 38656 38640 38624 38608 38592 45120 45136 45152 45168 48624 48608 48592 48576 48560 48544 48528 50288 46768 45072 45088 45104 41752 38528 35472 38560 38576 29744 27056 27040 29728 29712 27024 27008 26992 26976 24416 22000 19712 17552 15520 13600 13584 13568 13552 13536 17464 19640 21944 24376 26936 29624 33172 35424 38488 46720 
53864 53904 45868 40056 40024 36124 32400 29584 29600 26896 24336 21904 19600 17424 19616 17472 13504 11712 10048 8512 7104 8464 11664 13456 10000 7056 5776 4624 3616 2336 2320 2304 1164 600 88 72 0 16 32 48 64 80 96 352 336 320 304 288 272 256 576 592 608 624 640 656 672 688 368 112 128 204 396 720 736 1184 1744 1720 2424 2448 2464 2480 2496 2512 2528 1824 2544 2560 1272 832 816 800 784 768 752 428 448 468 492 396 412 428 864 1312 1888 1904 1328 880 460 320 304 288 272 256 320 512 496 240 300 224 208 276 256 192 176 236 160 144 2448 2432 2416 2400 2384 2368 2352 3648 4672 5824 5840 7120 8528 10064 11728 13544 13560 13576 13592 13608 13624 15544 15560 15576 15592 15608 13688 13672 13656 13640 11840 8632 4792 4776 4744 4712 4728 4760 2464 2480 2496 2512 2544 2560 2576 2592 2608 1616 896 576 360 544 864 864 832 1264 2528 4824 4808 5952 7264 5992 4840 4856 4872 4888 4904 6072 4920 4416 5504 6720 8784 11556 10288 13752 15672 15656 13736 13720 13704 15624 15640 17680 19840 22128 24544 27088 29784 29768 32584 32600 32616 29800 29816 32632 32648 29832 29848 32664 32680 29864 29880 32696 38712 41896 41880 41864 41848 41832 41816 41800 48584 48600 48616 48632 52216 52200 52184 52168 52152 52136 52120 53944 50296 48536 48552 48568 45088 41736 38552 41768 41784 32568 29752 29736 32552 32536 29720 29704 29688 29672 26984 24440 22024 19736 17576 15528 15512 15496 15480 15464 19648 21952 24384 26944 29632 32448 36156 38504 41696 50248 
53848 53888 45852 40040 40008 36108 32416 29600 29584 26912 24352 21920 19616 17440 19600 17456 13488 11696 10032 8496 7088 8480 11680 13472 10016 7072 5792 4640 3600 2320 2304 2320 1164 584 72 72 16 0 16 32 48 64 80 336 320 304 288 272 256 272 592 576 592 608 624 640 656 672 352 96 112 188 380 704 720 1168 1728 1704 2408 2432 2448 2464 2480 2496 2512 1808 2528 2544 1256 816 800 784 768 752 736 412 432 452 476 380 396 412 848 1296 1872 1888 1312 864 444 304 288 272 256 240 304 496 480 224 284 208 192 260 240 176 160 220 144 128 2432 2416 2400 2384 2368 2352 2336 3632 4656 5808 5824 7104 8512 10048 11712 13528 13544 13560 13576 13592 13608 15528 15544 15560 15576 15592 13672 13656 13640 13624 11824 8616 4776 4760 4728 4696 4712 4744 2448 2464 2480 2496 2528 2544 2560 2576 2592 1600 880 560 344 528 848 848 816 1248 2512 4808 4792 5936 7248 5976 4824 4840 4856 4872 4888 6056 4904 4400 5488 6704 8768 11540 10272 13736 15656 15640 13720 13704 13688 15608 15624 17664 19824 22112 24528 27072 29768 29752 32568 32584 32600 29784 29800 32616 32632 29816 29832 32648 32664 29848 29864 32680 38696 41880 41864 41848 41832 41816 41800 41784 48568 48584 48600 48616 52200 52184 52168 52152 52136 52120 52104 53928 50280 48520 48536 48552 45072 41720 38536 41752 41768 32552 29736 29720 32536 32520 29704 29688 29672 29656 26968 24424 22008 19720 17560 15512 15496 15480 15464 15448 19632 21936 24368 26928 29616 32432 36140 38488 41680 50232 
53832 53872 45836 40024 40008 36108 32432 29616 29600 26928 24368 21936 19632 17456 19616 17440 13472 11680 10016 8480 7072 8496 11696 13488 10032 7088 5808 4656 3616 2304 2320 2336 1180 584 72 88 32 16 0 16 32 48 64 320 304 288 272 256 272 288 608 592 576 592 608 624 640 656 336 80 96 172 364 688 704 1152 1712 1688 2392 2416 2432 2448 2464 2480 2496 1792 2512 2528 1240 800 784 768 752 736 720 396 416 436 460 364 380 396 832 1280 1856 1872 1296 848 428 288 272 256 240 224 288 480 464 208 268 192 176 244 224 160 144 204 128 112 2416 2400 2384 2368 2352 2336 2320 3616 4640 5792 5808 7088 8496 10032 11696 13512 13528 13544 13560 13576 13592 15512 15528 15544 15560 15576 13656 13640 13624 13608 11808 8600 4760 4744 4712 4680 4696 4728 2432 2448 2464 2480 2512 2528 2544 2560 2576 1584 864 544 328 512 832 832 800 1232 2496 4792 4776 5920 7232 5960 4808 4824 4840 4856 4872 6040 4888 4384 5472 6688 8752 11524 10256 13720 15640 15624 13704 13688 13672 15592 15608 17648 19808 22096 24512 27056 29752 29736 32552 32568 32584 29768 29784 32600 32616 29800 29816 32632 32648 29832 29848 32664 38680 41864 41848 41832 41816 41800 41784 41768 48552 48568 48584 48600 52184 52168 52152 52136 52120 52104 52088 53912 50264 48504 48520 48536 45056 41704 38520 41736 41752 32536 29720 29704 32520 32504 29688 29672 29656 29640 26952 24408 21992 19704 17544 15496 15480 15464 15448 15432 19616 21920 24352 26912 29600 32416 36124 38472 41664 50216 
53832 53856 45820 40008 40024 36124 32448 29632 29616 26944 24384 21952 19648 17472 19632 17424 13456 11664 10000 8464 7056 8512 11712 13504 10048 7104 5824 4672 3632 2320 2336 2352 1196 600 88 104 48 32 16 0 16 32 48 304 288 272 256 272 288 304 624 608 592 576 592 608 624 640 320 64 80 156 348 672 688 1136 1696 1672 2376 2400 2416 2432 2448 2464 2480 1776 2496 2512 1224 784 768 752 736 720 704 380 400 420 444 348 364 380 816 1264 1840 1856 1280 832 412 272 256 240 224 208 272 464 448 192 252 176 160 228 208 144 128 188 112 96 2400 2384 2368 2352 2336 2320 2304 3600 4624 5776 5792 7072 8480 10016 11680 13496 13512 13528 13544 13560 13576 15496 15512 15528 15544 15560 13640 13624 13608 13592 11792 8584 4744 4728 4696 4664 4680 4712 2416 2432 2448 2464 2496 2512 2528 2544 2560 1568 848 528 312 496 816 816 784 1216 2480 4776 4760 5904 7216 5944 4792 4808 4824 4840 4856 6024 4872 4368 5456 6672 8736 11508 10240 13704 15624 15608 13688 13672 13656 15576 15592 17632 19792 22080 24496 27040 29736 29720 32536 32552 32568 29752 29768 32584 32600 29784 29800 32616 32632 29816 29832 32648 38664 41848 41832 41816 41800 41784 41768 41752 48536 48552 48568 48584 52168 52152 52136 52120 52104 52088 52072 53896 50248 48488 48504 48520 45040 41688 38504 41720 41736 32520 29704 29688 32504 32488 29672 29656 29640 29624 26936 24392 21976 19688 17528 15480 15464 15448 15432 15416 19600 21904 24336 26896 29584 32400 36108 38456 41648 50200 
53848 53840 45804 40008 40040 36140 32464 29648 29632 26960 24400 21968 19664 17488 19648 17440 13472 11680 10016 8480 7072 8528 11728 13520 10064 7120 5840 4688 3648 2336 2352 2368 1212 616 104 120 64 48 32 16 0 16 32 288 272 256 272 288 304 320 640 624 608 592 576 592 608 624 304 48 64 140 332 656 672 1120 1680 1656 2360 2384 2400 2416 2432 2448 2464 1760 2480 2496 1208 768 752 736 720 704 688 364 384 404 428 332 348 364 800 1248 1824 1840 1264 816 396 256 240 224 208 192 256 448 432 176 236 160 144 212 192 128 112 172 96 80 2384 2368 2352 2336 2320 2304 2320 3616 4640 5792 5776 7056 8464 10000 11664 13480 13496 13512 13528 13544 13560 15480 15496 15512 15528 15544 13624 13608 13592 13576 11776 8568 4728 4712 4680 4648 4664 4696 2400 2416 2432 2448 2480 2496 2512 2528 2544 1552 832 512 296 480 800 800 768 1200 2464 4760 4744 5888 7200 5928 4776 4792 4808 4824 4840 6008 4856 4352 5440 6656 8720 11492 10224 13688 15608 15592 13672 13656 13640 15560 15576 17616 19776 22064 24480 27024 29720 29704 32520 32536 32552 29736 29752 32568 32584 29768 29784 32600 32616 29800 29816 32632 38648 41832 41816 41800 41784 41768 41752 41736 48520 48536 48552 48568 52152 52136 52120 52104 52088 52072 52056 53880 50232 48472 48488 48504 45024 41672 38488 41704 41720 32504 29688 29672 32488 32472 29656 29640 29624 29608 26920 24376 21960 19672 17512 15464 15448 15432 15416 15400 19616 21920 24352 26912 29600 32416 36108 38440 41632 50184 
53864 53824 45804 40024 40056 36156 32480 29664 29648 26976 24416 21984 19680 17504 19664 17456 13488 11696 10032 8496 7088 8544 11744 13536 10080 7136 5856 4704 3664 2352 2368 2384 1228 632 120 136 80 64 48 32 16 0 16 272 256 272 288 304 320 336 656 640 624 608 592 576 592 608 288 32 48 124 316 640 656 1104 1664 1640 2344 2368 2384 2400 2416 2432 2448 1744 2464 2480 1192 752 736 720 704 688 672 348 368 388 412 316 332 348 784 1232 1808 1824 1248 800 380 240 224 208 192 176 240 432 416 160 220 144 128 196 176 112 96 156 80 64 2368 2352 2336 2320 2304 2320 2336 3632 4656 5808 5792 7072 8480 10016 11680 13464 13480 13496 13512 13528 13544 15464 15480 15496 15512 15528 13608 13592 13576 13560 11760 8552 4712 4696 4664 4632 4648 4680 2384 2400 2416 2432 2464 2480 2496 2512 2528 1536 816 496 280 464 784 784 752 1184 2448 4744 4728 5872 7184 5912 4760 4776 4792 4808 4824 5992 4840 4336 5424 6640 8704 11476 10208 13672 15592 15576 13656 13640 13624 15544 15560 17600 19760 22048 24464 27008 29704 29688 32504 32520 32536 29720 29736 32552 32568 29752 29768 32584 32600 29784 29800 32616 38632 41816 41800 41784 41768 41752 41736 41720 48504 48520 48536 48552 52136 52120 52104 52088 52072 52056 52040 53864 50216 48456 48472 48488 45008 41656 38472 41688 41704 32488 29672 29656 32472 32456 29640 29624 29608 29592 26904 24360 21944 19656 17496 15448 15432 15416 15400 15384 19632 21936 24368 26928 29616 32432 36124 38424 41616 50184 
53880 53840 45820 40040 40072 36172 32496 29680 29664 26992 24432 22000 19696 17520 19680 17472 13504 11712 10048 8512 7104 8560 11760 13552 10096 7152 5872 4720 3680 2368 2384 2400 1244 648 136 152 96 80 64 48 32 16 0 256 272 288 304 320 336 352 672 656 640 624 608 592 576 592 272 16 32 108 300 624 640 1088 1648 1624 2328 2352 2368 2384 2400 2416 2432 1728 2448 2464 1176 736 720 704 688 672 656 332 352 372 396 300 316 332 768 1216 1792 1808 1232 784 364 224 208 192 176 160 224 416 400 144 204 128 112 180 160 96 80 140 64 48 2352 2336 2320 2304 2320 2336 2352 3648 4672 5824 5808 7088 8496 10032 11696 13464 13464 13480 13496 13512 13528 15448 15464 15480 15496 15512 13592 13576 13560 13544 11744 8536 4696 4680 4648 4632 4632 4664 2368 2384 2400 2416 2448 2464 2480 2496 2512 1520 800 480 264 448 768 768 736 1168 2432 4728 4712 5856 7168 5896 4744 4760 4776 4792 4808 5976 4824 4320 5408 6624 8688 11460 10192 13656 15576 15560 13640 13624 13608 15528 15544 17584 19744 22032 24448 26992 29688 29672 32488 32504 32520 29704 29720 32536 32552 29736 29752 32568 32584 29768 29784 32600 38616 41800 41784 41768 41752 41736 41720 41704 48488 48504 48520 48536 52120 52104 52088 52072 52056 52040 52024 53848 50200 48440 48456 48472 44992 41640 38456 41672 41688 32472 29656 29640 32456 32440 29624 29608 29592 29592 26904 24344 21928 19640 17480 15432 15416 15400 15384 15384 19648 21952 24384 26944 29632 32448 36140 38424 41632 50200 
61560 61520 52924 46696 46728 42508 38512 35440 35424 32496 29680 26992 24432 22000 24416 21952 17472 15424 13504 11712 10048 11760 15472 17520 13552 10096 8560 7152 5856 4160 4176 4192 2588 1672 648 664 352 336 320 304 288 272 256 0 16 32 48 64 80 96 160 144 128 112 96 80 64 80 16 272 288 108 44 112 128 320 624 600 1048 1072 1088 1104 1120 1136 1152 704 1168 1184 408 224 208 192 176 160 144 76 96 116 140 172 188 204 256 448 768 784 464 272 236 480 464 448 432 416 736 1184 1168 400 204 384 368 180 160 352 336 140 320 304 4144 4128 4112 4096 4112 4128 4144 5824 7104 8512 8496 10032 11696 13488 15408 17432 17432 17448 17464 17480 17496 19672 19688 19704 19720 19736 17560 17544 17528 17512 15456 11736 7128 7112 7080 7064 7064 7096 4160 4176 4192 4208 4240 4256 4272 4288 4304 2928 1824 1248 776 1216 1792 1792 1760 2448 4224 7160 7144 8544 10112 8584 7176 7192 7208 7224 7240 8664 7256 6624 7968 9440 11888 15108 13648 17624 19800 19784 17608 17592 17576 19752 19768 22064 24480 27024 29696 32496 35448 35432 38504 38520 38536 35464 35480 38552 38568 35496 35512 38584 38600 35528 35544 38616 45144 48584 48568 48552 48536 48520 48504 48488 55784 55800 55816 55832 59672 59656 59640 59624 59608 59592 59576 61528 57624 55736 55752 55768 52032 48424 44984 48456 48472 38488 35416 35400 38472 38456 35384 35368 35352 35352 32408 29592 26920 24376 21960 19656 19640 19624 19608 19608 24384 26944 29632 32448 35392 38464 42476 44952 48416 57624 
61544 61504 52908 46680 46712 42492 38496 35424 35408 32480 29664 26976 24416 21984 24400 21936 17456 15408 13488 11696 10032 11744 15456 17504 13536 10080 8544 7136 5840 4144 4160 4176 2572 1656 632 648 336 320 304 288 272 256 272 16 0 16 32 48 64 80 144 128 112 96 80 64 80 96 32 288 304 124 60 128 144 336 640 616 1064 1088 1104 1120 1136 1152 1168 720 1184 1200 424 240 224 208 192 176 160 92 112 132 156 188 204 220 272 464 784 800 480 288 252 496 480 464 448 432 752 1200 1184 416 220 400 384 196 176 368 352 156 336 320 4160 4144 4128 4112 4096 4112 4128 5808 7088 8496 8480 10016 11680 13472 15392 17432 17448 17464 17480 17496 17512 19688 19704 19720 19736 19752 17576 17560 17544 17528 15472 11752 7144 7128 7096 7064 7080 7112 4176 4192 4208 4224 4256 4272 4288 4304 4320 2944 1840 1264 792 1232 1808 1808 1776 2464 4240 7176 7160 8560 10128 8600 7192 7208 7224 7240 7256 8680 7272 6640 7984 9456 11904 15124 13664 17640 19816 19800 17624 17608 17592 19768 19784 22080 24496 27040 29712 32512 35464 35448 38520 38536 38552 35480 35496 38568 38584 35512 35528 38600 38616 35544 35560 38632 45160 48600 48584 48568 48552 48536 48520 48504 55800 55816 55832 55848 59688 59672 59656 59640 59624 59608 59592 61544 57640 55752 55768 55784 52048 48440 45000 48472 48488 38504 35432 35416 38488 38472 35400 35384 35368 35352 32408 29608 26936 24392 21976 19672 19656 19640 19624 19608 24368 26928 29616 32432 35376 38448 42460 44952 48400 57608 
61528 61520 52908 46664 46696 42476 38480 35408 35392 32464 29648 26960 24400 21968 24384 21920 17440 15392 13472 11680 10016 11728 15440 17488 13520 10064 8528 7120 5824 4128 4144 4160 2556 1640 616 632 320 304 288 272 256 272 288 32 16 0 16 32 48 64 128 112 96 80 64 80 96 112 48 304 320 140 76 144 160 352 656 632 1080 1104 1120 1136 1152 1168 1184 736 1200 1216 440 256 240 224 208 192 176 108 128 148 172 204 220 236 288 480 800 816 496 304 268 512 496 480 464 448 768 1216 1200 432 236 416 400 212 192 384 368 172 352 336 4176 4160 4144 4128 4112 4096 4112 5792 7072 8480 8464 10000 11664 13456 15376 17448 17464 17480 17496 17512 17528 19704 19720 19736 19752 19768 17592 17576 17560 17544 15488 11768 7160 7144 7112 7080 7096 7128 4192 4208 4224 4240 4272 4288 4304 4320 4336 2960 1856 1280 808 1248 1824 1824 1792 2480 4256 7192 7176 8576 10144 8616 7208 7224 7240 7256 7272 8696 7288 6656 8000 9472 11920 15140 13680 17656 19832 19816 17640 17624 17608 19784 19800 22096 24512 27056 29728 32528 35480 35464 38536 38552 38568 35496 35512 38584 38600 35528 35544 38616 38632 35560 35576 38648 45176 48616 48600 48584 48568 48552 48536 48520 55816 55832 55848 55864 59704 59688 59672 59656 59640 59624 59608 61560 57656 55768 55784 55800 52064 48456 45016 48488 48504 38520 35448 35432 38504 38488 35416 35400 35384 35368 32424 29624 26952 24408 21992 19688 19672 19656 19640 19624 24352 26912 29600 32416 35360 38432 42444 44968 48416 57608 
61512 61536 52924 46664 46680 42460 38464 35392 35376 32448 29632 26944 24384 21952 24368 21904 17424 15376 13456 11664 10000 11712 15424 17472 13504 10048 8512 7104 5808 4112 4128 4144 2540 1624 600 616 304 288 272 256 272 288 304 48 32 16 0 16 32 48 112 96 80 64 80 96 112 128 64 320 336 156 92 160 176 368 672 648 1096 1120 1136 1152 1168 1184 1200 752 1216 1232 456 272 256 240 224 208 192 124 144 164 188 220 236 252 304 496 816 832 512 320 284 528 512 496 480 464 784 1232 1216 448 252 432 416 228 208 400 384 188 368 352 4192 4176 4160 4144 4128 4112 4096 5776 7056 8464 8480 10016 11680 13472 15392 17464 17480 17496 17512 17528 17544 19720 19736 19752 19768 19784 17608 17592 17576 17560 15504 11784 7176 7160 7128 7096 7112 7144 4208 4224 4240 4256 4288 4304 4320 4336 4352 2976 1872 1296 824 1264 1840 1840 1808 2496 4272 7208 7192 8592 10160 8632 7224 7240 7256 7272 7288 8712 7304 6672 8016 9488 11936 15156 13696 17672 19848 19832 17656 17640 17624 19800 19816 22112 24528 27072 29744 32544 35496 35480 38552 38568 38584 35512 35528 38600 38616 35544 35560 38632 38648 35576 35592 38664 45192 48632 48616 48600 48584 48568 48552 48536 55832 55848 55864 55880 59720 59704 59688 59672 59656 59640 59624 61576 57672 55784 55800 55816 52080 48472 45032 48504 48520 38536 35464 35448 38520 38504 35432 35416 35400 35384 32440 29640 26968 24424 22008 19704 19688 19672 19656 19640 24336 26896 29584 32400 35344 38416 42444 44984 48432 57624 
61512 61552 52940 46680 46664 42444 38448 35376 35360 32432 29616 26928 24368 21936 24352 21920 17440 15392 13472 11680 10016 11696 15408 17456 13488 10032 8496 7088 5792 4096 4112 4128 2524 1608 584 600 288 272 256 272 288 304 320 64 48 32 16 0 16 32 96 80 64 80 96 112 128 144 80 336 352 172 108 176 192 384 688 664 1112 1136 1152 1168 1184 1200 1216 768 1232 1248 472 288 272 256 240 224 208 140 160 180 204 236 252 268 320 512 832 848 528 336 300 544 528 512 496 480 800 1248 1232 464 268 448 432 244 224 416 400 204 384 368 4208 4192 4176 4160 4144 4128 4112 5792 7072 8480 8496 10032 11696 13488 15408 17480 17496 17512 17528 17544 17560 19736 19752 19768 19784 19800 17624 17608 17592 17576 15520 11800 7192 7176 7144 7112 7128 7160 4224 4240 4256 4272 4304 4320 4336 4352 4368 2992 1888 1312 840 1280 1856 1856 1824 2512 4288 7224 7208 8608 10176 8648 7240 7256 7272 7288 7304 8728 7320 6688 8032 9504 11952 15172 13712 17688 19864 19848 17672 17656 17640 19816 19832 22128 24544 27088 29760 32560 35512 35496 38568 38584 38600 35528 35544 38616 38632 35560 35576 38648 38664 35592 35608 38680 45208 48648 48632 48616 48600 48584 48568 48552 55848 55864 55880 55896 59736 59720 59704 59688 59672 59656 59640 61592 57688 55800 55816 55832 52096 48488 45048 48520 48536 38552 35480 35464 38536 38520 35448 35432 35416 35400 32456 29656 26984 24440 22024 19720 19704 19688 19672 19656 24352 26912 29600 32416 35360 38432 42460 45000 48448 57640 
61528 61568 52956 46696 46664 42444 38432 35360 35344 32416 29600 26912 24352 21920 24336 21936 17456 15408 13488 11696 10032 11680 15392 17440 13472 10016 8480 7072 5776 4112 4096 4112 2508 1608 584 584 272 256 272 288 304 320 336 80 64 48 32 16 0 16 80 64 80 96 112 128 144 160 96 352 368 188 124 192 208 400 704 680 1128 1152 1168 1184 1200 1216 1232 784 1248 1264 488 304 288 272 256 240 224 156 176 196 220 252 268 284 336 528 848 864 544 352 316 560 544 528 512 496 816 1264 1248 480 284 464 448 260 240 432 416 220 400 384 4224 4208 4192 4176 4160 4144 4128 5808 7088 8496 8512 10048 11712 13504 15424 17496 17512 17528 17544 17560 17576 19752 19768 19784 19800 19816 17640 17624 17608 17592 15536 11816 7208 7192 7160 7128 7144 7176 4240 4256 4272 4288 4320 4336 4352 4368 4384 3008 1904 1328 856 1296 1872 1872 1840 2528 4304 7240 7224 8624 10192 8664 7256 7272 7288 7304 7320 8744 7336 6704 8048 9520 11968 15188 13728 17704 19880 19864 17688 17672 17656 19832 19848 22144 24560 27104 29776 32576 35528 35512 38584 38600 38616 35544 35560 38632 38648 35576 35592 38664 38680 35608 35624 38696 45224 48664 48648 48632 48616 48600 48584 48568 55864 55880 55896 55912 59752 59736 59720 59704 59688 59672 59656 61608 57704 55816 55832 55848 52112 48504 45064 48536 48552 38568 35496 35480 38552 38536 35464 35448 35432 35416 32472 29672 27000 24456 22040 19736 19720 19704 19688 19672 24368 26928 29616 32432 35376 38448 42476 45016 48464 57656 
61544 61584 52972 46712 46680 42460 38416 35344 35360 32400 29584 26896 24336 21904 24352 21952 17472 15424 13504 11712 10048 11664 15376 17424 13456 10000 8464 7056 5792 4128 4112 4096 2508 1624 600 584 256 272 288 304 320 336 352 96 80 64 48 32 16 0 64 80 96 112 128 144 160 176 112 368 384 204 140 208 224 416 720 696 1144 1168 1184 1200 1216 1232 1248 800 1264 1280 504 320 304 288 272 256 240 172 192 212 236 268 284 300 352 544 864 880 560 368 332 576 560 544 528 512 832 1280 1264 496 300 480 464 276 256 448 432 236 416 400 4240 4224 4208 4192 4176 4160 4144 5824 7104 8512 8528 10064 11728 13520 15440 17512 17528 17544 17560 17576 17592 19768 19784 19800 19816 19832 17656 17640 17624 17608 15552 11832 7224 7208 7176 7144 7160 7192 4256 4272 4288 4304 4336 4352 4368 4384 4400 3024 1920 1344 872 1312 1888 1888 1856 2544 4320 7256 7240 8640 10208 8680 7272 7288 7304 7320 7336 8760 7352 6720 8064 9536 11984 15204 13744 17720 19896 19880 17704 17688 17672 19848 19864 22160 24576 27120 29792 32592 35544 35528 38600 38616 38632 35560 35576 38648 38664 35592 35608 38680 38696 35624 35640 38712 45240 48680 48664 48648 48632 48616 48600 48584 55880 55896 55912 55928 59768 59752 59736 59720 59704 59688 59672 61624 57720 55832 55848 55864 52128 48520 45080 48552 48568 38584 35512 35496 38568 38552 35480 35464 35448 35432 32488 29688 27016 24472 22056 19752 19736 19720 19704 19688 24384 26944 29632 32448 35392 38464 42492 45032 48480 57672 
65576 65616 56716 50232 50200 45820 41616 38416 38432 35344 32400 29584 26896 24336 26912 24384 19648 17472 15424 13504 11712 13456 17424 19600 15376 11664 10000 8464 7072 5216 5200 5184 3372 2328 1048 1032 576 592 608 624 640 656 672 160 144 128 112 96 80 64 0 16 32 48 64 80 96 112 176 688 704 396 204 144 160 224 400 376 696 720 736 752 768 784 800 480 816 832 312 256 240 224 208 192 176 236 256 276 300 396 412 428 288 352 544 560 368 304 460 896 880 864 848 832 1280 1856 1840 816 492 800 784 468 448 768 752 428 736 720 5328 5312 5296 5280 5264 5248 5232 7104 8512 10048 10064 11728 13520 15440 17488 19688 19704 19720 19736 19752 19768 22072 22088 22104 22120 22136 19832 19816 19800 19784 17600 13624 8632 8616 8584 8552 8568 8600 5344 5360 5376 5392 5424 5440 5456 5472 5488 3920 2624 1920 1320 1888 2592 2592 2560 3376 5408 8664 8648 10176 11872 10216 8680 8696 8712 8728 8744 10296 8760 8064 9536 11136 13776 17220 15664 19896 22200 22184 19880 19864 19848 22152 22168 24592 27136 29808 32608 35536 38616 38600 41800 41816 41832 38632 38648 41848 41864 38664 38680 41880 41896 38696 38712 41912 48696 52264 52248 52232 52216 52200 52184 52168 59720 59736 59752 59768 63736 63720 63704 63688 63672 63656 63640 65656 61624 59672 59688 59704 55840 52104 48536 52136 52152 41784 38584 38568 41768 41752 38552 38536 38520 38504 35432 32504 29704 27032 24488 22056 22040 22024 22008 21992 26944 29632 32448 35392 38464 41664 45852 48488 52064 61576 
65560 65600 56700 50216 50184 45804 41632 38432 38416 35360 32416 29600 26912 24352 26896 24368 19632 17456 15408 13488 11696 13472 17440 19616 15392 11680 10016 8480 7056 5200 5184 5200 3372 2312 1032 1032 592 576 592 608 624 640 656 144 128 112 96 80 64 80 16 0 16 32 48 64 80 96 160 672 688 380 188 128 144 208 384 360 680 704 720 736 752 768 784 464 800 816 296 240 224 208 192 176 160 220 240 260 284 380 396 412 272 336 528 544 352 288 444 880 864 848 832 816 1264 1840 1824 800 476 784 768 452 432 752 736 412 720 704 5312 5296 5280 5264 5248 5232 5216 7088 8496 10032 10048 11712 13504 15424 17472 19672 19688 19704 19720 19736 19752 22056 22072 22088 22104 22120 19816 19800 19784 19768 17584 13608 8616 8600 8568 8536 8552 8584 5328 5344 5360 5376 5408 5424 5440 5456 5472 3904 2608 1904 1304 1872 2576 2576 2544 3360 5392 8648 8632 10160 11856 10200 8664 8680 8696 8712 8728 10280 8744 8048 9520 11120 13760 17204 15648 19880 22184 22168 19864 19848 19832 22136 22152 24576 27120 29792 32592 35520 38600 38584 41784 41800 41816 38616 38632 41832 41848 38648 38664 41864 41880 38680 38696 41896 48680 52248 52232 52216 52200 52184 52168 52152 59704 59720 59736 59752 63720 63704 63688 63672 63656 63640 63624 65640 61608 59656 59672 59688 55824 52088 48520 52120 52136 41768 38568 38552 41752 41736 38536 38520 38504 38488 35416 32488 29688 27016 24472 22040 22024 22008 21992 21976 26928 29616 32432 35376 38448 41648 45836 48472 52048 61560 
65544 65584 56684 50200 50184 45804 41648 38448 38432 35376 32432 29616 26928 24368 26912 24352 19616 17440 15392 13472 11680 13488 17456 19632 15408 11696 10032 8496 7072 5184 5200 5216 3388 2312 1032 1048 608 592 576 592 608 624 640 128 112 96 80 64 80 96 32 16 0 16 32 48 64 80 144 656 672 364 172 112 128 192 368 344 664 688 704 720 736 752 768 448 784 800 280 224 208 192 176 160 144 204 224 244 268 364 380 396 256 320 512 528 336 272 428 864 848 832 816 800 1248 1824 1808 784 460 768 752 436 416 736 720 396 704 688 5296 5280 5264 5248 5232 5216 5200 7072 8480 10016 10032 11696 13488 15408 17456 19656 19672 19688 19704 19720 19736 22040 22056 22072 22088 22104 19800 19784 19768 19752 17568 13592 8600 8584 8552 8520 8536 8568 5312 5328 5344 5360 5392 5408 5424 5440 5456 3888 2592 1888 1288 1856 2560 2560 2528 3344 5376 8632 8616 10144 11840 10184 8648 8664 8680 8696 8712 10264 8728 8032 9504 11104 13744 17188 15632 19864 22168 22152 19848 19832 19816 22120 22136 24560 27104 29776 32576 35504 38584 38568 41768 41784 41800 38600 38616 41816 41832 38632 38648 41848 41864 38664 38680 41880 48664 52232 52216 52200 52184 52168 52152 52136 59688 59704 59720 59736 63704 63688 63672 63656 63640 63624 63608 65624 61592 59640 59656 59672 55808 52072 48504 52104 52120 41752 38552 38536 41736 41720 38520 38504 38488 38472 35400 32472 29672 27000 24456 22024 22008 21992 21976 21960 26912 29600 32416 35360 38432 41632 45820 48456 52032 61544 
65544 65568 56668 50184 50200 45820 41664 38464 38448 35392 32448 29632 26944 24384 26928 24336 19600 17424 15376 13456 11664 13504 17472 19648 15424 11712 10048 8512 7088 5200 5216 5232 3404 2328 1048 1064 624 608 592 576 592 608 624 112 96 80 64 80 96 112 48 32 16 0 16 32 48 64 128 640 656 348 156 96 112 176 352 328 648 672 688 704 720 736 752 432 768 784 264 208 192 176 160 144 128 188 208 228 252 348 364 380 240 304 496 512 320 256 412 848 832 816 800 784 1232 1808 1792 768 444 752 736 420 400 720 704 380 688 672 5280 5264 5248 5232 5216 5200 5184 7056 8464 10000 10016 11680 13472 15392 17440 19640 19656 19672 19688 19704 19720 22024 22040 22056 22072 22088 19784 19768 19752 19736 17552 13576 8584 8568 8536 8504 8520 8552 5296 5312 5328 5344 5376 5392 5408 5424 5440 3872 2576 1872 1272 1840 2544 2544 2512 3328 5360 8616 8600 10128 11824 10168 8632 8648 8664 8680 8696 10248 8712 8016 9488 11088 13728 17172 15616 19848 22152 22136 19832 19816 19800 22104 22120 24544 27088 29760 32560 35488 38568 38552 41752 41768 41784 38584 38600 41800 41816 38616 38632 41832 41848 38648 38664 41864 48648 52216 52200 52184 52168 52152 52136 52120 59672 59688 59704 59720 63688 63672 63656 63640 63624 63608 63592 65608 61576 59624 59640 59656 55792 52056 48488 52088 52104 41736 38536 38520 41720 41704 38504 38488 38472 38456 35384 32456 29656 26984 24440 22008 21992 21976 21960 21944 26896 29584 32400 35344 38416 41616 45804 48440 52016 61528 
65560 65552 56652 50184 50216 45836 41680 38480 38464 35408 32464 29648 26960 24400 26944 24352 19616 17440 15392 13472 11680 13520 17488 19664 15440 11728 10064 8528 7104 5216 5232 5248 3420 2344 1064 1080 640 624 608 592 576 592 608 96 80 64 80 96 112 128 64 48 32 16 0 16 32 48 112 624 640 332 140 80 96 160 336 312 632 656 672 688 704 720 736 416 752 768 248 192 176 160 144 128 112 172 192 212 236 332 348 364 224 288 480 496 304 240 396 832 816 800 784 768 1216 1792 1776 752 428 736 720 404 384 704 688 364 672 656 5264 5248 5232 5216 5200 5184 5200 7072 8480 10016 10000 11664 13456 15376 17424 19624 19640 19656 19672 19688 19704 22008 22024 22040 22056 22072 19768 19752 19736 19720 17536 13560 8568 8552 8520 8488 8504 8536 5280 5296 5312 5328 5360 5376 5392 5408 5424 3856 2560 1856 1256 1824 2528 2528 2496 3312 5344 8600 8584 10112 11808 10152 8616 8632 8648 8664 8680 10232 8696 8000 9472 11072 13712 17156 15600 19832 22136 22120 19816 19800 19784 22088 22104 24528 27072 29744 32544 35472 38552 38536 41736 41752 41768 38568 38584 41784 41800 38600 38616 41816 41832 38632 38648 41848 48632 52200 52184 52168 52152 52136 52120 52104 59656 59672 59688 59704 63672 63656 63640 63624 63608 63592 63576 65592 61560 59608 59624 59640 55776 52040 48472 52072 52088 41720 38520 38504 41704 41688 38488 38472 38456 38440 35368 32440 29640 26968 24424 21992 21976 21960 21944 21928 26912 29600 32416 35360 38432 41632 45804 48424 52000 61512 
65576 65536 56652 50200 50232 45852 41696 38496 38480 35424 32480 29664 26976 24416 26960 24368 19632 17456 15408 13488 11696 13536 17504 19680 15456 11744 10080 8544 7120 5232 5248 5264 3436 2360 1080 1096 656 640 624 608 592 576 592 80 64 80 96 112 128 144 80 64 48 32 16 0 16 32 96 608 624 316 124 64 80 144 320 296 616 640 656 672 688 704 720 400 736 752 232 176 160 144 128 112 96 156 176 196 220 316 332 348 208 272 464 480 288 224 380 816 800 784 768 752 1200 1776 1760 736 412 720 704 388 368 688 672 348 656 640 5248 5232 5216 5200 5184 5200 5216 7088 8496 10032 10016 11680 13472 15392 17440 19608 19624 19640 19656 19672 19688 21992 22008 22024 22040 22056 19752 19736 19720 19704 17520 13544 8552 8536 8504 8472 8488 8520 5264 5280 5296 5312 5344 5360 5376 5392 5408 3840 2544 1840 1240 1808 2512 2512 2480 3296 5328 8584 8568 10096 11792 10136 8600 8616 8632 8648 8664 10216 8680 7984 9456 11056 13696 17140 15584 19816 22120 22104 19800 19784 19768 22072 22088 24512 27056 29728 32528 35456 38536 38520 41720 41736 41752 38552 38568 41768 41784 38584 38600 41800 41816 38616 38632 41832 48616 52184 52168 52152 52136 52120 52104 52088 59640 59656 59672 59688 63656 63640 63624 63608 63592 63576 63560 65576 61544 59592 59608 59624 55760 52024 48456 52056 52072 41704 38504 38488 41688 41672 38472 38456 38440 38424 35352 32424 29624 26952 24408 21976 21960 21944 21928 21912 26928 29616 32432 35376 38448 41648 45820 48408 51984 61512 
65592 65552 56668 50216 50248 45868 41712 38512 38496 35440 32496 29680 26992 24432 26976 24384 19648 17472 15424 13504 11712 13552 17520 19696 15472 11760 10096 8560 7136 5248 5264 5280 3452 2376 1096 1112 672 656 640 624 608 592 576 64 80 96 112 128 144 160 96 80 64 48 32 16 0 16 80 592 608 300 108 48 64 128 304 280 600 624 640 656 672 688 704 384 720 736 216 160 144 128 112 96 80 140 160 180 204 300 316 332 192 256 448 464 272 208 364 800 784 768 752 736 1184 1760 1744 720 396 704 688 372 352 672 656 332 640 624 5232 5216 5200 5184 5200 5216 5232 7104 8512 10048 10032 11696 13488 15408 17456 19608 19608 19624 19640 19656 19672 21976 21992 22008 22024 22040 19736 19720 19704 19688 17504 13528 8536 8520 8488 8472 8472 8504 5248 5264 5280 5296 5328 5344 5360 5376 5392 3824 2528 1824 1224 1792 2496 2496 2464 3280 5312 8568 8552 10080 11776 10120 8584 8600 8616 8632 8648 10200 8664 7968 9440 11040 13680 17124 15568 19800 22104 22088 19784 19768 19752 22056 22072 24496 27040 29712 32512 35440 38520 38504 41704 41720 41736 38536 38552 41752 41768 38568 38584 41784 41800 38600 38616 41816 48600 52168 52152 52136 52120 52104 52088 52072 59624 59640 59656 59672 63640 63624 63608 63592 63576 63560 63544 65560 61528 59576 59592 59608 55744 52008 48440 52040 52056 41688 38488 38472 41672 41656 38456 38440 38424 38424 35352 32408 29608 26936 24392 21960 21944 21928 21912 21912 26944 29632 32448 35392 38464 41664 45836 48408 52000 61528 
65608 65568 56684 50232 50264 45884 41728 38528 38512 35456 32512 29696 27008 24448 26992 24400 19664 17488 15440 13520 11728 13568 17536 19712 15488 11776 10112 8576 7152 5264 5280 5296 3468 2392 1112 1128 688 672 656 640 624 608 592 80 96 112 128 144 160 176 112 96 80 64 48 32 16 0 64 576 592 284 92 32 48 112 288 264 584 608 624 640 656 672 688 368 704 720 200 144 128 112 96 80 64 124 144 164 188 284 300 316 176 240 432 448 256 192 348 784 768 752 736 720 1168 1744 1728 704 380 688 672 356 336 656 640 316 624 608 5216 5200 5184 5200 5216 5232 5248 7120 8528 10064 10048 11712 13504 15424 17472 19624 19608 19608 19624 19640 19656 21960 21976 21992 22008 22024 19720 19704 19688 19672 17488 13512 8520 8504 8472 8488 8472 8488 5232 5248 5264 5280 5312 5328 5344 5360 5376 3808 2512 1808 1208 1776 2480 2480 2448 3264 5296 8552 8536 10064 11760 10104 8568 8584 8600 8616 8632 10184 8648 7952 9424 11024 13664 17108 15552 19784 22088 22072 19768 19752 19736 22040 22056 24480 27024 29696 32496 35424 38504 38488 41688 41704 41720 38520 38536 41736 41752 38552 38568 41768 41784 38584 38600 41800 48584 52152 52136 52120 52104 52088 52072 52056 59608 59624 59640 59656 63624 63608 63592 63576 63560 63544 63528 65544 61512 59560 59576 59592 55728 51992 48424 52024 52040 41672 38472 38456 41656 41640 38440 38424 38424 38440 35368 32408 29592 26920 24376 21944 21928 21912 21912 21928 26960 29648 32464 35408 38480 41680 45852 48424 52016 61544 
61576 61536 52940 46712 46744 42524 38528 35456 35440 32512 29696 27008 24448 22016 24432 21968 17488 15440 13520 11728 10064 11776 15488 17536 13568 10112 8576 7168 5872 4176 4192 4208 2604 1688 664 680 368 352 336 320 304 288 272 16 32 48 64 80 96 112 176 160 144 128 112 96 80 64 0 256 272 92 28 96 112 304 608 584 1032 1056 1072 1088 1104 1120 1136 688 1152 1168 392 208 192 176 160 144 128 60 80 100 124 156 172 188 240 432 752 768 448 256 220 464 448 432 416 400 720 1168 1152 384 188 368 352 164 144 336 320 124 304 288 4128 4112 4096 4112 4128 4144 4160 5840 7120 8528 8512 10048 11712 13504 15424 17448 17432 17432 17448 17464 17480 19656 19672 19688 19704 19720 17544 17528 17512 17496 15440 11720 7112 7096 7064 7080 7064 7080 4144 4160 4176 4192 4224 4240 4256 4272 4288 2912 1808 1232 760 1200 1776 1776 1744 2432 4208 7144 7128 8528 10096 8568 7160 7176 7192 7208 7224 8648 7240 6608 7952 9424 11872 15092 13632 17608 19784 19768 17592 17576 17560 19736 19752 22048 24464 27008 29680 32480 35432 35416 38488 38504 38520 35448 35464 38536 38552 35480 35496 38568 38584 35512 35528 38600 45128 48568 48552 48536 48520 48504 48488 48472 55768 55784 55800 55816 59656 59640 59624 59608 59592 59576 59560 61512 57608 55720 55736 55752 52016 48408 44968 48440 48456 38472 35400 35384 38456 38440 35368 35352 35352 35368 32424 29592 26904 24360 21944 19640 19624 19608 19608 19624 24400 26960 29648 32464 35408 38480 42492 44968 48432 57640 
53896 53856 45836 40056 40088 36188 32512 29696 29680 27008 24448 22016 19712 17536 19696 17488 13520 11728 10064 8528 7120 8576 11776 13568 10112 7168 5888 4736 3696 2384 2400 2416 1260 664 152 168 112 96 80 64 48 32 16 272 288 304 320 336 352 368 688 672 656 640 624 608 592 576 256 0 16 92 284 608 624 1072 1632 1608 2312 2336 2352 2368 2384 2400 2416 1712 2432 2448 1160 720 704 688 672 656 640 316 336 356 380 284 300 316 752 1200 1776 1792 1216 768 348 208 192 176 160 144 208 400 384 128 188 112 96 164 144 80 64 124 48 32 2336 2320 2304 2320 2336 2352 2368 3664 4688 5840 5824 7104 8512 10048 11712 13480 13464 13464 13480 13496 13512 15432 15448 15464 15480 15496 13576 13560 13544 13528 11728 8520 4680 4664 4632 4648 4632 4648 2352 2368 2384 2400 2432 2448 2464 2480 2496 1504 784 464 248 432 752 752 720 1152 2416 4712 4696 5840 7152 5880 4728 4744 4760 4776 4792 5960 4808 4304 5392 6608 8672 11444 10176 13640 15560 15544 13624 13608 13592 15512 15528 17568 19728 22016 24432 26976 29672 29656 32472 32488 32504 29688 29704 32520 32536 29720 29736 32552 32568 29752 29768 32584 38600 41784 41768 41752 41736 41720 41704 41688 48472 48488 48504 48520 52104 52088 52072 52056 52040 52024 52008 53832 50184 48424 48440 48456 44976 41624 38440 41656 41672 32456 29640 29624 32440 32424 29608 29592 29592 29608 26920 24344 21912 19624 17464 15416 15400 15384 15384 15400 19664 21968 24400 26960 29648 32464 36156 38440 41648 50216 
53912 53872 45852 40072 40104 36204 32528 29712 29696 27024 24464 22032 19728 17552 19712 17504 13536 11744 10080 8544 7136 8592 11792 13584 10128 7184 5904 4752 3712 2400 2416 2432 1276 680 168 184 128 112 96 80 64 48 32 288 304 320 336 352 368 384 704 688 672 656 640 624 608 592 272 16 0 76 268 592 608 1056 1616 1608 2312 2320 2336 2352 2368 2384 2400 1696 2416 2432 1144 704 688 672 656 640 624 300 320 340 364 268 284 300 736 1184 1760 1776 1200 752 332 192 176 160 144 128 192 384 368 112 172 96 80 148 128 64 48 108 32 16 2320 2304 2320 2336 2352 2368 2384 3680 4704 5856 5840 7120 8528 10064 11728 13496 13480 13464 13464 13480 13496 15416 15432 15448 15464 15480 13560 13544 13528 13512 11712 8504 4664 4648 4632 4664 4648 4632 2336 2352 2368 2384 2416 2432 2448 2464 2480 1488 768 448 232 416 736 736 704 1136 2400 4696 4680 5824 7136 5864 4712 4728 4744 4760 4776 5944 4792 4288 5376 6592 8656 11428 10160 13624 15544 15528 13608 13592 13576 15496 15512 17552 19712 22000 24416 26960 29656 29640 32456 32472 32488 29672 29688 32504 32520 29704 29720 32536 32552 29736 29752 32568 38584 41768 41752 41736 41720 41704 41688 41672 48456 48472 48488 48504 52088 52072 52056 52040 52024 52008 51992 53832 50184 48408 48424 48440 44960 41624 38424 41640 41656 32440 29624 29608 32424 32408 29592 29592 29608 29624 26936 24360 21912 19608 17448 15400 15384 15384 15400 15416 19680 21984 24416 26976 29664 32480 36172 38456 41664 50232 
57700 57660 49352 43348 43380 39320 35484 32540 32524 29724 27036 24476 22044 19740 22028 19692 15468 13548 11756 10092 8556 10140 13596 15516 11804 8604 7196 5916 4748 3244 3260 3276 1896 1140 372 388 204 188 172 156 140 124 108 108 124 140 156 172 188 204 396 380 364 348 332 316 300 284 92 92 76 0 64 260 276 596 1028 1044 1620 1604 1620 1636 1652 1668 1684 1108 1700 1716 684 372 356 340 324 308 292 96 116 136 160 128 144 160 404 724 1172 1188 740 420 192 244 228 212 196 180 372 692 676 164 96 148 132 72 52 116 100 32 84 68 3140 3148 3164 3180 3196 3212 3228 4716 5868 7148 7132 8540 10076 11740 13532 15428 15412 15396 15380 15388 15404 17452 17468 17484 17500 17516 15468 15452 15436 15420 13492 10028 5804 5788 5796 5828 5812 5780 3156 3172 3188 3204 3236 3252 3268 3284 3300 2116 1204 756 412 724 1172 1172 1140 1700 3220 5836 5820 7092 8532 7132 5852 5868 5884 5900 5916 7212 5932 5364 6580 7924 10180 13176 11812 15532 17580 17564 15516 15500 15484 17532 17548 19716 22004 24420 26964 29636 32460 32444 35388 35404 35420 32476 32492 35436 35452 32508 32524 35468 35484 32540 32556 35500 41772 45084 45068 45052 45036 45020 45004 44988 52028 52044 52060 52076 55788 55772 55756 55740 55724 55708 55700 57620 53844 51988 51996 52012 48404 44964 41620 44956 44972 35372 32428 32412 35356 35348 32404 32420 32436 32452 29636 26932 24356 21908 19612 17436 17428 17444 17460 17476 21996 24428 26988 29676 32492 35436 39288 41668 45004 53892 
61604 61564 52968 46740 46772 42552 38556 35484 35468 32540 29724 27036 24476 22044 24460 21996 17516 15468 13548 11756 10092 11804 15516 17564 13596 10140 8604 7196 5900 4204 4220 4236 2632 1716 692 708 396 380 364 348 332 316 300 44 60 76 92 108 124 140 204 188 172 156 140 124 108 92 28 284 268 64 0 68 84 276 580 596 1044 1028 1044 1060 1076 1092 1108 660 1124 1140 364 180 164 148 132 116 100 32 52 72 96 128 144 160 212 404 724 740 420 228 192 436 420 404 388 372 692 1140 1124 356 160 340 324 136 116 308 292 96 276 260 4100 4108 4124 4140 4156 4172 4188 5868 7148 8556 8540 10076 11740 13532 15452 17476 17460 17444 17428 17436 17452 19628 19644 19660 19676 19692 17516 17500 17484 17468 15412 11692 7084 7068 7076 7108 7092 7060 4116 4132 4148 4164 4196 4212 4228 4244 4260 2884 1780 1204 732 1172 1748 1748 1716 2404 4180 7116 7100 8500 10068 8540 7132 7148 7164 7180 7196 8620 7212 6580 7924 9396 11844 15064 13604 17580 19756 19740 17564 17548 17532 19708 19724 22020 24436 26980 29652 32452 35404 35388 38460 38476 38492 35420 35436 38508 38524 35452 35468 38540 38556 35484 35500 38572 45100 48540 48524 48508 48492 48476 48460 48444 55740 55756 55772 55788 59628 59612 59596 59580 59564 59548 59540 61524 57620 55700 55708 55724 51988 48420 44948 48412 48428 38444 35372 35356 38428 38420 35348 35364 35380 35396 32452 29620 26916 24340 21916 19612 19604 19620 19636 19652 24428 26988 29676 32492 35436 38508 42520 44996 48460 57668 
65640 65600 56716 50264 50296 45916 41760 38560 38544 35488 32544 29728 27040 24480 27024 24432 19696 17520 15472 13552 11760 13600 17568 19744 15520 11808 10144 8608 7184 5296 5312 5328 3500 2424 1144 1160 720 704 688 672 656 640 624 112 128 144 160 176 192 208 144 128 112 96 80 64 48 32 96 608 592 260 68 0 16 80 256 280 600 576 592 608 624 640 656 336 672 688 168 112 96 80 64 48 32 92 112 132 156 252 268 284 144 208 400 416 224 160 316 752 736 720 704 688 1136 1712 1696 672 348 656 640 324 304 624 608 284 592 576 5184 5200 5216 5232 5248 5264 5280 7152 8560 10096 10080 11744 13536 15456 17504 19656 19640 19624 19608 19608 19624 21928 21944 21960 21976 21992 19688 19672 19656 19640 17456 13480 8488 8472 8488 8520 8504 8472 5200 5216 5232 5248 5280 5296 5312 5328 5344 3776 2480 1776 1176 1744 2448 2448 2416 3232 5264 8520 8504 10032 11728 10072 8536 8552 8568 8584 8600 10152 8616 7920 9392 10992 13632 17076 15520 19752 22056 22040 19736 19720 19704 22008 22024 24448 26992 29664 32464 35392 38472 38456 41656 41672 41688 38488 38504 41704 41720 38520 38536 41736 41752 38552 38568 41768 48552 52120 52104 52088 52072 52056 52040 52024 59576 59592 59608 59624 63592 63576 63560 63544 63528 63512 63512 65560 61528 59544 59544 59560 55696 52008 48408 51992 52008 41640 38440 38424 41624 41624 38424 38440 38456 38472 35400 32440 29608 26904 24344 21912 21912 21928 21944 21960 26992 29680 32496 35440 38512 41712 45884 48456 52048 61576 
65656 65616 56732 50280 50312 45932 41776 38576 38560 35504 32560 29744 27056 24496 27040 24448 19712 17536 15488 13568 11776 13616 17584 19760 15536 11824 10160 8624 7200 5312 5328 5344 3516 2440 1160 1176 736 720 704 688 672 656 640 128 144 160 176 192 208 224 160 144 128 112 96 80 64 48 112 624 608 276 84 16 0 64 272 296 616 592 576 592 608 624 640 320 656 672 152 96 80 64 48 32 16 76 96 116 140 236 252 268 128 192 384 400 208 144 300 736 720 704 688 672 1120 1696 1680 656 332 640 624 308 288 608 592 268 576 592 5200 5216 5232 5248 5264 5280 5296 7168 8576 10112 10096 11760 13552 15472 17520 19672 19656 19640 19624 19608 19608 21912 21928 21944 21960 21976 19672 19656 19640 19624 17440 13464 8472 8472 8504 8536 8520 8488 5184 5200 5216 5232 5264 5280 5296 5312 5328 3760 2464 1760 1160 1728 2432 2432 2400 3216 5248 8504 8488 10016 11712 10056 8520 8536 8552 8568 8584 10136 8600 7904 9376 10976 13616 17060 15504 19736 22040 22024 19720 19704 19688 21992 22008 24432 26976 29648 32448 35376 38456 38440 41640 41656 41672 38472 38488 41688 41704 38504 38520 41720 41736 38536 38552 41752 48536 52104 52088 52072 52056 52040 52024 52008 59560 59576 59592 59608 63576 63560 63544 63528 63512 63512 63528 65576 61544 59560 59544 59544 55712 52024 48424 51992 51992 41624 38424 38424 41624 41640 38440 38456 38472 38488 35416 32456 29624 26920 24344 21912 21928 21944 21960 21976 27008 29696 32512 35456 38528 41728 45900 48472 52064 61592 
69816 69776 60604 53928 53960 49420 45104 41776 41760 38576 35504 32560 29744 27056 29728 27008 22016 19712 17536 15488 13568 15536 19760 22064 17584 13616 11824 10160 8608 6528 6544 6560 4508 3272 1736 1752 1184 1168 1152 1136 1120 1104 1088 320 336 352 368 384 400 416 224 208 192 176 160 144 128 112 304 1072 1056 596 276 80 64 0 80 104 296 272 256 272 288 304 320 128 336 352 88 160 144 128 112 96 80 268 288 308 332 492 508 524 192 128 192 208 144 208 556 1184 1168 1152 1136 1120 1696 2400 2384 1104 652 1088 1072 628 608 1056 1040 588 1024 1040 6416 6432 6448 6464 6480 6496 6512 8576 10112 11776 11760 13552 15472 17520 19696 21976 21960 21944 21928 21912 21912 24344 24360 24376 24392 24408 21976 21960 21944 21928 19616 15384 10008 10008 10040 10072 10056 10024 6400 6416 6432 6448 6480 6496 6512 6528 6544 4784 3296 2464 1736 2432 3264 3264 3232 4176 6464 10040 10024 11680 13504 11720 10056 10072 10088 10104 10120 11800 10136 9376 10976 12704 15536 19204 17552 22040 24472 24456 22024 22008 21992 24424 24440 26992 29664 32464 35392 38448 41656 41640 44968 44984 45000 41672 41688 45016 45032 41704 41720 45048 45064 41736 41752 45080 52120 55816 55800 55784 55768 55752 55736 55720 63528 63544 63560 63576 67672 67656 67640 67624 67608 67608 67624 69736 65576 63528 63512 63512 59552 55736 52008 55704 55704 44952 41624 41624 44952 44968 41640 41656 41672 41688 38488 35400 32440 29608 26904 24344 24360 24376 24392 24408 29696 32512 35456 38528 41728 45056 49388 52056 55776 65624 
74088 74048 64588 57688 57720 53020 48544 45088 45072 41760 38560 35488 32544 29728 32528 29680 24432 22000 19696 17520 15472 17568 22048 24480 19744 15520 13600 11808 10128 7856 7872 7888 5612 4216 2424 2440 1744 1728 1712 1696 1680 1664 1648 624 640 656 672 688 704 720 400 384 368 352 336 320 304 288 608 1632 1616 1028 580 256 272 80 0 24 88 64 80 96 112 128 144 80 160 176 168 368 352 336 320 304 288 604 624 644 668 892 908 924 400 208 144 160 224 416 956 1776 1760 1744 1728 1712 2416 3248 3232 1696 1116 1680 1664 1092 1072 1648 1632 1052 1616 1600 7744 7760 7776 7792 7808 7824 7840 10096 11760 13552 13536 15456 17504 19680 21984 24392 24376 24360 24344 24344 24360 26920 26936 26952 26968 26984 24424 24408 24392 24376 21936 17448 11688 11672 11688 11720 11704 11672 7760 7776 7792 7808 7840 7856 7872 7888 7904 5952 4272 3312 2456 3280 4240 4240 4208 5280 7824 11720 11704 13488 15440 13528 11736 11752 11768 11784 11800 13608 11816 10992 12720 14576 17600 21492 19744 24488 27048 27032 24472 24456 24440 27000 27016 29696 32496 35424 38480 41664 45000 44984 48440 48456 48472 45016 45032 48488 48504 45048 45064 48520 48536 45080 45096 48552 55848 59672 59656 59640 59624 59608 59592 59576 67640 67656 67672 67688 71912 71896 71880 71864 71848 71832 71832 74008 69720 67608 67608 67624 63504 59560 55704 59544 59560 48424 44968 44952 48408 48408 44952 44968 44984 45000 41672 38456 35368 32408 29592 26904 26904 26920 26936 26952 32496 35440 38512 41712 45040 48496 52988 55752 59600 69768 
74064 74024 64564 57664 57696 52996 48520 45064 45048 41736 38536 35464 32520 29704 32504 29656 24408 21976 19672 17496 15448 17544 22024 24456 19720 15496 13576 11784 10104 7832 7848 7864 5588 4192 2400 2416 1720 1704 1688 1672 1656 1640 1624 600 616 632 648 664 680 696 376 360 344 328 312 296 280 264 584 1608 1608 1044 596 280 296 104 24 0 64 88 104 120 136 152 168 104 184 200 192 392 376 360 344 328 312 628 648 668 692 916 932 948 424 232 168 184 248 440 980 1800 1784 1768 1752 1736 2440 3272 3256 1720 1140 1704 1688 1116 1096 1672 1656 1076 1640 1624 7768 7752 7752 7768 7784 7800 7816 10072 11736 13528 13512 15432 17480 19656 21960 24368 24352 24336 24352 24368 24384 26944 26960 26976 26992 27008 24448 24432 24416 24400 21960 17472 11712 11696 11664 11696 11680 11680 7784 7800 7816 7832 7864 7880 7896 7912 7928 5976 4296 3336 2480 3304 4264 4264 4232 5304 7848 11744 11728 13512 15464 13552 11760 11776 11792 11808 11824 13632 11840 11016 12744 14600 17624 21516 19768 24512 27072 27056 24496 24480 24464 27024 27040 29720 32520 35448 38504 41688 45024 45008 48464 48480 48496 45040 45056 48512 48528 45072 45088 48544 48560 45104 45120 48576 55872 59696 59680 59664 59648 59632 59616 59600 67664 67680 67696 67712 71936 71920 71904 71888 71872 71856 71840 73984 69696 67616 67632 67648 63528 59536 55712 59568 59584 48448 44992 44976 48432 48416 44960 44944 44960 44976 41648 38432 35344 32416 29616 26928 26912 26896 26912 26928 32472 35416 38488 41688 45016 48472 52964 55728 59576 69744 
78480 78440 68692 61568 61600 56740 52104 48520 48504 45064 41736 38536 35464 32520 35448 32472 26968 24408 21976 19672 17496 19720 24456 27016 22024 17544 15496 13576 11768 9304 9320 9336 6836 5280 3232 3248 2424 2408 2392 2376 2360 2344 2328 1048 1064 1080 1096 1112 1128 1144 696 680 664 648 632 616 600 584 1032 2312 2312 1620 1044 600 616 296 88 64 0 24 40 56 72 88 104 168 120 136 384 712 696 680 664 648 632 1076 1096 1116 1140 1428 1444 1460 744 424 232 248 440 760 1492 2504 2488 2472 2456 2440 3272 4232 4216 2424 1716 2408 2392 1692 1672 2376 2360 1652 2344 2328 9240 9224 9224 9240 9256 9272 9288 11736 13528 15448 15432 17480 19656 21960 24392 26928 26912 26896 26912 26928 26944 29632 29648 29664 29680 29696 27008 26992 26976 26960 24392 19648 13504 13488 13456 13488 13472 13472 9256 9272 9288 9304 9336 9352 9368 9384 9400 7256 5384 4296 3312 4264 5352 5352 5320 6520 9320 13536 13520 15432 17512 15472 13552 13568 13584 13600 13616 15552 13632 12744 14600 16584 19800 23916 22072 27072 29760 29744 27056 27040 27024 29712 29728 32536 35464 38520 41704 45016 48480 48464 52048 52064 52080 48496 48512 52096 52112 48528 48544 52128 52144 48560 48576 52160 59712 63664 63648 63632 63616 63600 63584 63568 71888 71904 71920 71936 76288 76272 76256 76240 76224 76208 76192 78400 73984 71840 71856 71872 67624 63504 59552 63536 63552 52032 48448 48432 52016 52000 48416 48400 48416 48432 44976 41632 38416 35360 32432 29616 29600 29584 29600 29616 35416 38488 41688 45016 48472 52056 56708 59568 63544 74032 
78504 78464 68716 61592 61624 56764 52128 48544 48528 45088 41760 38560 35488 32544 35472 32496 26992 24432 22000 19696 17520 19744 24480 27040 22048 17568 15520 13600 11792 9328 9344 9360 6860 5304 3256 3272 2448 2432 2416 2400 2384 2368 2352 1072 1088 1104 1120 1136 1152 1168 720 704 688 672 656 640 624 608 1056 2336 2320 1604 1028 576 592 272 64 88 24 0 16 32 48 64 80 144 96 112 360 688 672 656 640 624 608 1052 1072 1092 1116 1404 1420 1436 720 400 208 224 416 736 1468 2480 2464 2448 2432 2416 3248 4208 4192 2400 1692 2384 2368 1668 1648 2352 2336 1628 2320 2304 9216 9232 9248 9264 9280 9296 9312 11760 13552 15472 15456 17504 19680 21984 24416 26952 26936 26920 26904 26904 26920 29608 29624 29640 29656 29672 26984 26968 26952 26936 24368 19624 13480 13464 13480 13512 13496 13464 9232 9248 9264 9280 9312 9328 9344 9360 9376 7232 5360 4272 3288 4240 5328 5328 5296 6496 9296 13512 13496 15408 17488 15448 13528 13544 13560 13576 13592 15528 13608 12720 14576 16560 19776 23892 22048 27048 29736 29720 27032 27016 27000 29688 29704 32512 35440 38496 41680 44992 48456 48440 52024 52040 52056 48472 48488 52072 52088 48504 48520 52104 52120 48536 48552 52136 59688 63640 63624 63608 63592 63576 63560 63544 71864 71880 71896 71912 76264 76248 76232 76216 76200 76184 76184 78424 74008 71832 71832 71848 67600 63528 59544 63512 63528 52008 48424 48408 51992 51992 48408 48424 48440 48456 45000 41656 38440 35352 32408 29592 29592 29608 29624 29640 35440 38512 41712 45040 48496 52080 56732 59592 63568 74056 
78520 78480 68732 61608 61640 56780 52144 48560 48544 45104 41776 38576 35504 32560 35488 32512 27008 24448 22016 19712 17536 19760 24496 27056 22064 17584 15536 13616 11808 9344 9360 9376 6876 5320 3272 3288 2464 2448 2432 2416 2400 2384 2368 1088 1104 1120 1136 1152 1168 1184 736 720 704 688 672 656 640 624 1072 2352 2336 1620 1044 592 576 256 80 104 40 16 0 16 32 48 64 128 80 96 344 672 656 640 624 608 592 1036 1056 1076 1100 1388 1404 1420 704 384 192 208 400 720 1452 2464 2448 2432 2416 2400 3232 4192 4176 2384 1676 2368 2352 1652 1632 2336 2320 1612 2304 2320 9232 9248 9264 9280 9296 9312 9328 11776 13568 15488 15472 17520 19696 22000 24432 26968 26952 26936 26920 26904 26904 29592 29608 29624 29640 29656 26968 26952 26936 26920 24352 19608 13464 13464 13496 13528 13512 13480 9216 9232 9248 9264 9296 9312 9328 9344 9360 7216 5344 4256 3272 4224 5312 5312 5280 6480 9280 13496 13480 15392 17472 15432 13512 13528 13544 13560 13576 15512 13592 12704 14560 16544 19760 23876 22032 27032 29720 29704 27016 27000 26984 29672 29688 32496 35424 38480 41664 44976 48440 48424 52008 52024 52040 48456 48472 52056 52072 48488 48504 52088 52104 48520 48536 52120 59672 63624 63608 63592 63576 63560 63544 63528 71848 71864 71880 71896 76248 76232 76216 76200 76184 76184 76200 78440 74024 71848 71832 71832 67616 63544 59560 63512 63512 51992 48408 48408 51992 52008 48424 48440 48456 48472 45016 41672 38456 35368 32408 29592 29608 29624 29640 29656 35456 38528 41728 45056 48512 52096 56748 59608 63584 74072 
78536 78496 68748 61624 61656 56796 52160 48576 48560 45120 41792 38592 35520 32576 35504 32528 27024 24464 22032 19728 17552 19776 24512 27072 22080 17600 15552 13632 11824 9360 9376 9392 6892 5336 3288 3304 2480 2464 2448 2432 2416 2400 2384 1104 1120 1136 1152 1168 1184 1200 752 736 720 704 688 672 656 640 1088 2368 2352 1636 1060 608 592 272 96 120 56 32 16 0 16 32 48 112 64 80 328 656 640 624 608 592 576 1028 1040 1060 1084 1372 1388 1404 688 368 176 192 384 704 1436 2448 2432 2416 2400 2384 3216 4176 4160 2368 1660 2352 2336 1636 1616 2320 2304 1604 2320 2336 9248 9264 9280 9296 9312 9328 9344 11792 13584 15504 15488 17536 19712 22016 24448 26984 26968 26952 26936 26920 26904 29592 29592 29608 29624 29640 26952 26936 26920 26904 24336 19608 13464 13480 13512 13544 13528 13496 9232 9216 9232 9248 9280 9296 9312 9328 9344 7200 5328 4240 3256 4208 5296 5296 5264 6464 9264 13480 13464 15376 17456 15416 13496 13512 13528 13544 13560 15496 13576 12688 14544 16528 19744 23860 22016 27016 29704 29688 27000 26984 26968 29656 29672 32480 35408 38464 41648 44960 48424 48408 51992 52008 52024 48440 48456 52040 52056 48472 48488 52072 52088 48504 48520 52104 59656 63608 63592 63576 63560 63544 63528 63512 71832 71848 71864 71880 76232 76216 76200 76184 76184 76200 76216 78456 74040 71864 71848 71832 67632 63560 59576 63528 63512 51992 48408 48424 52008 52024 48440 48456 48472 48488 45032 41688 38472 35384 32424 29608 29624 29640 29656 29672 35472 38544 41744 45072 48528 52112 56764 59624 63600 74088 
78552 78512 68764 61640 61672 56812 52176 48592 48576 45136 41808 38608 35536 32592 35520 32544 27040 24480 22048 19744 17568 19792 24528 27088 22096 17616 15568 13648 11840 9376 9392 9408 6908 5352 3304 3320 2496 2480 2464 2448 2432 2416 2400 1120 1136 1152 1168 1184 1200 1216 768 752 736 720 704 688 672 656 1104 2384 2368 1652 1076 624 608 288 112 136 72 48 32 16 0 16 32 96 48 64 312 640 624 608 592 576 592 1044 1024 1044 1068 1356 1372 1388 672 352 160 176 368 688 1420 2432 2416 2400 2384 2368 3200 4160 4144 2352 1644 2336 2320 1620 1600 2304 2320 1620 2336 2352 9264 9280 9296 9312 9328 9344 9360 11808 13600 15520 15504 17552 19728 22032 24464 27000 26984 26968 26952 26936 26920 29608 29592 29592 29608 29624 26936 26920 26904 26904 24352 19624 13480 13496 13528 13560 13544 13512 9248 9232 9216 9232 9264 9280 9296 9312 9328 7184 5312 4224 3240 4192 5280 5280 5248 6448 9248 13464 13464 15392 17440 15400 13480 13496 13512 13528 13544 15480 13560 12672 14528 16512 19728 23844 22000 27000 29688 29672 26984 26968 26952 29640 29656 32464 35392 38448 41632 44944 48408 48408 51992 51992 52008 48424 48440 52024 52040 48456 48472 52056 52072 48488 48504 52088 59640 63592 63576 63560 63544 63528 63512 63512 71832 71832 71848 71864 76216 76200 76184 76184 76200 76216 76232 78472 74056 71880 71864 71848 67648 63576 59592 63544 63528 52008 48424 48440 52024 52040 48456 48472 48488 48504 45048 41704 38488 35400 32440 29624 29640 29656 29672 29688 35488 38560 41760 45088 48544 52128 56780 59640 63616 74104 
78568 78528 68780 61656 61688 56828 52192 48608 48592 45152 41824 38624 35552 32608 35536 32560 27056 24496 22064 19760 17584 19808 24544 27104 22112 17632 15584 13664 11856 9392 9408 9424 6924 5368 3320 3336 2512 2496 2480 2464 2448 2432 2416 1136 1152 1168 1184 1200 1216 1232 784 768 752 736 720 704 688 672 1120 2400 2384 1668 1092 640 624 304 128 152 88 64 48 32 16 0 16 80 32 48 296 624 608 592 576 592 608 1060 1040 1028 1052 1340 1356 1372 656 336 144 160 352 672 1404 2416 2400 2384 2368 2352 3184 4144 4128 2336 1628 2320 2304 1604 1616 2320 2336 1636 2352 2368 9280 9296 9312 9328 9344 9360 9376 11824 13616 15536 15520 17568 19744 22048 24480 27016 27000 26984 26968 26952 26936 29624 29608 29592 29592 29608 26920 26904 26904 26920 24368 19640 13496 13512 13544 13576 13560 13528 9264 9248 9232 9216 9248 9264 9280 9296 9312 7168 5296 4208 3224 4176 5264 5264 5232 6432 9232 13464 13480 15408 17424 15384 13464 13480 13496 13512 13528 15464 13544 12656 14512 16496 19712 23828 21984 26984 29672 29656 26968 26952 26936 29624 29640 32448 35376 38432 41616 44960 48408 48424 52008 51992 51992 48408 48424 52008 52024 48440 48456 52040 52056 48472 48488 52072 59624 63576 63560 63544 63528 63512 63512 63528 71848 71832 71832 71848 76200 76184 76184 76200 76216 76232 76248 78488 74072 71896 71880 71864 67664 63592 59608 63560 63544 52024 48440 48456 52040 52056 48472 48488 48504 48520 45064 41720 38504 35416 32456 29640 29656 29672 29688 29704 35504 38576 41776 45104 48560 52144 56796 59656 63632 74120 
78584 78544 68796 61672 61704 56844 52208 48624 48608 45168 41840 38640 35568 32624 35552 32576 27072 24512 22080 19776 17600 19824 24560 27120 22128 17648 15600 13680 11872 9408 9424 9440 6940 5384 3336 3352 2528 2512 2496 2480 2464 2448 2432 1152 1168 1184 1200 1216 1232 1248 800 784 768 752 736 720 704 688 1136 2416 2400 1684 1108 656 640 320 144 168 104 80 64 48 32 16 0 64 16 32 280 608 592 576 592 608 624 1076 1056 1036 1036 1324 1340 1356 640 320 128 144 336 656 1388 2400 2384 2368 2352 2336 3168 4128 4112 2320 1612 2304 2320 1612 1632 2336 2352 1652 2368 2384 9296 9312 9328 9344 9360 9376 9392 11840 13632 15552 15536 17584 19760 22064 24496 27032 27016 27000 26984 26968 26952 29640 29624 29608 29592 29592 26904 26904 26920 26936 24384 19656 13512 13528 13560 13592 13576 13544 9280 9264 9248 9232 9232 9248 9264 9280 9296 7152 5280 4192 3208 4160 5248 5248 5216 6416 9216 13480 13496 15424 17440 15384 13464 13464 13480 13496 13512 15448 13528 12640 14496 16480 19696 23812 21968 26968 29656 29640 26952 26936 26920 29608 29624 32432 35360 38416 41632 44976 48424 48440 52024 52008 51992 48408 48408 51992 52008 48424 48440 52024 52040 48456 48472 52056 59608 63560 63544 63528 63512 63512 63528 63544 71864 71848 71832 71832 76184 76184 76200 76216 76232 76248 76264 78504 74088 71912 71896 71880 67680 63608 59624 63576 63560 52040 48456 48472 52056 52072 48488 48504 48520 48536 45080 41736 38520 35432 32472 29656 29672 29688 29704 29720 35520 38592 41792 45120 48576 52160 56812 59672 63648 74136 
74168 74128 64668 57768 57800 53100 48624 45168 45152 41840 38640 35568 32624 29808 32608 29760 24512 22080 19776 17600 15552 17648 22128 24560 19824 15600 13680 11888 10208 7936 7952 7968 5692 4296 2504 2520 1824 1808 1792 1776 1760 1744 1728 704 720 736 752 768 784 800 480 464 448 432 416 400 384 368 688 1712 1696 1108 660 336 320 128 80 104 168 144 128 112 96 80 64 0 80 96 88 288 272 256 272 288 304 628 608 588 588 812 828 844 320 128 64 80 144 336 876 1696 1680 1664 1648 1632 2336 3168 3152 1616 1036 1600 1616 1036 1056 1632 1648 1076 1664 1680 7824 7840 7856 7872 7888 7904 7920 10176 11840 13632 13616 15536 17584 19760 22064 24472 24456 24440 24424 24408 24392 26952 26936 26920 26904 26904 24344 24344 24360 24376 21952 17480 11720 11736 11768 11800 11784 11752 7808 7792 7776 7760 7760 7776 7792 7808 7824 5872 4192 3232 2376 3200 4160 4160 4128 5200 7744 11688 11704 13504 15392 13464 11672 11672 11688 11704 11720 13528 11736 10912 12640 14496 17520 21412 19664 24408 26968 26952 24392 24376 24360 26920 26936 29616 32416 35344 38432 41648 44968 44984 48440 48424 48408 44952 44952 48408 48424 44968 44984 48440 48456 45000 45016 48472 55768 59592 59576 59560 59544 59544 59560 59576 67640 67624 67608 67608 71832 71832 71848 71864 71880 71896 71912 74088 69800 67688 67672 67656 63584 59640 55784 59608 59592 48456 45000 45016 48472 48488 45032 45048 45064 45080 41752 38536 35448 32488 29656 26968 26984 27000 27016 27032 32576 35520 38592 41792 45120 48576 53068 55832 59680 69848 
78600 78560 68812 61688 61720 56860 52224 48640 48624 45184 41856 38656 35584 32640 35568 32592 27088 24528 22096 19792 17616 19840 24576 27136 22144 17664 15616 13696 11888 9424 9440 9456 6956 5400 3352 3368 2544 2528 2512 2496 2480 2464 2448 1168 1184 1200 1216 1232 1248 1264 816 800 784 768 752 736 720 704 1152 2432 2416 1700 1124 672 656 336 160 184 120 96 80 64 48 32 16 80 0 16 264 592 576 592 608 624 640 1092 1072 1052 1028 1308 1324 1340 624 304 112 128 320 640 1372 2384 2368 2352 2336 2320 3152 4112 4096 2304 1604 2320 2336 1628 1648 2352 2368 1668 2384 2400 9312 9328 9344 9360 9376 9392 9408 11856 13648 15568 15552 17600 19776 22080 24512 27048 27032 27016 27000 26984 26968 29656 29640 29624 29608 29592 26904 26920 26936 26952 24400 19672 13528 13544 13576 13608 13592 13560 9296 9280 9264 9248 9216 9232 9248 9264 9280 7136 5264 4176 3192 4144 5232 5232 5200 6400 9232 13496 13512 15440 17456 15400 13480 13464 13464 13480 13496 15432 13512 12624 14480 16464 19680 23796 21952 26952 29640 29624 26936 26920 26904 29592 29608 32416 35344 38432 41648 44992 48440 48456 52040 52024 52008 48424 48408 51992 51992 48408 48424 52008 52024 48440 48456 52040 59592 63544 63528 63512 63512 63528 63544 63560 71880 71864 71848 71832 76184 76200 76216 76232 76248 76264 76280 78520 74104 71928 71912 71896 67696 63624 59640 63592 63576 52056 48472 48488 52072 52088 48504 48520 48536 48552 45096 41752 38536 35448 32488 29672 29688 29704 29720 29736 35536 38608 41808 45136 48592 52176 56828 59688 63664 74152 
78616 78576 68828 61704 61736 56876 52240 48656 48640 45200 41872 38672 35600 32656 35584 32608 27104 24544 22112 19808 17632 19856 24592 27152 22160 17680 15632 13712 11904 9440 9456 9472 6972 5416 3368 3384 2560 2544 2528 2512 2496 2480 2464 1184 1200 1216 1232 1248 1264 1280 832 816 800 784 768 752 736 720 1168 2448 2432 1716 1140 688 672 352 176 200 136 112 96 80 64 48 32 96 16 0 264 576 592 608 624 640 656 1108 1088 1068 1044 1300 1308 1324 608 288 96 112 304 624 1356 2368 2352 2336 2320 2304 3136 4096 4112 2320 1620 2336 2352 1644 1664 2368 2384 1684 2400 2416 9328 9344 9360 9376 9392 9408 9424 11872 13664 15584 15568 17616 19792 22096 24528 27064 27048 27032 27016 27000 26984 29672 29656 29640 29624 29608 26920 26936 26952 26968 24416 19688 13544 13560 13592 13624 13608 13576 9312 9296 9280 9264 9232 9216 9232 9248 9264 7120 5248 4160 3176 4128 5216 5216 5184 6416 9248 13512 13528 15456 17472 15416 13496 13480 13464 13464 13480 15416 13496 12608 14464 16448 19664 23780 21936 26936 29624 29608 26920 26904 26904 29592 29592 32400 35360 38448 41664 45008 48456 48472 52056 52040 52024 48440 48424 52008 51992 48408 48408 51992 52008 48424 48440 52024 59576 63528 63512 63512 63528 63544 63560 63576 71896 71880 71864 71848 76200 76216 76232 76248 76264 76280 76296 78536 74120 71944 71928 71912 67712 63640 59656 63608 63592 52072 48488 48504 52088 52104 48520 48536 48552 48568 45112 41768 38552 35464 32504 29688 29704 29720 29736 29752 35552 38624 41824 45152 48608 52192 56844 59704 63680 74168 
69904 69864 60692 54016 54048 49508 45192 41864 41848 38664 35592 32648 29832 27144 29816 27096 22104 19800 17624 15576 13656 15624 19848 22152 17672 13704 11912 10248 8696 6616 6632 6648 4596 3360 1824 1840 1272 1256 1240 1224 1208 1192 1176 408 424 440 456 472 488 504 312 296 280 264 248 232 216 200 392 1160 1144 684 364 168 152 88 168 192 384 360 344 328 312 296 280 88 264 264 0 72 72 88 104 120 136 332 312 292 268 404 420 436 104 40 104 120 56 120 468 1096 1080 1064 1048 1032 1608 2312 2312 1032 588 1048 1064 612 632 1080 1096 652 1112 1128 6504 6520 6536 6552 6568 6584 6600 8664 10200 11864 11848 13640 15560 17608 19784 22064 22048 22032 22016 22000 21984 24416 24400 24384 24368 24352 21920 21936 21952 21968 19672 15456 10080 10096 10128 10160 10144 10112 6488 6472 6456 6440 6408 6408 6424 6440 6456 4696 3208 2376 1648 2344 3176 3176 3144 4104 6424 10048 10064 11736 13496 11696 10032 10016 10000 10016 10032 11712 10048 9288 10888 12616 15448 19116 17464 21952 24384 24368 21936 21920 21904 24336 24352 26904 29592 32424 35384 38472 41664 41680 45008 44992 44976 41648 41632 44960 44944 41616 41632 44960 44976 41648 41664 44992 52032 55728 55712 55696 55712 55728 55744 55760 63568 63552 63536 63520 67616 67632 67648 67664 67680 67696 67712 69824 65664 63616 63600 63584 59640 55824 52096 55792 55776 45024 41696 41712 45040 45056 41728 41744 41760 41776 38576 35488 32528 29696 26992 24432 24448 24464 24480 24496 29784 32600 35544 38616 41816 45144 49476 52144 55864 65712 
65752 65712 56828 50376 50408 46028 41872 38672 38656 35600 32656 29840 27152 24592 27136 24544 19808 17632 15584 13664 11872 13712 17680 19856 15632 11920 10256 8720 7296 5408 5424 5440 3612 2536 1256 1272 832 816 800 784 768 752 736 224 240 256 272 288 304 320 256 240 224 208 192 176 160 144 208 720 704 372 180 112 96 160 368 392 712 688 672 656 640 624 608 288 592 576 72 0 16 32 48 64 80 148 128 108 84 148 156 172 32 96 288 304 112 48 204 640 624 608 592 576 1024 1600 1616 592 276 608 624 300 320 640 656 340 672 688 5296 5312 5328 5344 5360 5376 5392 7264 8672 10208 10192 11856 13648 15568 17616 19768 19752 19736 19720 19704 19688 21992 21976 21960 21944 21928 19624 19640 19656 19672 17504 13544 8552 8568 8600 8632 8616 8584 5280 5264 5248 5232 5200 5184 5200 5216 5232 3664 2368 1664 1064 1632 2336 2336 2304 3152 5216 8520 8536 10080 11712 10040 8504 8488 8472 8472 8488 10040 8504 7808 9280 10880 13520 16964 15408 19640 21944 21928 19624 19608 19608 21912 21912 24336 26912 29616 32448 35408 38472 38488 41688 41672 41656 38456 38440 41640 41624 38424 38424 41624 41640 38440 38456 41656 48440 52008 51992 51992 52008 52024 52040 52056 59608 59592 59576 59560 63528 63544 63560 63576 63592 63608 63624 65672 61640 59656 59640 59624 55808 52120 48520 52088 52072 41704 38504 38520 41720 41736 38536 38552 38568 38584 35512 32552 29720 27016 24440 22008 22024 22040 22056 22072 27104 29792 32608 35552 38624 41824 45996 48568 52160 61688 
65736 65696 56812 50360 50392 46012 41856 38656 38640 35584 32640 29824 27136 24576 27120 24528 19792 17616 15568 13648 11856 13696 17664 19840 15616 11904 10240 8704 7280 5392 5408 5424 3596 2520 1240 1256 816 800 784 768 752 736 720 208 224 240 256 272 288 304 240 224 208 192 176 160 144 128 192 704 688 356 164 96 80 144 352 376 696 672 656 640 624 608 592 272 576 592 72 16 0 16 32 48 64 132 112 92 68 156 172 188 48 112 304 320 128 64 220 656 640 624 608 592 1040 1616 1600 576 260 592 608 284 304 624 640 324 656 672 5280 5296 5312 5328 5344 5360 5376 7248 8656 10192 10176 11840 13632 15552 17600 19752 19736 19720 19704 19688 19672 21976 21960 21944 21928 21912 19608 19624 19640 19656 17488 13528 8536 8552 8584 8616 8600 8568 5264 5248 5232 5216 5184 5200 5216 5232 5248 3680 2384 1680 1080 1648 2352 2352 2320 3136 5200 8504 8520 10064 11696 10024 8488 8472 8472 8488 8504 10056 8520 7824 9296 10896 13536 16980 15424 19656 21960 21944 19640 19624 19608 21912 21928 24352 26896 29600 32432 35392 38456 38472 41672 41656 41640 38440 38424 41624 41624 38424 38440 41640 41656 38456 38472 41672 48456 52024 52008 51992 51992 52008 52024 52040 59592 59576 59560 59544 63512 63528 63544 63560 63576 63592 63608 65656 61624 59640 59624 59608 55792 52104 48504 52072 52056 41688 38488 38504 41704 41720 38520 38536 38552 38568 35496 32536 29704 27000 24424 21992 22008 22024 22040 22056 27088 29776 32592 35536 38608 41808 45980 48552 52144 61672 
65720 65680 56796 50344 50376 45996 41840 38640 38624 35568 32624 29808 27120 24560 27104 24512 19776 17600 15552 13632 11840 13680 17648 19824 15600 11888 10224 8688 7264 5376 5392 5408 3580 2504 1224 1240 800 784 768 752 736 720 704 192 208 224 240 256 272 288 224 208 192 176 160 144 128 112 176 688 672 340 148 80 64 128 336 360 680 656 640 624 608 592 576 256 592 608 88 32 16 0 16 32 48 116 96 76 76 172 188 204 64 128 320 336 144 80 236 672 656 640 624 608 1056 1632 1616 592 268 576 592 268 288 608 624 308 640 656 5264 5280 5296 5312 5328 5344 5360 7232 8640 10176 10160 11824 13616 15536 17584 19736 19720 19704 19688 19672 19656 21960 21944 21928 21912 21912 19608 19608 19624 19640 17472 13512 8520 8536 8568 8600 8584 8552 5248 5232 5216 5200 5200 5216 5232 5248 5264 3696 2400 1696 1096 1664 2368 2368 2336 3152 5184 8488 8504 10048 11680 10008 8472 8472 8488 8504 8520 10072 8536 7840 9312 10912 13552 16996 15440 19672 21976 21960 19656 19640 19624 21928 21944 24368 26912 29584 32416 35376 38440 38456 41656 41640 41624 38424 38424 41624 41640 38440 38456 41656 41672 38472 38488 41688 48472 52040 52024 52008 51992 51992 52008 52024 59576 59560 59544 59544 63512 63512 63528 63544 63560 63576 63592 65640 61608 59624 59608 59592 55776 52088 48488 52056 52040 41672 38472 38488 41688 41704 38504 38520 38536 38552 35480 32520 29688 26984 24408 21976 21992 22008 22024 22040 27072 29760 32576 35520 38592 41792 45964 48536 52128 61656 
65704 65664 56780 50328 50360 45980 41824 38624 38608 35552 32608 29792 27104 24544 27088 24496 19760 17584 15536 13616 11824 13664 17632 19808 15584 11872 10208 8672 7248 5360 5376 5392 3564 2488 1208 1224 784 768 752 736 720 704 688 176 192 208 224 240 256 272 208 192 176 160 144 128 112 96 160 672 656 324 132 64 48 112 320 344 664 640 624 608 592 576 592 272 608 624 104 48 32 16 0 16 32 100 80 68 92 188 204 220 80 144 336 352 160 96 252 688 672 656 640 624 1072 1648 1632 608 284 592 576 260 272 592 608 292 624 640 5248 5264 5280 5296 5312 5328 5344 7216 8624 10160 10144 11808 13600 15520 17568 19720 19704 19688 19672 19656 19640 21944 21928 21912 21912 21928 19624 19608 19608 19624 17456 13496 8504 8520 8552 8584 8568 8536 5232 5216 5200 5184 5216 5232 5248 5264 5280 3712 2416 1712 1112 1680 2384 2384 2352 3168 5200 8472 8488 10032 11664 10008 8472 8488 8504 8520 8536 10088 8552 7856 9328 10928 13568 17012 15456 19688 21992 21976 19672 19656 19640 21944 21960 24384 26928 29600 32400 35360 38424 38440 41640 41624 41624 38424 38440 41640 41656 38456 38472 41672 41688 38488 38504 41704 48488 52056 52040 52024 52008 51992 51992 52008 59560 59544 59544 59560 63528 63512 63512 63528 63544 63560 63576 65624 61592 59608 59592 59576 55760 52072 48472 52040 52024 41656 38456 38472 41672 41688 38488 38504 38520 38536 35464 32504 29672 26968 24392 21960 21976 21992 22008 22024 27056 29744 32560 35504 38576 41776 45948 48520 52112 61640 
65688 65648 56764 50312 50344 45964 41808 38608 38592 35536 32592 29776 27088 24528 27072 24480 19744 17568 15520 13600 11808 13648 17616 19792 15568 11856 10192 8656 7232 5344 5360 5376 3548 2472 1192 1208 768 752 736 720 704 688 672 160 176 192 208 224 240 256 192 176 160 144 128 112 96 80 144 656 640 308 116 48 32 96 304 328 648 624 608 592 576 592 608 288 624 640 120 64 48 32 16 0 16 84 64 84 108 204 220 236 96 160 352 368 176 112 268 704 688 672 656 640 1088 1664 1648 624 300 608 592 276 256 576 592 276 608 624 5232 5248 5264 5280 5296 5312 5328 7200 8608 10144 10128 11792 13584 15504 17552 19704 19688 19672 19656 19640 19624 21928 21912 21912 21928 21944 19640 19624 19608 19608 17440 13480 8488 8504 8536 8568 8552 8520 5216 5200 5184 5200 5232 5248 5264 5280 5296 3728 2432 1728 1128 1696 2400 2400 2368 3184 5216 8472 8472 10016 11680 10024 8488 8504 8520 8536 8552 10104 8568 7872 9344 10944 13584 17028 15472 19704 22008 21992 19688 19672 19656 21960 21976 24400 26944 29616 32416 35344 38424 38424 41624 41624 41640 38440 38456 41656 41672 38472 38488 41688 41704 38504 38520 41720 48504 52072 52056 52040 52024 52008 51992 51992 59544 59544 59560 59576 63544 63528 63512 63512 63528 63544 63560 65608 61576 59592 59576 59560 55744 52056 48456 52024 52008 41640 38440 38456 41656 41672 38472 38488 38504 38520 35448 32488 29656 26952 24376 21944 21960 21976 21992 22008 27040 29728 32544 35488 38560 41760 45932 48504 52096 61624 
65672 65632 56748 50296 50328 45948 41792 38592 38576 35520 32576 29760 27072 24512 27056 24464 19728 17552 15504 13584 11792 13632 17600 19776 15552 11840 10176 8640 7216 5328 5344 5360 3532 2456 1176 1192 752 736 720 704 688 672 656 144 160 176 192 208 224 240 176 160 144 128 112 96 80 64 128 640 624 292 100 32 16 80 288 312 632 608 592 576 592 608 624 304 640 656 136 80 64 48 32 16 0 68 80 100 124 220 236 252 112 176 368 384 192 128 284 720 704 688 672 656 1104 1680 1664 640 316 624 608 292 272 592 576 260 592 608 5216 5232 5248 5264 5280 5296 5312 7184 8592 10128 10112 11776 13568 15488 17536 19688 19672 19656 19640 19624 19608 21912 21912 21928 21944 21960 19656 19640 19624 19608 17424 13464 8472 8488 8520 8552 8536 8504 5200 5184 5200 5216 5248 5264 5280 5296 5312 3744 2448 1744 1144 1712 2416 2416 2384 3200 5232 8488 8472 10000 11696 10040 8504 8520 8536 8552 8568 10120 8584 7888 9360 10960 13600 17044 15488 19720 22024 22008 19704 19688 19672 21976 21992 24416 26960 29632 32432 35360 38440 38424 41624 41640 41656 38456 38472 41672 41688 38488 38504 41704 41720 38520 38536 41736 48520 52088 52072 52056 52040 52024 52008 51992 59544 59560 59576 59592 63560 63544 63528 63512 63512 63528 63544 65592 61560 59576 59560 59544 55728 52040 48440 52008 51992 41624 38424 38440 41640 41656 38456 38472 38488 38504 35432 32472 29640 26936 24360 21928 21944 21960 21976 21992 27024 29712 32528 35472 38544 41744 45916 48488 52080 61608 
61636 61596 53000 46772 46804 42584 38588 35516 35500 32572 29756 27068 24508 22076 24492 22028 17548 15500 13580 11788 10124 11836 15548 17596 13628 10172 8636 7228 5932 4236 4252 4268 2664 1748 724 740 428 412 396 380 364 348 332 76 92 108 124 140 156 172 236 220 204 188 172 156 140 124 60 316 300 96 32 92 76 268 604 628 1076 1052 1036 1028 1044 1060 1076 628 1092 1108 332 148 132 116 100 84 68 0 20 40 64 96 112 128 180 372 692 708 388 196 160 404 388 372 356 340 660 1108 1092 324 128 308 292 104 84 276 260 64 268 284 4124 4140 4156 4172 4188 4204 4220 5900 7180 8588 8572 10108 11772 13564 15484 17508 17492 17476 17460 17444 17428 19604 19612 19628 19644 19660 17484 17468 17452 17436 15380 11668 7060 7076 7108 7140 7124 7092 4108 4100 4116 4132 4164 4180 4196 4212 4228 2852 1748 1172 700 1140 1716 1716 1684 2372 4148 7084 7068 8468 10036 8508 7100 7116 7132 7148 7164 8588 7180 6548 7892 9364 11812 15032 13572 17548 19724 19708 17532 17516 17500 19676 19692 21988 24404 26948 29620 32420 35372 35356 38428 38444 38460 35388 35404 38476 38492 35420 35436 38508 38524 35452 35468 38540 45068 48508 48492 48476 48460 48444 48428 48412 55708 55724 55740 55756 59596 59580 59564 59548 59540 59556 59572 61556 57652 55732 55716 55700 52012 48452 44980 48420 48404 38420 35348 35364 38436 38452 35380 35396 35412 35428 32484 29652 26948 24372 21924 19620 19636 19652 19668 19684 24460 27020 29708 32524 35468 38540 42552 45028 48492 57700 
61656 61616 53020 46792 46824 42604 38608 35536 35520 32592 29776 27088 24528 22096 24512 22048 17568 15520 13600 11808 10144 11856 15568 17616 13648 10192 8656 7248 5952 4256 4272 4288 2684 1768 744 760 448 432 416 400 384 368 352 96 112 128 144 160 176 192 256 240 224 208 192 176 160 144 80 336 320 116 52 112 96 288 624 648 1096 1072 1056 1040 1024 1040 1056 608 1072 1088 312 128 112 96 80 64 80 20 0 20 44 76 92 108 160 352 672 688 368 176 140 384 368 352 336 320 640 1088 1072 304 108 288 272 84 64 256 272 84 288 304 4144 4160 4176 4192 4208 4224 4240 5920 7200 8608 8592 10128 11792 13584 15504 17528 17512 17496 17480 17464 17448 19624 19608 19608 19624 19640 17464 17448 17432 17432 15392 11688 7080 7096 7128 7160 7144 7112 4128 4112 4096 4112 4144 4160 4176 4192 4208 2832 1728 1152 680 1120 1696 1696 1664 2352 4128 7064 7064 8480 10016 8488 7080 7096 7112 7128 7144 8568 7160 6528 7872 9344 11792 15012 13552 17528 19704 19688 17512 17496 17480 19656 19672 21968 24384 26928 29600 32400 35352 35352 38424 38424 38440 35368 35384 38456 38472 35400 35416 38488 38504 35432 35448 38520 45048 48488 48472 48456 48440 48424 48408 48408 55704 55704 55720 55736 59576 59560 59544 59544 59560 59576 59592 61576 57672 55752 55736 55720 52032 48472 45000 48440 48424 38440 35368 35384 38456 38472 35400 35416 35432 35448 32504 29672 26968 24392 21944 19640 19656 19672 19688 19704 24480 27040 29728 32544 35488 38560 42572 45048 48512 57720 
61676 61636 53040 46812 46844 42624 38628 35556 35540 32612 29796 27108 24548 22116 24532 22068 17588 15540 13620 11828 10164 11876 15588 17636 13668 10212 8676 7268 5972 4276 4292 4308 2704 1788 764 780 468 452 436 420 404 388 372 116 132 148 164 180 196 212 276 260 244 228 212 196 180 164 100 356 340 136 72 132 116 308 644 668 1116 1092 1076 1060 1044 1028 1036 588 1052 1068 292 108 92 76 68 84 100 40 20 0 24 56 72 88 140 332 652 668 348 156 120 364 348 332 316 300 620 1068 1052 284 88 268 260 64 84 276 292 104 308 324 4164 4180 4196 4212 4228 4244 4260 5940 7220 8628 8612 10148 11812 13604 15524 17548 17532 17516 17500 17484 17468 19644 19628 19612 19604 19620 17444 17428 17436 17452 15412 11708 7100 7116 7148 7180 7164 7132 4148 4132 4116 4100 4124 4140 4156 4172 4188 2812 1708 1132 660 1100 1676 1676 1644 2332 4108 7068 7084 8500 10004 8468 7060 7076 7092 7108 7124 8548 7140 6508 7852 9324 11772 14992 13532 17508 19684 19668 17492 17476 17460 19636 19652 21948 24364 26908 29588 32420 35356 35372 38444 38428 38420 35348 35364 38436 38452 35380 35396 38468 38484 35412 35428 38500 45028 48468 48452 48436 48420 48404 48412 48428 55724 55708 55700 55716 59556 59540 59548 59564 59580 59596 59612 61596 57692 55772 55756 55740 52052 48492 45020 48460 48444 38460 35388 35404 38476 38492 35420 35436 35452 35468 32524 29692 26988 24412 21964 19660 19676 19692 19708 19724 24500 27060 29748 32564 35508 38580 42592 45068 48532 57740 
61700 61660 53064 46836 46868 42648 38652 35580 35564 32636 29820 27132 24572 22140 24556 22092 17612 15564 13644 11852 10188 11900 15612 17660 13692 10236 8700 7292 5996 4300 4316 4332 2728 1812 788 804 492 476 460 444 428 412 396 140 156 172 188 204 220 236 300 284 268 252 236 220 204 188 124 380 364 160 96 156 140 332 668 692 1140 1116 1100 1084 1068 1052 1036 588 1028 1044 268 84 68 76 92 108 124 64 44 24 0 32 48 64 116 308 628 644 324 132 96 340 324 308 292 276 596 1044 1028 260 64 268 284 88 108 300 316 128 332 348 4188 4204 4220 4236 4252 4268 4284 5964 7244 8652 8636 10172 11836 13628 15548 17572 17556 17540 17524 17508 17492 19668 19652 19636 19620 19604 17428 17444 17460 17476 15436 11732 7124 7140 7172 7204 7188 7156 4172 4156 4140 4124 4100 4116 4132 4148 4164 2788 1684 1108 636 1076 1652 1652 1620 2308 4108 7092 7108 8524 10028 8484 7076 7060 7068 7084 7100 8524 7116 6484 7828 9300 11748 14968 13508 17484 19660 19644 17468 17452 17436 19612 19628 21924 24340 26908 29612 32444 35380 35396 38468 38452 38436 35364 35348 38420 38428 35356 35372 38444 38460 35388 35404 38476 45004 48444 48428 48412 48404 48420 48436 48452 55748 55732 55716 55700 59540 59556 59572 59588 59604 59620 59636 61620 57716 55796 55780 55764 52076 48516 45044 48484 48468 38484 35412 35428 38500 38516 35444 35460 35476 35492 32548 29716 27012 24436 21988 19684 19700 19716 19732 19748 24524 27084 29772 32588 35532 38604 42616 45092 48556 57764 
59748 59708 51256 45140 45172 41032 37116 34108 34092 31228 28476 25852 23356 20988 23340 20940 16588 14604 12748 11020 9420 11068 14652 16636 12796 9468 7996 6652 5420 3820 3836 3852 2360 1524 628 644 396 380 364 348 332 316 300 172 188 204 220 236 252 268 396 380 364 348 332 316 300 284 156 284 268 128 128 252 236 492 892 916 1428 1404 1388 1372 1356 1340 1324 812 1308 1300 404 148 156 172 188 204 220 96 76 56 32 0 16 32 180 436 820 836 452 196 64 212 196 180 164 148 404 788 796 156 32 172 188 56 76 204 220 96 236 252 3708 3724 3740 3756 3772 3788 3804 5388 6604 7948 7932 9404 11004 12732 14588 16548 16532 16516 16500 16484 16468 18580 18564 18548 18532 18516 16404 16420 16436 16452 14476 10900 6484 6500 6532 6564 6548 6516 3692 3676 3660 3644 3612 3604 3620 3636 3652 2372 1364 852 444 820 1332 1332 1300 1948 3628 6452 6468 7820 9260 7780 6436 6420 6404 6412 6428 7788 6444 5844 7124 8532 10884 13992 12580 16428 18540 18524 16412 16396 16388 18500 18508 20740 23116 25628 28268 31036 33908 33924 36932 36916 36900 33892 33876 36884 36868 33860 33868 36876 36892 33884 33900 36908 43308 46684 46668 46660 46676 46692 46708 46724 53892 53876 53860 53844 57620 57636 57652 57668 57684 57700 57716 59668 55828 53940 53924 53908 50284 46788 43380 46756 46740 36948 33940 33956 36964 36980 33972 33988 34004 34020 31140 28372 25732 23220 20836 18596 18612 18628 18644 18660 23308 25804 28428 31180 34060 37068 41000 43428 46828 55876 
59764 59724 51272 45156 45188 41048 37132 34124 34108 31244 28492 25868 23372 21004 23356 20956 16604 14620 12764 11036 9436 11084 14668 16652 12812 9484 8012 6668 5436 3836 3852 3868 2376 1540 644 660 412 396 380 364 348 332 316 188 204 220 236 252 268 284 412 396 380 364 348 332 316 300 172 300 284 144 144 268 252 508 908 932 1444 1420 1404 1388 1372 1356 1340 828 1324 1308 420 156 172 188 204 220 236 112 92 72 48 16 0 16 164 420 804 820 436 180 48 196 180 164 148 156 412 796 812 172 48 188 204 72 92 220 236 112 252 268 3724 3740 3756 3772 3788 3804 3820 5404 6620 7964 7948 9420 11020 12748 14604 16564 16548 16532 16516 16500 16484 18596 18580 18564 18548 18532 16420 16436 16452 16468 14492 10916 6500 6516 6548 6580 6564 6532 3708 3692 3676 3660 3628 3612 3604 3620 3636 2356 1348 836 428 804 1316 1316 1308 1964 3644 6468 6484 7836 9276 7796 6452 6436 6420 6404 6412 7772 6428 5828 7108 8516 10868 13976 12564 16412 18524 18508 16396 16388 16404 18516 18500 20748 23132 25644 28284 31052 33924 33940 36948 36932 36916 33908 33892 36900 36884 33876 33860 36868 36876 33868 33884 36892 43292 46668 46660 46676 46692 46708 46724 46740 53908 53892 53876 53860 57636 57652 57668 57684 57700 57716 57732 59684 55844 53956 53940 53924 50300 46804 43396 46772 46756 36964 33956 33972 36980 36996 33988 34004 34020 34036 31156 28388 25748 23236 20852 18612 18628 18644 18660 18676 23324 25820 28444 31196 34076 37084 41016 43444 46844 55892 
59780 59740 51288 45172 45204 41064 37148 34140 34124 31260 28508 25884 23388 21020 23372 20972 16620 14636 12780 11052 9452 11100 14684 16668 12828 9500 8028 6684 5452 3852 3868 3884 2392 1556 660 676 428 412 396 380 364 348 332 204 220 236 252 268 284 300 428 412 396 380 364 348 332 316 188 316 300 160 160 284 268 524 924 948 1460 1436 1420 1404 1388 1372 1356 844 1340 1324 436 172 188 204 220 236 252 128 108 88 64 32 16 0 148 404 788 804 420 164 32 180 164 148 156 172 428 812 828 188 64 204 220 88 108 236 252 128 268 284 3740 3756 3772 3788 3804 3820 3836 5420 6636 7980 7964 9436 11036 12764 14620 16580 16564 16548 16532 16516 16500 18612 18596 18580 18564 18548 16436 16452 16468 16484 14508 10932 6516 6532 6564 6596 6580 6548 3724 3708 3692 3676 3644 3628 3612 3604 3620 2340 1332 820 412 788 1300 1300 1324 1980 3660 6484 6500 7852 9292 7812 6468 6452 6436 6420 6404 7756 6412 5812 7092 8500 10852 13960 12548 16396 18508 18500 16388 16404 16420 18532 18516 20764 23148 25660 28300 31068 33940 33956 36964 36948 36932 33924 33908 36916 36900 33892 33876 36884 36868 33860 33868 36876 43276 46660 46676 46692 46708 46724 46740 46756 53924 53908 53892 53876 57652 57668 57684 57700 57716 57732 57748 59700 55860 53972 53956 53940 50316 46820 43412 46788 46772 36980 33972 33988 36996 37012 34004 34020 34036 34052 31172 28404 25764 23252 20868 18628 18644 18660 18676 18692 23340 25836 28460 31212 34092 37100 41032 43460 46860 55908 
65784 65744 56860 50408 50440 46060 41904 38704 38688 35632 32688 29872 27184 24624 27168 24576 19840 17664 15616 13696 11904 13744 17712 19888 15664 11952 10288 8752 7328 5440 5456 5472 3644 2568 1288 1304 864 848 832 816 800 784 768 256 272 288 304 320 336 352 288 272 256 240 224 208 192 176 240 752 736 404 212 144 128 192 400 424 744 720 704 688 672 656 640 320 624 608 104 32 48 64 80 96 112 180 160 140 116 180 164 148 0 64 256 272 80 16 172 608 592 576 592 608 1056 1632 1648 624 308 640 656 332 352 672 688 372 704 720 5328 5344 5360 5376 5392 5408 5424 7296 8704 10240 10224 11888 13680 15600 17648 19800 19784 19768 19752 19736 19720 22024 22008 21992 21976 21960 19656 19672 19688 19704 17536 13576 8584 8600 8632 8664 8648 8616 5312 5296 5280 5264 5232 5216 5200 5184 5200 3632 2336 1632 1032 1600 2304 2304 2336 3184 5248 8552 8568 10112 11744 10072 8536 8520 8504 8488 8472 10008 8472 7776 9248 10848 13488 16932 15376 19608 21912 21912 19608 19624 19640 21944 21928 24368 26944 29648 32480 35440 38504 38520 41720 41704 41688 38488 38472 41672 41656 38456 38440 41640 41624 38424 38424 41624 48408 51992 52008 52024 52040 52056 52072 52088 59640 59624 59608 59592 63560 63576 63592 63608 63624 63640 63656 65704 61672 59688 59672 59656 55840 52152 48552 52120 52104 41736 38536 38552 41752 41768 38568 38584 38600 38616 35544 32584 29752 27048 24472 22040 22056 22072 22088 22104 27136 29824 32640 35584 38656 41856 46028 48600 52192 61720 
69944 69904 60732 54056 54088 49548 45232 41904 41888 38704 35632 32688 29872 27184 29856 27136 22144 19840 17664 15616 13696 15664 19888 22192 17712 13744 11952 10288 8736 6656 6672 6688 4636 3400 1864 1880 1312 1296 1280 1264 1248 1232 1216 448 464 480 496 512 528 544 352 336 320 304 288 272 256 240 432 1200 1184 724 404 208 192 128 208 232 424 400 384 368 352 336 320 128 304 288 40 96 112 128 144 160 176 372 352 332 308 436 420 404 64 0 64 80 16 80 428 1056 1040 1024 1040 1056 1632 2336 2352 1072 628 1088 1104 652 672 1120 1136 692 1152 1168 6544 6560 6576 6592 6608 6624 6640 8704 10240 11904 11888 13680 15600 17648 19824 22104 22088 22072 22056 22040 22024 24456 24440 24424 24408 24392 21960 21976 21992 22008 19712 15496 10120 10136 10168 10200 10184 10152 6528 6512 6496 6480 6448 6432 6416 6400 6416 4656 3168 2336 1608 2304 3136 3136 3168 4144 6464 10088 10104 11776 13536 11736 10072 10056 10040 10024 10008 11672 10008 9248 10848 12576 15408 19076 17424 21912 24344 24344 21912 21928 21944 24376 24360 26928 29632 32464 35424 38512 41704 41720 45048 45032 45016 41688 41672 45000 44984 41656 41640 44968 44952 41624 41624 44952 51992 55704 55720 55736 55752 55768 55784 55800 63608 63592 63576 63560 67656 67672 67688 67704 67720 67736 67752 69864 65704 63656 63640 63624 59680 55864 52136 55832 55816 45064 41736 41752 45080 45096 41768 41784 41800 41816 38616 35528 32568 29736 27032 24472 24488 24504 24520 24536 29824 32640 35584 38656 41856 45184 49516 52184 55904 65752 
74232 74192 64732 57832 57864 53164 48688 45232 45216 41904 38704 35632 32688 29872 32672 29824 24576 22144 19840 17664 15616 17712 22192 24624 19888 15664 13744 11952 10272 8000 8016 8032 5756 4360 2568 2584 1888 1872 1856 1840 1824 1808 1792 768 784 800 816 832 848 864 544 528 512 496 480 464 448 432 752 1776 1760 1172 724 400 384 192 144 168 232 208 192 176 160 144 128 64 112 96 104 288 304 320 336 352 368 692 672 652 628 820 804 788 256 64 0 16 80 272 812 1632 1616 1600 1616 1632 2336 3168 3184 1648 1076 1664 1680 1100 1120 1696 1712 1140 1728 1744 7888 7904 7920 7936 7952 7968 7984 10240 11904 13696 13680 15600 17648 19824 22128 24536 24520 24504 24488 24472 24456 27016 27000 26984 26968 26952 24392 24408 24424 24440 22016 17544 11784 11800 11832 11864 11848 11816 7872 7856 7840 7824 7792 7776 7760 7744 7760 5808 4128 3168 2312 3136 4096 4096 4128 5232 7808 11752 11768 13568 15456 13528 11736 11720 11704 11688 11672 13464 11672 10848 12576 14432 17456 21348 19600 24344 26904 26904 24344 24360 24376 26936 26920 29616 32448 35408 38496 41712 45032 45048 48504 48488 48472 45016 45000 48456 48440 44984 44968 48424 48408 44952 44952 48408 55704 59544 59560 59576 59592 59608 59624 59640 67704 67688 67672 67656 71880 71896 71912 71928 71944 71960 71976 74152 69864 67752 67736 67720 63648 59704 55848 59672 59656 48520 45064 45080 48536 48552 45096 45112 45128 45144 41816 38600 35512 32552 29720 27032 27048 27064 27080 27096 32640 35584 38656 41856 45184 48640 53132 55896 59744 69912 
74248 74208 64748 57848 57880 53180 48704 45248 45232 41920 38720 35648 32704 29888 32688 29840 24592 22160 19856 17680 15632 17728 22208 24640 19904 15680 13760 11968 10288 8016 8032 8048 5772 4376 2584 2600 1904 1888 1872 1856 1840 1824 1808 784 800 816 832 848 864 880 560 544 528 512 496 480 464 448 768 1792 1776 1188 740 416 400 208 160 184 248 224 208 192 176 160 144 80 128 112 120 304 320 336 352 368 384 708 688 668 644 836 820 804 272 80 16 0 64 256 796 1616 1600 1616 1632 1648 2352 3184 3200 1664 1092 1680 1696 1116 1136 1712 1728 1156 1744 1760 7904 7920 7936 7952 7968 7984 8000 10256 11920 13712 13696 15616 17664 19840 22144 24552 24536 24520 24504 24488 24472 27032 27016 27000 26984 26968 24408 24424 24440 24456 22032 17560 11800 11816 11848 11880 11864 11832 7888 7872 7856 7840 7808 7792 7776 7760 7744 5792 4112 3152 2312 3152 4112 4112 4144 5248 7824 11768 11784 13584 15472 13544 11752 11736 11720 11704 11688 13464 11672 10832 12560 14416 17440 21332 19616 24344 26904 26920 24360 24376 24392 26952 26936 29632 32464 35424 38512 41728 45048 45064 48520 48504 48488 45032 45016 48472 48456 45000 44984 48440 48424 44968 44952 48408 55704 59560 59576 59592 59608 59624 59640 59656 67720 67704 67688 67672 71896 71912 71928 71944 71960 71976 71992 74168 69880 67768 67752 67736 63664 59720 55864 59688 59672 48536 45080 45096 48552 48568 45112 45128 45144 45160 41832 38616 35528 32568 29736 27048 27064 27080 27096 27112 32656 35600 38672 41872 45200 48656 53148 55912 59760 69928 
69960 69920 60748 54072 54104 49564 45248 41920 41904 38720 35648 32704 29888 27200 29872 27152 22160 19856 17680 15632 13712 15680 19904 22208 17728 13760 11968 10304 8752 6672 6688 6704 4652 3416 1880 1896 1328 1312 1296 1280 1264 1248 1232 464 480 496 512 528 544 560 368 352 336 320 304 288 272 256 448 1216 1200 740 420 224 208 144 224 248 440 416 400 384 368 352 336 144 320 304 56 112 128 144 160 176 192 388 368 348 324 452 436 420 80 16 80 64 0 64 412 1040 1024 1040 1056 1072 1648 2352 2368 1088 644 1104 1120 668 688 1136 1152 708 1168 1184 6560 6576 6592 6608 6624 6640 6656 8720 10256 11920 11904 13696 15616 17664 19840 22120 22104 22088 22072 22056 22040 24472 24456 24440 24424 24408 21976 21992 22008 22024 19728 15512 10136 10152 10184 10216 10200 10168 6544 6528 6512 6496 6464 6448 6432 6416 6400 4640 3152 2320 1608 2320 3152 3152 3184 4160 6480 10104 10120 11792 13552 11752 10088 10072 10056 10040 10024 11672 10008 9232 10832 12560 15392 19060 17440 21912 24344 24360 21928 21944 21960 24392 24376 26944 29648 32480 35440 38528 41720 41736 45064 45048 45032 41704 41688 45016 45000 41672 41656 44984 44968 41640 41624 44952 51992 55720 55736 55752 55768 55784 55800 55816 63624 63608 63592 63576 67672 67688 67704 67720 67736 67752 67768 69880 65720 63672 63656 63640 59696 55880 52152 55848 55832 45080 41752 41768 45096 45112 41784 41800 41816 41832 38632 35544 32584 29752 27048 24488 24504 24520 24536 24552 29840 32656 35600 38672 41872 45200 49532 52200 55920 65768 
65800 65760 56876 50424 50456 46076 41920 38720 38704 35648 32704 29888 27200 24640 27184 24592 19856 17680 15632 13712 11920 13760 17728 19904 15680 11968 10304 8768 7344 5456 5472 5488 3660 2584 1304 1320 880 864 848 832 816 800 784 272 288 304 320 336 352 368 304 288 272 256 240 224 208 192 256 768 752 420 228 160 144 208 416 440 760 736 720 704 688 672 656 336 640 624 120 48 64 80 96 112 128 196 176 156 132 196 180 164 16 80 272 256 64 0 156 592 576 592 608 624 1072 1648 1664 640 324 656 672 348 368 688 704 388 720 736 5344 5360 5376 5392 5408 5424 5440 7312 8720 10256 10240 11904 13696 15616 17664 19816 19800 19784 19768 19752 19736 22040 22024 22008 21992 21976 19672 19688 19704 19720 17552 13592 8600 8616 8648 8680 8664 8632 5328 5312 5296 5280 5248 5232 5216 5200 5184 3616 2320 1616 1032 1616 2320 2320 2352 3200 5264 8568 8584 10128 11760 10088 8552 8536 8520 8504 8488 10008 8472 7760 9232 10832 13472 16916 15392 19608 21912 21928 19624 19640 19656 21960 21944 24384 26960 29664 32496 35456 38520 38536 41736 41720 41704 38504 38488 41688 41672 38472 38456 41656 41640 38440 38424 41624 48408 52008 52024 52040 52056 52072 52088 52104 59656 59640 59624 59608 63576 63592 63608 63624 63640 63656 63672 65720 61688 59704 59688 59672 55856 52168 48568 52136 52120 41752 38552 38568 41768 41784 38584 38600 38616 38632 35560 32600 29768 27064 24488 22056 22072 22088 22104 22120 27152 29840 32656 35600 38672 41872 46044 48616 52208 61736 
59812 59772 51320 45204 45236 41096 37180 34172 34156 31292 28540 25916 23420 21052 23404 21004 16652 14668 12812 11084 9484 11132 14716 16700 12860 9532 8060 6716 5484 3884 3900 3916 2424 1588 692 708 460 444 428 412 396 380 364 236 252 268 284 300 316 332 460 444 428 412 396 380 364 348 220 348 332 192 192 316 300 556 956 980 1492 1468 1452 1436 1420 1404 1388 876 1372 1356 468 204 220 236 252 268 284 160 140 120 96 64 48 32 172 428 812 796 412 156 0 148 156 172 188 204 460 844 860 220 96 236 252 120 140 268 284 160 300 316 3772 3788 3804 3820 3836 3852 3868 5452 6668 8012 7996 9468 11068 12796 14652 16612 16596 16580 16564 16548 16532 18644 18628 18612 18596 18580 16468 16484 16500 16516 14540 10964 6548 6564 6596 6628 6612 6580 3756 3740 3724 3708 3676 3660 3644 3628 3612 2308 1300 788 420 812 1324 1324 1356 2012 3692 6516 6532 7884 9324 7844 6500 6484 6468 6452 6436 7764 6420 5780 7060 8468 10820 13928 12572 16404 18516 18532 16420 16436 16452 18564 18548 20796 23180 25692 28332 31100 33972 33988 36996 36980 36964 33956 33940 36948 36932 33924 33908 36916 36900 33892 33876 36884 43284 46692 46708 46724 46740 46756 46772 46788 53956 53940 53924 53908 57684 57700 57716 57732 57748 57764 57780 59732 55892 54004 53988 53972 50348 46852 43444 46820 46804 37012 34004 34020 37028 37044 34036 34052 34068 34084 31204 28436 25796 23284 20900 18660 18676 18692 18708 18724 23372 25868 28492 31244 34124 37132 41064 43492 46892 55940 
54104 54064 46044 40264 40296 36396 32720 29904 29888 27216 24656 22224 19920 17744 19904 17696 13728 11936 10272 8736 7328 8784 11984 13776 10320 7376 6096 4944 3904 2592 2608 2624 1468 872 360 376 320 304 288 272 256 240 224 480 496 512 528 544 560 576 896 880 864 848 832 816 800 784 464 208 192 244 436 752 736 1184 1776 1800 2504 2480 2464 2448 2432 2416 2400 1696 2384 2368 1096 640 656 672 688 704 720 404 384 364 340 212 196 180 608 1056 1632 1616 1040 592 148 0 16 32 48 64 128 320 336 80 148 96 112 172 192 128 144 212 160 176 2480 2496 2512 2528 2544 2560 2576 3872 4896 6048 6032 7312 8720 10256 11920 13688 13672 13656 13640 13624 13608 15528 15512 15496 15480 15464 13544 13560 13576 13592 11808 8616 4776 4792 4824 4856 4840 4808 2464 2448 2432 2416 2384 2368 2352 2336 2320 1296 576 256 88 288 608 608 640 1104 2400 4744 4760 5920 7168 5880 4728 4712 4696 4680 4664 5800 4648 4096 5184 6400 8464 11236 10032 13480 15400 15416 13496 13512 13528 15448 15432 17488 19680 22000 24448 27024 29704 29720 32536 32520 32504 29688 29672 32488 32472 29656 29640 32456 32440 29624 29608 32424 38440 41656 41672 41688 41704 41720 41736 41752 48536 48520 48504 48488 52072 52088 52104 52120 52136 52152 52168 54024 50376 48584 48568 48552 45120 41816 38600 41784 41768 32552 29736 29752 32568 32584 29768 29784 29800 29816 27128 24552 22104 19784 17592 15544 15560 15576 15592 15608 19872 22176 24608 27168 29856 32672 36364 38648 41856 50424 
54088 54048 46028 40248 40280 36380 32704 29888 29872 27200 24640 22208 19904 17728 19888 17680 13712 11920 10256 8720 7312 8768 11968 13760 10304 7360 6080 4928 3888 2576 2592 2608 1452 856 344 360 304 288 272 256 240 224 208 464 480 496 512 528 544 560 880 864 848 832 816 800 784 768 448 192 176 228 420 736 720 1168 1760 1784 2488 2464 2448 2432 2416 2400 2384 1680 2368 2352 1080 624 640 656 672 688 704 388 368 348 324 196 180 164 592 1040 1616 1600 1024 576 156 16 0 16 32 48 112 304 320 64 132 80 96 156 176 112 128 196 144 160 2464 2480 2496 2512 2528 2544 2560 3856 4880 6032 6016 7296 8704 10240 11904 13672 13656 13640 13624 13608 13592 15512 15496 15480 15464 15448 13528 13544 13560 13576 11792 8600 4760 4776 4808 4840 4824 4792 2448 2432 2416 2400 2368 2352 2336 2320 2304 1312 592 272 72 272 592 592 624 1088 2384 4728 4744 5904 7152 5864 4712 4696 4680 4664 4648 5784 4632 4112 5200 6416 8480 11252 10016 13464 15384 15400 13480 13496 13512 15432 15416 17472 19664 21984 24432 27008 29688 29704 32520 32504 32488 29672 29656 32472 32456 29640 29624 32440 32424 29608 29592 32408 38424 41640 41656 41672 41688 41704 41720 41736 48520 48504 48488 48472 52056 52072 52088 52104 52120 52136 52152 54008 50360 48568 48552 48536 45104 41800 38584 41768 41752 32536 29720 29736 32552 32568 29752 29768 29784 29800 27112 24536 22088 19768 17576 15528 15544 15560 15576 15592 19856 22160 24592 27152 29840 32656 36348 38632 41840 50408 
54072 54032 46012 40232 40264 36364 32688 29872 29856 27184 24624 22192 19888 17712 19872 17664 13696 11904 10240 8704 7296 8752 11952 13744 10288 7344 6064 4912 3872 2560 2576 2592 1436 840 328 344 288 272 256 240 224 208 192 448 464 480 496 512 528 544 864 848 832 816 800 784 768 752 432 176 160 212 404 720 704 1152 1744 1768 2472 2448 2432 2416 2400 2384 2368 1664 2352 2336 1064 608 624 640 656 672 688 372 352 332 308 180 164 148 576 1024 1600 1616 1040 592 172 32 16 0 16 32 96 288 304 48 116 64 80 140 160 96 112 180 128 144 2448 2464 2480 2496 2512 2528 2544 3840 4864 6016 6000 7280 8688 10224 11888 13656 13640 13624 13608 13592 13576 15496 15480 15464 15448 15432 13512 13528 13544 13560 11776 8584 4744 4760 4792 4824 4808 4776 2432 2416 2400 2384 2352 2336 2320 2304 2320 1328 608 288 72 256 576 576 608 1072 2368 4712 4728 5888 7136 5848 4696 4680 4664 4648 4632 5784 4632 4128 5216 6432 8496 11268 10000 13464 15384 15384 13464 13480 13496 15416 15400 17456 19648 21968 24416 26992 29672 29688 32504 32488 32472 29656 29640 32456 32440 29624 29608 32424 32408 29592 29592 32408 38424 41624 41640 41656 41672 41688 41704 41720 48504 48488 48472 48456 52040 52056 52072 52088 52104 52120 52136 53992 50344 48552 48536 48520 45088 41784 38568 41752 41736 32520 29704 29720 32536 32552 29736 29752 29768 29784 27096 24520 22072 19752 17560 15512 15528 15544 15560 15576 19840 22144 24576 27136 29824 32640 36332 38616 41824 50392 
54056 54016 45996 40216 40248 36348 32672 29856 29840 27168 24608 22176 19872 17696 19856 17648 13680 11888 10224 8688 7280 8736 11936 13728 10272 7328 6048 4896 3856 2544 2560 2576 1420 824 312 328 272 256 240 224 208 192 176 432 448 464 480 496 512 528 848 832 816 800 784 768 752 736 416 160 144 196 388 704 688 1136 1728 1752 2456 2432 2416 2400 2384 2368 2352 1648 2336 2320 1048 592 608 624 640 656 672 356 336 316 292 164 148 156 592 1040 1616 1632 1056 608 188 48 32 16 0 16 80 272 288 32 100 48 64 124 144 80 96 164 112 128 2432 2448 2464 2480 2496 2512 2528 3824 4848 6000 5984 7264 8672 10208 11872 13640 13624 13608 13592 13576 13560 15480 15464 15448 15432 15416 13496 13512 13528 13544 11760 8568 4728 4744 4776 4808 4792 4760 2416 2400 2384 2368 2336 2320 2304 2320 2336 1344 624 304 88 272 592 592 592 1056 2352 4696 4712 5872 7120 5832 4680 4664 4648 4632 4632 5800 4648 4144 5232 6448 8512 11284 10016 13480 15400 15384 13464 13464 13480 15400 15384 17440 19632 21952 24400 26976 29656 29672 32488 32472 32456 29640 29624 32440 32424 29608 29592 32408 32408 29592 29608 32424 38440 41624 41624 41640 41656 41672 41688 41704 48488 48472 48456 48440 52024 52040 52056 52072 52088 52104 52120 53976 50328 48536 48520 48504 45072 41768 38552 41736 41720 32504 29688 29704 32520 32536 29720 29736 29752 29768 27080 24504 22056 19736 17544 15496 15512 15528 15544 15560 19824 22128 24560 27120 29808 32624 36316 38600 41808 50376 
54040 54000 45980 40200 40232 36332 32656 29840 29824 27152 24592 22160 19856 17680 19840 17632 13664 11872 10208 8672 7264 8720 11920 13712 10256 7312 6032 4880 3840 2528 2544 2560 1404 808 296 312 256 240 224 208 192 176 160 416 432 448 464 480 496 512 832 816 800 784 768 752 736 720 400 144 128 180 372 688 672 1120 1712 1736 2440 2416 2400 2384 2368 2352 2336 1632 2320 2304 1032 576 592 608 624 640 656 340 320 300 276 148 156 172 608 1056 1632 1648 1072 624 204 64 48 32 16 0 64 256 272 16 84 32 48 108 128 64 80 148 96 112 2416 2432 2448 2464 2480 2496 2512 3808 4832 5984 5968 7248 8656 10192 11856 13624 13608 13592 13576 13560 13544 15464 15448 15432 15416 15400 13480 13496 13512 13528 11744 8552 4712 4728 4760 4792 4776 4744 2400 2384 2368 2352 2320 2304 2320 2336 2352 1360 640 320 104 288 608 608 576 1040 2336 4680 4696 5856 7104 5816 4664 4648 4632 4632 4648 5816 4664 4160 5248 6464 8528 11300 10032 13496 15416 15400 13480 13464 13464 15384 15384 17424 19616 21936 24384 26960 29640 29656 32472 32456 32440 29624 29608 32424 32408 29592 29592 32408 32424 29608 29624 32440 38456 41640 41624 41624 41640 41656 41672 41688 48472 48456 48440 48424 52008 52024 52040 52056 52072 52088 52104 53960 50312 48520 48504 48488 45056 41752 38536 41720 41704 32488 29672 29688 32504 32520 29704 29720 29736 29752 27064 24488 22040 19720 17528 15480 15496 15512 15528 15544 19808 22112 24544 27104 29792 32608 36300 38584 41792 50360 
50392 50352 42620 37064 37096 33356 29840 27152 27136 24592 22160 19856 17680 15632 17664 15584 11872 10208 8672 7264 5984 7312 10256 11920 8720 6032 4880 3856 2944 1824 1840 1856 924 488 232 248 320 304 288 272 256 240 224 736 752 768 784 800 816 832 1280 1264 1248 1232 1216 1200 1184 1168 720 208 192 372 692 1136 1120 1696 2416 2440 3272 3248 3232 3216 3200 3184 3168 2336 3152 3136 1608 1024 1040 1056 1072 1088 1104 660 640 620 596 404 412 428 1056 1632 2336 2352 1648 1072 460 128 112 96 80 64 0 64 80 80 276 96 112 300 320 128 144 340 160 176 1712 1728 1744 1760 1776 1792 1808 2912 3808 4832 4816 5968 7248 8656 10192 11832 11816 11800 11784 11768 11752 13544 13528 13512 13496 13480 11688 11704 11720 11736 10080 7144 3688 3704 3736 3768 3752 3720 1696 1680 1664 1648 1616 1600 1616 1632 1648 848 320 128 40 96 288 288 256 592 1632 3656 3672 4704 5824 4664 3640 3624 3608 3608 3624 4664 3640 3200 4160 5248 7120 9668 8496 11704 13496 13480 11688 11672 11672 13464 13464 15376 17440 19632 21952 24400 26952 26968 29656 29640 29624 26936 26920 29608 29592 26904 26904 29592 29608 26920 26936 29624 35384 38440 38424 38424 38440 38456 38472 38488 45016 45000 44984 44968 48424 48440 48456 48472 48488 48504 48520 50312 46792 45064 45048 45032 41728 38552 35464 38520 38504 29672 26984 27000 29688 29704 27016 27032 27048 27064 24504 22056 19736 17544 15480 13560 13576 13592 13608 13624 17632 19808 22112 24544 27104 29792 33324 35512 38592 46840 
46872 46832 39388 34056 34088 30508 27152 24592 24576 22160 19856 17680 15632 13712 15616 13664 10208 8672 7264 5984 4832 6032 8720 10256 7312 4880 3856 2960 2176 1248 1264 1280 572 296 296 312 512 496 480 464 448 432 416 1184 1200 1216 1232 1248 1264 1280 1856 1840 1824 1808 1792 1776 1760 1744 1168 400 384 692 1140 1712 1696 2400 3248 3272 4232 4208 4192 4176 4160 4144 4128 3168 4112 4096 2312 1600 1616 1632 1648 1664 1680 1108 1088 1068 1044 788 796 812 1632 2336 3168 3184 2352 1648 844 320 304 288 272 256 64 0 16 272 596 288 304 620 640 320 336 660 352 368 1136 1152 1168 1184 1200 1216 1232 2144 2912 3808 3792 4816 5968 7248 8656 10168 10152 10136 10120 10104 10088 11752 11736 11720 11704 11688 10024 10040 10056 10072 8544 5864 2792 2808 2840 2872 2856 2824 1120 1104 1088 1072 1040 1024 1040 1056 1072 464 128 64 104 32 96 96 64 272 1056 2760 2776 3680 4672 3640 2744 2728 2712 2712 2728 3640 2744 2368 3200 4160 5840 8164 7088 10040 11704 11688 10024 10008 10008 11672 11672 13456 15392 17456 19648 21968 24392 24408 26968 26952 26936 24376 24360 26920 26904 24344 24344 26904 26920 24360 24376 26936 32440 35368 35352 35352 35368 35384 35400 35416 41688 41672 41656 41640 44968 44984 45000 45016 45032 45048 45064 46792 43400 41736 41720 41704 38528 35480 32520 35448 35432 26984 24424 24440 27000 27016 24456 24472 24488 24504 22072 19752 17560 15496 13560 11768 11784 11800 11816 11832 15584 17632 19808 22112 24544 27104 30476 32568 35520 43448 
46856 46816 39372 34040 34072 30492 27136 24576 24560 22144 19840 17664 15616 13696 15600 13648 10192 8656 7248 5968 4816 6016 8704 10240 7296 4864 3840 2944 2160 1232 1248 1264 556 280 280 296 496 480 464 448 432 416 400 1168 1184 1200 1216 1232 1248 1264 1840 1824 1808 1792 1776 1760 1744 1728 1152 384 368 676 1124 1696 1680 2384 3232 3256 4216 4192 4176 4160 4144 4128 4112 3152 4096 4112 2312 1616 1600 1616 1632 1648 1664 1092 1072 1052 1028 796 812 828 1648 2352 3184 3200 2368 1664 860 336 320 304 288 272 80 16 0 256 580 272 288 604 624 304 320 644 336 352 1120 1136 1152 1168 1184 1200 1216 2128 2896 3792 3776 4800 5952 7232 8640 10152 10136 10120 10104 10088 10072 11736 11720 11704 11688 11672 10008 10024 10040 10056 8528 5848 2776 2792 2824 2856 2840 2808 1104 1088 1072 1056 1024 1040 1056 1072 1088 480 144 80 120 48 112 112 80 256 1040 2744 2760 3664 4656 3624 2728 2712 2712 2728 2744 3656 2760 2384 3216 4176 5856 8180 7104 10056 11720 11704 10040 10024 10008 11672 11688 13472 15376 17440 19632 21952 24376 24392 26952 26936 26920 24360 24344 26904 26904 24344 24360 26920 26936 24376 24392 26952 32456 35384 35368 35352 35352 35368 35384 35400 41672 41656 41640 41624 44952 44968 44984 45000 45016 45032 45048 46776 43384 41720 41704 41688 38512 35464 32504 35432 35416 26968 24408 24424 26984 27000 24440 24456 24472 24488 22056 19736 17544 15480 13544 11752 11768 11784 11800 11816 15568 17616 19792 22096 24528 27088 30460 32552 35504 43432 
54024 53984 45964 40184 40216 36316 32640 29824 29808 27136 24576 22144 19840 17664 19824 17616 13648 11856 10192 8656 7248 8704 11904 13696 10240 7296 6016 4864 3824 2512 2528 2544 1388 792 280 296 240 224 208 192 176 160 144 400 416 432 448 464 480 496 816 800 784 768 752 736 720 704 384 128 112 164 356 672 656 1104 1696 1720 2424 2400 2384 2368 2352 2336 2320 1616 2304 2320 1032 592 576 592 608 624 640 324 304 284 260 156 172 188 624 1072 1648 1664 1088 640 220 80 64 48 32 16 80 272 256 0 68 16 32 92 112 48 64 132 80 96 2400 2416 2432 2448 2464 2480 2496 3792 4816 5968 5952 7232 8640 10176 11840 13608 13592 13576 13560 13544 13528 15448 15432 15416 15400 15384 13464 13480 13496 13512 11728 8536 4696 4712 4744 4776 4760 4728 2384 2368 2352 2336 2304 2320 2336 2352 2368 1376 656 336 120 304 624 624 592 1024 2320 4664 4680 5840 7088 5800 4648 4632 4632 4648 4664 5832 4680 4176 5264 6480 8544 11316 10048 13512 15432 15416 13496 13480 13464 15384 15400 17440 19600 21920 24368 26944 29624 29640 32456 32440 32424 29608 29592 32408 32408 29592 29608 32424 32440 29624 29640 32456 38472 41656 41640 41624 41624 41640 41656 41672 48456 48440 48424 48408 51992 52008 52024 52040 52056 52072 52088 53944 50296 48504 48488 48472 45040 41736 38520 41704 41688 32472 29656 29672 32488 32504 29688 29704 29720 29736 27048 24472 22024 19704 17512 15464 15480 15496 15512 15528 19792 22096 24528 27088 29776 32592 36284 38568 41776 50344 
57796 57756 49448 43444 43476 39416 35580 32636 32620 29820 27132 24572 22140 19836 22124 19788 15564 13644 11852 10188 8652 10236 13692 15612 11900 8700 7292 6012 4844 3340 3356 3372 1992 1236 468 484 300 284 268 252 236 220 204 204 220 236 252 268 284 300 492 476 460 444 428 412 396 380 188 188 172 96 160 348 332 652 1116 1140 1716 1692 1676 1660 1644 1628 1612 1036 1604 1620 588 276 260 268 284 300 316 128 108 88 64 32 48 64 308 628 1076 1092 644 324 96 148 132 116 100 84 276 596 580 68 0 76 92 24 44 108 124 64 140 156 3228 3244 3260 3276 3292 3308 3324 4812 5964 7244 7228 8636 10172 11836 13628 15524 15508 15492 15476 15460 15444 17492 17476 17460 17444 17428 15380 15396 15412 15428 13516 10068 5844 5860 5892 5924 5908 5876 3212 3196 3180 3164 3140 3156 3172 3188 3204 2020 1108 660 316 628 1076 1076 1044 1604 3148 5812 5828 7116 8492 7076 5796 5780 5788 5804 5820 7116 5836 5268 6484 7828 10084 13080 11716 15436 17484 17468 15420 15404 15388 17436 17452 19620 21908 24348 26924 29628 32436 32452 35396 35380 35364 32420 32404 35348 35356 32412 32428 35372 35388 32444 32460 35404 41676 44988 44972 44956 44948 44964 44980 44996 52036 52020 52004 51988 55700 55716 55732 55748 55764 55780 55796 57716 53940 52084 52068 52052 48492 45060 41716 45028 45012 35412 32468 32484 35428 35444 32500 32516 32532 32548 29732 27028 24452 22004 19684 17508 17524 17540 17556 17572 22092 24524 27084 29772 32588 35532 39384 41764 45100 53988 
54008 53968 45948 40168 40200 36300 32624 29808 29792 27120 24560 22128 19824 17648 19808 17600 13632 11840 10176 8640 7232 8688 11888 13680 10224 7280 6000 4848 3808 2496 2512 2528 1372 776 264 280 224 208 192 176 160 144 128 384 400 416 432 448 464 480 800 784 768 752 736 720 704 688 368 112 96 148 340 656 640 1088 1680 1704 2408 2384 2368 2352 2336 2320 2304 1600 2320 2336 1048 608 592 576 592 608 624 308 288 268 268 172 188 204 640 1088 1664 1680 1104 656 236 96 80 64 48 32 96 288 272 16 76 0 16 76 96 32 48 116 64 80 2384 2400 2416 2432 2448 2464 2480 3776 4800 5952 5936 7216 8624 10160 11824 13592 13576 13560 13544 13528 13512 15432 15416 15400 15384 15384 13464 13464 13480 13496 11712 8520 4680 4696 4728 4760 4744 4712 2368 2352 2336 2320 2320 2336 2352 2368 2384 1392 672 352 136 320 640 640 608 1040 2304 4648 4664 5824 7072 5784 4632 4632 4648 4664 4680 5848 4696 4192 5280 6496 8560 11332 10064 13528 15448 15432 13512 13496 13480 15400 15416 17456 19616 21904 24352 26928 29608 29624 32440 32424 32408 29592 29592 32408 32424 29608 29624 32440 32456 29640 29656 32472 38488 41672 41656 41640 41624 41624 41640 41656 48440 48424 48408 48408 51992 51992 52008 52024 52040 52056 52072 53928 50280 48488 48472 48456 45024 41720 38504 41688 41672 32456 29640 29656 32472 32488 29672 29688 29704 29720 27032 24456 22008 19688 17496 15448 15464 15480 15496 15512 19776 22080 24512 27072 29760 32576 36268 38552 41760 50328 
53992 53952 45932 40152 40184 36284 32608 29792 29776 27104 24544 22112 19808 17632 19792 17584 13616 11824 10160 8624 7216 8672 11872 13664 10208 7264 5984 4832 3792 2480 2496 2512 1356 760 248 264 208 192 176 160 144 128 112 368 384 400 416 432 448 464 784 768 752 736 720 704 688 672 352 96 80 132 324 640 624 1072 1664 1688 2392 2368 2352 2336 2320 2304 2320 1616 2336 2352 1064 624 608 592 576 592 608 292 272 260 284 188 204 220 656 1104 1680 1696 1120 672 252 112 96 80 64 48 112 304 288 32 92 16 0 68 80 16 32 100 48 64 2368 2384 2400 2416 2432 2448 2464 3760 4784 5936 5920 7200 8608 10144 11808 13576 13560 13544 13528 13512 13496 15416 15400 15384 15384 15400 13480 13464 13464 13480 11696 8504 4664 4680 4712 4744 4728 4696 2352 2336 2320 2304 2336 2352 2368 2384 2400 1408 688 368 152 336 656 656 624 1056 2320 4632 4648 5808 7056 5784 4632 4648 4664 4680 4696 5864 4712 4208 5296 6512 8576 11348 10080 13544 15464 15448 13528 13512 13496 15416 15432 17472 19632 21920 24336 26912 29592 29608 32424 32408 32408 29592 29608 32424 32440 29624 29640 32456 32472 29656 29672 32488 38504 41688 41672 41656 41640 41624 41624 41640 48424 48408 48408 48424 52008 51992 51992 52008 52024 52040 52056 53912 50264 48472 48456 48440 45008 41704 38488 41672 41656 32440 29624 29640 32456 32472 29656 29672 29688 29704 27016 24440 21992 19672 17480 15432 15448 15464 15480 15496 19760 22064 24496 27056 29744 32560 36252 38536 41744 50312 
57772 57732 49424 43420 43452 39392 35556 32612 32596 29796 27108 24548 22116 19812 22100 19764 15540 13620 11828 10164 8628 10212 13668 15588 11876 8676 7268 5988 4820 3316 3332 3348 1968 1212 444 460 276 260 244 228 212 196 180 180 196 212 228 244 260 276 468 452 436 420 404 388 372 356 164 164 148 72 136 324 308 628 1092 1116 1692 1668 1652 1636 1620 1604 1612 1036 1628 1644 612 300 284 268 260 276 292 104 84 64 88 56 72 88 332 652 1100 1116 668 348 120 172 156 140 124 108 300 620 604 92 24 76 68 0 20 84 100 40 116 132 3204 3220 3236 3252 3268 3284 3300 4788 5940 7220 7204 8612 10148 11812 13604 15500 15484 15468 15452 15436 15420 17468 17452 17436 17428 17444 15396 15380 15388 15404 13492 10044 5820 5836 5868 5900 5884 5852 3188 3172 3156 3140 3164 3180 3196 3212 3228 2044 1132 684 340 652 1100 1100 1068 1628 3148 5788 5804 7092 8468 7060 5780 5796 5812 5828 5844 7140 5860 5292 6508 7852 10108 13104 11740 15460 17508 17492 15444 15428 15412 17460 17476 19644 21932 24348 26900 29604 32412 32428 35372 35356 35348 32404 32420 35364 35380 32436 32452 35396 35412 32468 32484 35428 41700 45012 44996 44980 44964 44948 44956 44972 52012 51996 51988 52004 55716 55700 55708 55724 55740 55756 55772 57692 53916 52060 52044 52028 48468 45036 41692 45004 44988 35388 32444 32460 35404 35420 32476 32492 32508 32524 29708 27004 24428 21980 19660 17484 17500 17516 17532 17548 22068 24500 27060 29748 32564 35508 39360 41740 45076 53964 
57752 57712 49404 43400 43432 39372 35536 32592 32576 29776 27088 24528 22096 19792 22080 19744 15520 13600 11808 10144 8608 10192 13648 15568 11856 8656 7248 5968 4800 3296 3312 3328 1948 1192 424 440 256 240 224 208 192 176 160 160 176 192 208 224 240 256 448 432 416 400 384 368 352 336 144 144 128 52 116 304 288 608 1072 1096 1672 1648 1632 1616 1600 1616 1632 1056 1648 1664 632 320 304 288 272 256 272 84 64 84 108 76 92 108 352 672 1120 1136 688 368 140 192 176 160 144 128 320 640 624 112 44 96 80 20 0 64 80 20 96 112 3184 3200 3216 3232 3248 3264 3280 4768 5920 7200 7184 8592 10128 11792 13584 15480 15464 15448 15432 15416 15400 17448 17432 17432 17448 17464 15416 15400 15384 15384 13472 10024 5800 5816 5848 5880 5864 5832 3168 3152 3136 3152 3184 3200 3216 3232 3248 2064 1152 704 360 672 1120 1120 1088 1648 3168 5784 5784 7072 8480 7080 5800 5816 5832 5848 5864 7160 5880 5312 6528 7872 10128 13124 11760 15480 17528 17512 15464 15448 15432 17480 17496 19664 21952 24368 26912 29584 32408 32408 35352 35352 35368 32424 32440 35384 35400 32456 32472 35416 35432 32488 32504 35448 41720 45032 45016 45000 44984 44968 44952 44952 51992 51992 52008 52024 55736 55720 55704 55704 55720 55736 55752 57672 53896 52040 52024 52008 48448 45016 41672 44984 44968 35368 32424 32440 35384 35400 32456 32472 32488 32504 29688 26984 24408 21960 19640 17464 17480 17496 17512 17528 22048 24480 27040 29728 32544 35488 39340 41720 45056 53944 
53976 53936 45916 40136 40168 36268 32592 29776 29760 27088 24528 22096 19792 17616 19776 17568 13600 11808 10144 8608 7200 8656 11856 13648 10192 7248 5968 4816 3776 2464 2480 2496 1340 744 232 248 192 176 160 144 128 112 96 352 368 384 400 416 432 448 768 752 736 720 704 688 672 656 336 80 64 116 308 624 608 1056 1648 1672 2376 2352 2336 2320 2304 2320 2336 1632 2352 2368 1080 640 624 608 592 576 592 276 256 276 300 204 220 236 672 1120 1696 1712 1136 688 268 128 112 96 80 64 128 320 304 48 108 32 16 84 64 0 16 84 32 48 2352 2368 2384 2400 2416 2432 2448 3744 4768 5920 5904 7184 8592 10128 11792 13560 13544 13528 13512 13496 13480 15400 15384 15384 15400 15416 13496 13480 13464 13464 11680 8488 4648 4664 4696 4728 4712 4680 2336 2320 2304 2320 2352 2368 2384 2400 2416 1424 704 384 168 352 672 672 640 1072 2336 4632 4632 5792 7072 5800 4648 4664 4680 4696 4712 5880 4728 4224 5312 6528 8592 11364 10096 13560 15480 15464 13544 13528 13512 15432 15448 17488 19648 21936 24352 26896 29592 29592 32408 32408 32424 29608 29624 32440 32456 29640 29656 32472 32488 29672 29688 32504 38520 41704 41688 41672 41656 41640 41624 41624 48408 48408 48424 48440 52024 52008 51992 51992 52008 52024 52040 53896 50248 48456 48440 48424 44992 41688 38472 41656 41640 32424 29608 29624 32440 32456 29640 29656 29672 29688 27000 24424 21976 19656 17464 15416 15432 15448 15464 15480 19744 22048 24480 27040 29728 32544 36236 38520 41728 50296 
53960 53920 45900 40120 40152 36252 32576 29760 29744 27072 24512 22080 19776 17600 19760 17552 13584 11792 10128 8592 7184 8640 11840 13632 10176 7232 5952 4800 3760 2448 2464 2480 1324 728 216 232 176 160 144 128 112 96 80 336 352 368 384 400 416 432 752 736 720 704 688 672 656 640 320 64 48 100 292 608 592 1040 1632 1656 2360 2336 2320 2304 2320 2336 2352 1648 2368 2384 1096 656 640 624 608 592 576 260 272 292 316 220 236 252 688 1136 1712 1728 1152 704 284 144 128 112 96 80 144 336 320 64 124 48 32 100 80 16 0 68 16 32 2336 2352 2368 2384 2400 2416 2432 3728 4752 5904 5888 7168 8576 10112 11776 13544 13528 13512 13496 13480 13464 15384 15384 15400 15416 15432 13512 13496 13480 13464 11664 8472 4632 4648 4680 4712 4696 4664 2320 2304 2320 2336 2368 2384 2400 2416 2432 1440 720 400 184 368 688 688 656 1088 2352 4648 4632 5776 7088 5816 4664 4680 4696 4712 4728 5896 4744 4240 5328 6544 8608 11380 10112 13576 15496 15480 13560 13544 13528 15448 15464 17504 19664 21952 24368 26912 29608 29592 32408 32424 32440 29624 29640 32456 32472 29656 29672 32488 32504 29688 29704 32520 38536 41720 41704 41688 41672 41656 41640 41624 48408 48424 48440 48456 52040 52024 52008 51992 51992 52008 52024 53880 50232 48440 48424 48408 44976 41672 38456 41640 41624 32408 29592 29608 32424 32440 29624 29640 29656 29672 26984 24408 21960 19640 17448 15400 15416 15432 15448 15464 19728 22032 24464 27024 29712 32528 36220 38504 41712 50280 
57732 57692 49384 43380 43412 39352 35516 32572 32556 29756 27068 24508 22076 19772 22060 19724 15500 13580 11788 10124 8588 10172 13628 15548 11836 8636 7228 5948 4780 3276 3292 3308 1928 1172 404 420 236 220 204 188 172 156 140 140 156 172 188 204 220 236 428 412 396 380 364 348 332 316 124 124 108 32 96 284 268 588 1052 1076 1652 1628 1612 1604 1620 1636 1652 1076 1668 1684 652 340 324 308 292 276 260 64 84 104 128 96 112 128 372 692 1140 1156 708 388 160 212 196 180 164 148 340 660 644 132 64 116 100 40 20 84 68 0 76 92 3164 3180 3196 3212 3228 3244 3260 4748 5900 7180 7164 8572 10108 11772 13564 15460 15444 15428 15412 15396 15380 17428 17436 17452 17468 17484 15436 15420 15404 15388 13460 10004 5780 5796 5828 5860 5844 5812 3148 3140 3156 3172 3204 3220 3236 3252 3268 2084 1172 724 380 692 1140 1140 1108 1668 3188 5804 5788 7060 8500 7100 5820 5836 5852 5868 5884 7180 5900 5332 6548 7892 10148 13144 11780 15500 17548 17532 15484 15468 15452 17500 17516 19684 21972 24388 26932 29604 32428 32412 35356 35372 35388 32444 32460 35404 35420 32476 32492 35436 35452 32508 32524 35468 41740 45052 45036 45020 45004 44988 44972 44956 51996 52012 52028 52044 55756 55740 55724 55708 55700 55716 55732 57652 53876 52020 52004 51988 48428 44996 41652 44964 44948 35348 32404 32420 35364 35380 32436 32452 32468 32484 29668 26964 24388 21940 19620 17444 17460 17476 17492 17508 22028 24460 27020 29708 32524 35468 39320 41700 45036 53924 
53944 53904 45884 40104 40136 36236 32560 29744 29728 27056 24496 22064 19760 17584 19744 17536 13568 11776 10112 8576 7168 8624 11824 13616 10160 7216 5936 4784 3744 2432 2448 2464 1308 712 200 216 160 144 128 112 96 80 64 320 336 352 368 384 400 416 736 720 704 688 672 656 640 624 304 48 32 84 276 592 576 1024 1616 1640 2344 2320 2304 2320 2336 2352 2368 1664 2384 2400 1112 672 656 640 624 608 592 268 288 308 332 236 252 268 704 1152 1728 1744 1168 720 300 160 144 128 112 96 160 352 336 80 140 64 48 116 96 32 16 76 0 16 2320 2336 2352 2368 2384 2400 2416 3712 4736 5888 5872 7152 8560 10096 11760 13528 13512 13496 13480 13464 13464 15384 15400 15416 15432 15448 13528 13512 13496 13480 11680 8472 4632 4632 4664 4696 4680 4648 2304 2320 2336 2352 2384 2400 2416 2432 2448 1456 736 416 200 384 704 704 672 1104 2368 4664 4648 5792 7104 5832 4680 4696 4712 4728 4744 5912 4760 4256 5344 6560 8624 11396 10128 13592 15512 15496 13576 13560 13544 15464 15480 17520 19680 21968 24384 26928 29624 29608 32424 32440 32456 29640 29656 32472 32488 29672 29688 32504 32520 29704 29720 32536 38552 41736 41720 41704 41688 41672 41656 41640 48424 48440 48456 48472 52056 52040 52024 52008 51992 51992 52008 53864 50216 48424 48408 48408 44960 41656 38440 41624 41624 32408 29592 29592 32408 32424 29608 29624 29640 29656 26968 24392 21944 19624 17432 15384 15400 15416 15432 15448 19712 22016 24448 27008 29696 32512 36204 38488 41696 50264 
53928 53888 45868 40088 40120 36220 32544 29728 29712 27040 24480 22048 19744 17568 19728 17520 13552 11760 10096 8560 7152 8608 11808 13600 10144 7200 5920 4768 3728 2416 2432 2448 1292 696 184 200 144 128 112 96 80 64 48 304 320 336 352 368 384 400 720 704 688 672 656 640 624 608 288 32 16 68 260 576 592 1040 1600 1624 2328 2304 2320 2336 2352 2368 2384 1680 2400 2416 1128 688 672 656 640 624 608 284 304 324 348 252 268 284 720 1168 1744 1760 1184 736 316 176 160 144 128 112 176 368 352 96 156 80 64 132 112 48 32 92 16 0 2304 2320 2336 2352 2368 2384 2400 3696 4720 5872 5856 7136 8544 10080 11744 13512 13496 13480 13464 13464 13480 15400 15416 15432 15448 15464 13544 13528 13512 13496 11696 8488 4648 4632 4648 4680 4664 4632 2320 2336 2352 2368 2400 2416 2432 2448 2464 1472 752 432 216 400 720 720 688 1120 2384 4680 4664 5808 7120 5848 4696 4712 4728 4744 4760 5928 4776 4272 5360 6576 8640 11412 10144 13608 15528 15512 13592 13576 13560 15480 15496 17536 19696 21984 24400 26944 29640 29624 32440 32456 32472 29656 29672 32488 32504 29688 29704 32520 32536 29720 29736 32552 38568 41752 41736 41720 41704 41688 41672 41656 48440 48456 48472 48488 52072 52056 52040 52024 52008 51992 51992 53848 50200 48408 48408 48424 44944 41640 38424 41624 41640 32424 29608 29592 32408 32408 29592 29608 29624 29640 26952 24376 21928 19608 17432 15384 15384 15400 15416 15432 19696 22000 24432 26992 29680 32496 36188 38472 41680 50248 
33960 33920 27628 23192 23224 20284 17568 15520 15504 13600 11808 10144 8608 7200 8592 7152 4720 3696 2800 2032 1392 2080 3744 4768 2848 1440 928 544 272 112 128 144 332 696 1720 1736 2448 2432 2416 2400 2384 2368 2352 4144 4160 4176 4192 4208 4224 4240 5328 5312 5296 5280 5264 5248 5232 5216 4128 2336 2320 3140 4100 5184 5200 6416 7744 7768 9240 9216 9232 9248 9264 9280 9296 7824 9312 9328 6504 5296 5280 5264 5248 5232 5216 4124 4144 4164 4188 3708 3724 3740 5328 6544 7888 7904 6560 5344 3772 2480 2464 2448 2432 2416 1712 1136 1120 2400 3228 2384 2368 3204 3184 2352 2336 3164 2320 2304 0 16 32 48 64 80 96 240 496 880 864 1376 2016 2784 3680 4680 4664 4648 4632 4632 4648 5800 5816 5832 5848 5864 4712 4696 4680 4664 3632 1960 424 408 424 456 440 408 16 32 48 64 96 112 128 144 160 320 752 1200 1752 1168 720 720 688 352 80 456 440 816 1360 856 472 488 504 520 536 936 552 432 752 1200 2112 3540 2848 4776 5928 5912 4760 4744 4728 5880 5896 7168 8560 10080 11728 13504 15432 15416 17464 17480 17496 15448 15464 17512 17528 15480 15496 17544 17560 15512 15528 17576 22056 24472 24456 24440 24424 24408 24392 24376 29624 29640 29656 29672 32488 32472 32456 32440 32424 32408 32408 33880 31000 29592 29592 29608 26896 24360 21912 24344 24360 17448 15400 15384 17432 17432 15384 15400 15416 15432 13512 11704 10024 8472 7064 5784 5784 5800 5816 5832 8560 10096 11760 13552 15472 17520 20252 21960 24400 31048 
33944 33904 27612 23176 23208 20268 17552 15504 15488 13584 11792 10128 8592 7184 8576 7136 4704 3680 2784 2016 1376 2064 3728 4752 2832 1424 912 528 256 96 112 128 316 680 1704 1720 2432 2416 2400 2384 2368 2352 2336 4128 4144 4160 4176 4192 4208 4224 5312 5296 5280 5264 5248 5232 5216 5200 4112 2320 2304 3148 4108 5200 5216 6432 7760 7752 9224 9232 9248 9264 9280 9296 9312 7840 9328 9344 6520 5312 5296 5280 5264 5248 5232 4140 4160 4180 4204 3724 3740 3756 5344 6560 7904 7920 6576 5360 3788 2496 2480 2464 2448 2432 1728 1152 1136 2416 3244 2400 2384 3220 3200 2368 2352 3180 2336 2320 16 0 16 32 48 64 80 224 480 864 848 1360 2000 2768 3664 4664 4648 4632 4632 4648 4664 5816 5832 5848 5864 5880 4728 4712 4696 4680 3648 1976 440 424 408 440 424 408 32 48 64 80 112 128 144 160 176 336 768 1216 1768 1184 736 736 704 368 96 472 456 832 1376 872 488 504 520 536 552 952 568 448 768 1216 2128 3556 2864 4792 5944 5928 4776 4760 4744 5896 5912 7184 8576 10096 11744 13520 15448 15432 17480 17496 17512 15464 15480 17528 17544 15496 15512 17560 17576 15528 15544 17592 22072 24488 24472 24456 24440 24424 24408 24392 29640 29656 29672 29688 32504 32488 32472 32456 32440 32424 32408 33864 30984 29592 29608 29624 26912 24344 21912 24360 24376 17464 15416 15400 17448 17432 15384 15384 15400 15416 13496 11688 10008 8472 7080 5800 5784 5784 5800 5816 8544 10080 11744 13536 15456 17504 20236 21944 24384 31032 
33928 33888 27596 23160 23192 20252 17536 15488 15472 13568 11776 10112 8576 7168 8560 7120 4688 3664 2768 2000 1360 2048 3712 4736 2816 1408 896 512 240 80 96 112 300 664 1688 1704 2416 2400 2384 2368 2352 2336 2320 4112 4128 4144 4160 4176 4192 4208 5296 5280 5264 5248 5232 5216 5200 5184 4096 2304 2320 3164 4124 5216 5232 6448 7776 7752 9224 9248 9264 9280 9296 9312 9328 7856 9344 9360 6536 5328 5312 5296 5280 5264 5248 4156 4176 4196 4220 3740 3756 3772 5360 6576 7920 7936 6592 5376 3804 2512 2496 2480 2464 2448 1744 1168 1152 2432 3260 2416 2400 3236 3216 2384 2368 3196 2352 2336 32 16 0 16 32 48 64 208 464 848 832 1344 1984 2752 3648 4648 4632 4632 4648 4664 4680 5832 5848 5864 5880 5896 4744 4728 4712 4696 3664 1992 456 440 408 424 408 424 48 64 80 96 128 144 160 176 192 352 784 1232 1784 1200 752 752 720 384 112 488 472 848 1392 888 504 520 536 552 568 968 584 464 784 1232 2144 3572 2880 4808 5960 5944 4792 4776 4760 5912 5928 7200 8592 10112 11760 13536 15464 15448 17496 17512 17528 15480 15496 17544 17560 15512 15528 17576 17592 15544 15560 17608 22088 24504 24488 24472 24456 24440 24424 24408 29656 29672 29688 29704 32520 32504 32488 32472 32456 32440 32424 33864 30984 29608 29624 29640 26928 24344 21928 24376 24392 17480 15432 15416 17464 17448 15400 15384 15384 15400 13480 11672 10008 8488 7096 5816 5800 5784 5784 5800 8528 10064 11728 13520 15440 17488 20220 21928 24368 31016 
33912 33872 27580 23144 23176 20236 17520 15472 15456 13552 11760 10096 8560 7152 8544 7104 4672 3648 2752 1984 1344 2032 3696 4720 2800 1392 880 496 224 64 80 96 284 648 1672 1688 2400 2384 2368 2352 2336 2320 2304 4096 4112 4128 4144 4160 4176 4192 5280 5264 5248 5232 5216 5200 5184 5200 4112 2320 2336 3180 4140 5232 5248 6464 7792 7768 9240 9264 9280 9296 9312 9328 9344 7872 9360 9376 6552 5344 5328 5312 5296 5280 5264 4172 4192 4212 4236 3756 3772 3788 5376 6592 7936 7952 6608 5392 3820 2528 2512 2496 2480 2464 1760 1184 1168 2448 3276 2432 2416 3252 3232 2400 2384 3212 2368 2352 48 32 16 0 16 32 48 192 448 832 816 1328 1968 2736 3632 4632 4632 4648 4664 4680 4696 5848 5864 5880 5896 5912 4760 4744 4728 4712 3680 2008 472 456 424 408 408 440 64 80 96 112 144 160 176 192 208 368 800 1248 1800 1216 768 768 736 400 128 504 488 864 1408 904 520 536 552 568 584 984 600 480 800 1248 2160 3588 2896 4824 5976 5960 4808 4792 4776 5928 5944 7216 8608 10128 11776 13552 15480 15464 17512 17528 17544 15496 15512 17560 17576 15528 15544 17592 17608 15560 15576 17624 22104 24520 24504 24488 24472 24456 24440 24424 29672 29688 29704 29720 32536 32520 32504 32488 32472 32456 32440 33880 31000 29624 29640 29656 26944 24360 21944 24392 24408 17496 15448 15432 17480 17464 15416 15400 15384 15384 13464 11672 10024 8504 7112 5832 5816 5800 5784 5784 8512 10048 11712 13504 15424 17472 20204 21912 24352 31000 
33896 33856 27564 23128 23160 20220 17504 15456 15440 13536 11744 10080 8544 7136 8528 7088 4656 3632 2736 1968 1328 2016 3680 4704 2784 1376 864 480 208 48 64 80 268 632 1656 1672 2384 2368 2352 2336 2320 2304 2320 4112 4096 4112 4128 4144 4160 4176 5264 5248 5232 5216 5200 5184 5200 5216 4128 2336 2352 3196 4156 5248 5264 6480 7808 7784 9256 9280 9296 9312 9328 9344 9360 7888 9376 9392 6568 5360 5344 5328 5312 5296 5280 4188 4208 4228 4252 3772 3788 3804 5392 6608 7952 7968 6624 5408 3836 2544 2528 2512 2496 2480 1776 1200 1184 2464 3292 2448 2432 3268 3248 2416 2400 3228 2384 2368 64 48 32 16 0 16 32 176 432 816 800 1312 1952 2720 3616 4632 4648 4664 4680 4696 4712 5864 5880 5896 5912 5928 4776 4760 4744 4728 3696 2024 488 472 440 408 424 456 80 96 112 128 160 176 192 208 224 384 816 1264 1816 1232 784 784 752 416 144 520 504 880 1424 920 536 552 568 584 600 1000 616 496 816 1264 2176 3604 2912 4840 5992 5976 4824 4808 4792 5944 5960 7232 8624 10144 11792 13568 15496 15480 17528 17544 17560 15512 15528 17576 17592 15544 15560 17608 17624 15576 15592 17640 22120 24536 24520 24504 24488 24472 24456 24440 29688 29704 29720 29736 32552 32536 32520 32504 32488 32472 32456 33896 31016 29640 29656 29672 26960 24376 21960 24408 24424 17512 15464 15448 17496 17480 15432 15416 15400 15384 13464 11688 10040 8520 7128 5848 5832 5816 5800 5784 8496 10032 11696 13488 15408 17456 20188 21912 24336 30984 
33880 33872 27564 23112 23144 20204 17488 15440 15424 13520 11728 10064 8528 7120 8512 7072 4640 3616 2720 1952 1312 2000 3664 4688 2768 1360 848 464 192 32 48 64 252 616 1640 1656 2368 2352 2336 2320 2304 2320 2336 4128 4112 4096 4112 4128 4144 4160 5248 5232 5216 5200 5184 5200 5216 5232 4144 2352 2368 3212 4172 5264 5280 6496 7824 7800 9272 9296 9312 9328 9344 9360 9376 7904 9392 9408 6584 5376 5360 5344 5328 5312 5296 4204 4224 4244 4268 3788 3804 3820 5408 6624 7968 7984 6640 5424 3852 2560 2544 2528 2512 2496 1792 1216 1200 2480 3308 2464 2448 3284 3264 2432 2416 3244 2400 2384 80 64 48 32 16 0 16 160 416 800 784 1296 1936 2704 3600 4648 4664 4680 4696 4712 4728 5880 5896 5912 5928 5944 4792 4776 4760 4744 3712 2040 504 488 456 424 440 472 96 112 128 144 176 192 208 224 240 400 832 1280 1832 1248 800 800 768 432 160 536 520 896 1440 936 552 568 584 600 616 1016 632 512 832 1280 2192 3620 2928 4856 6008 5992 4840 4824 4808 5960 5976 7248 8640 10160 11808 13584 15512 15496 17544 17560 17576 15528 15544 17592 17608 15560 15576 17624 17640 15592 15608 17656 22136 24552 24536 24520 24504 24488 24472 24456 29704 29720 29736 29752 32568 32552 32536 32520 32504 32488 32472 33912 31032 29656 29672 29688 26976 24392 21976 24424 24440 17528 15480 15464 17512 17496 15448 15432 15416 15400 13480 11704 10056 8536 7144 5864 5848 5832 5816 5800 8480 10016 11680 13472 15392 17440 20172 21928 24352 30984 
33864 33888 27580 23112 23128 20188 17472 15424 15408 13504 11712 10048 8512 7104 8496 7056 4624 3600 2704 1936 1296 1984 3648 4672 2752 1344 832 448 176 16 32 48 236 600 1624 1640 2352 2336 2320 2304 2320 2336 2352 4144 4128 4112 4096 4112 4128 4144 5232 5216 5200 5184 5200 5216 5232 5248 4160 2368 2384 3228 4188 5280 5296 6512 7840 7816 9288 9312 9328 9344 9360 9376 9392 7920 9408 9424 6600 5392 5376 5360 5344 5328 5312 4220 4240 4260 4284 3804 3820 3836 5424 6640 7984 8000 6656 5440 3868 2576 2560 2544 2528 2512 1808 1232 1216 2496 3324 2480 2464 3300 3280 2448 2432 3260 2416 2400 96 80 64 48 32 16 0 144 400 784 800 1312 1952 2720 3616 4664 4680 4696 4712 4728 4744 5896 5912 5928 5944 5960 4808 4792 4776 4760 3728 2056 520 504 472 440 456 488 112 128 144 160 192 208 224 240 256 416 848 1296 1848 1264 816 816 784 448 176 552 536 912 1456 952 568 584 600 616 632 1032 648 528 848 1296 2208 3636 2944 4872 6024 6008 4856 4840 4824 5976 5992 7264 8656 10176 11824 13600 15528 15512 17560 17576 17592 15544 15560 17608 17624 15576 15592 17640 17656 15608 15624 17672 22152 24568 24552 24536 24520 24504 24488 24472 29720 29736 29752 29768 32584 32568 32552 32536 32520 32504 32488 33928 31048 29672 29688 29704 26992 24408 21992 24440 24456 17544 15496 15480 17528 17512 15464 15448 15432 15416 13496 11720 10072 8552 7160 5880 5864 5848 5832 5816 8464 10000 11664 13456 15376 17424 20172 21944 24368 31000 
29592 29616 23740 19608 19624 16924 14448 12592 12576 10864 9264 7792 6448 5232 6432 5184 3136 2304 1600 1024 576 1072 2352 3184 1648 624 304 112 32 160 176 192 716 1320 2728 2744 3648 3632 3616 3600 3616 3632 3648 5824 5808 5792 5776 5792 5808 5824 7104 7088 7072 7056 7072 7088 7104 7120 5840 3664 3680 4716 5868 7152 7168 8576 10096 10072 11736 11760 11776 11792 11808 11824 11840 10176 11856 11872 8664 7264 7248 7232 7216 7200 7184 5900 5920 5940 5964 5388 5404 5420 7296 8704 10240 10256 8720 7312 5452 3872 3856 3840 3824 3808 2912 2144 2128 3792 4812 3776 3760 4788 4768 3744 3728 4748 3712 3696 240 224 208 192 176 160 144 0 64 256 272 592 1040 1616 2320 3176 3192 3208 3224 3240 3256 4216 4232 4248 4264 4280 3320 3304 3288 3272 2432 1144 184 168 136 104 120 152 256 272 288 304 336 352 368 384 400 848 1568 2208 2952 2176 1536 1536 1504 976 320 216 200 384 736 424 232 248 264 280 296 504 312 288 416 672 1296 2388 1840 3384 4344 4328 3368 3352 3336 4296 4312 5392 6592 7920 9376 10960 12696 12680 14536 14552 14568 12712 12728 14584 14600 12744 12760 14616 14632 12776 12792 14648 18744 20968 20952 20936 20920 20904 20888 20872 25736 25752 25768 25784 28408 28392 28376 28360 28344 28328 28312 29656 26968 25688 25704 25720 23200 20808 18584 20840 20856 14520 12664 12648 14504 14488 12632 12616 12600 12584 10856 9272 7816 6488 5288 4200 4184 4168 4152 4136 6400 7744 9216 10816 12544 14400 16908 18536 20768 26920 
26904 26928 21340 17432 17448 14908 12592 10864 10848 9264 7792 6448 5232 4144 5216 4096 2304 1600 1024 576 256 624 1648 2352 1072 304 112 48 96 416 432 448 1196 1960 3624 3640 4672 4656 4640 4624 4640 4656 4672 7104 7088 7072 7056 7072 7088 7104 8512 8496 8480 8464 8480 8496 8512 8528 7120 4688 4704 5868 7148 8560 8576 10112 11760 11736 13528 13552 13568 13584 13600 13616 13632 11840 13648 13664 10200 8672 8656 8640 8624 8608 8592 7180 7200 7220 7244 6604 6620 6636 8704 10240 11904 11920 10256 8720 6668 4896 4880 4864 4848 4832 3808 2912 2896 4816 5964 4800 4784 5940 5920 4768 4752 5900 4736 4720 496 480 464 448 432 416 400 64 0 64 80 272 592 1040 1616 2344 2360 2376 2392 2408 2424 3256 3272 3288 3304 3320 2488 2472 2456 2440 1728 696 120 104 72 40 56 88 512 528 544 560 592 608 624 640 656 1296 2208 2976 3848 2944 2176 2176 2144 1488 576 152 136 192 416 232 168 184 200 216 232 312 248 288 288 416 848 1716 1264 2552 3384 3368 2536 2520 2504 3336 3352 4304 5376 6576 7904 9360 10968 10952 12680 12696 12712 10984 11000 12728 12744 11016 11032 12760 12776 11048 11064 12792 16632 18728 18712 18696 18680 18664 18648 18632 23240 23256 23272 23288 25784 25768 25752 25736 25720 25704 25688 26968 24408 23192 23208 23224 20832 18568 16472 18600 18616 12664 10936 10920 12648 12632 10904 10888 10872 10856 9256 7800 6472 5272 4200 3240 3224 3208 3192 3176 5184 6400 7744 9216 10816 12544 14892 16424 18528 24360 
24344 24368 19068 15384 15400 13020 10864 9264 9248 7792 6448 5232 4144 3184 4128 3136 1600 1024 576 256 64 304 1072 1648 624 112 48 112 288 800 816 832 1804 2728 4648 4664 5824 5808 5792 5776 5792 5808 5824 8512 8496 8480 8464 8480 8496 8512 10048 10032 10016 10000 10016 10032 10048 10064 8528 5840 5856 7148 8556 10096 10112 11776 13552 13528 15448 15472 15488 15504 15520 15536 15552 13632 15568 15584 11864 10208 10192 10176 10160 10144 10128 8588 8608 8628 8652 7948 7964 7980 10240 11904 13696 13712 11920 10256 8012 6048 6032 6016 6000 5984 4832 3808 3792 5968 7244 5952 5936 7220 7200 5920 5904 7180 5888 5872 880 864 848 832 816 800 784 256 64 0 16 80 272 592 1040 1640 1656 1672 1688 1704 1720 2424 2440 2456 2472 2488 1784 1768 1752 1736 1152 376 184 168 136 104 120 152 896 912 928 944 976 992 1008 1024 1040 1872 2976 3872 4872 3840 2944 2944 2912 2128 960 216 200 128 224 168 232 248 264 280 296 248 312 416 288 288 528 1172 816 1848 2552 2536 1832 1816 1800 2504 2520 3344 4288 5360 6560 7888 9368 9352 10952 10968 10984 9384 9400 11000 11016 9416 9432 11032 11048 9448 9464 11064 14648 16616 16600 16584 16568 16552 16536 16520 20872 20888 20904 20920 23288 23272 23256 23240 23224 23208 23192 24408 21976 20824 20840 20856 18592 16456 14488 16488 16504 10936 9336 9320 10920 10904 9304 9288 9272 9256 7784 6456 5256 4184 3240 2408 2392 2376 2360 2344 4096 5184 6400 7744 9216 10816 13004 14440 16416 21928 
24360 24352 19052 15384 15416 13036 10880 9280 9264 7808 6464 5248 4160 3200 4144 3152 1616 1040 592 272 80 320 1088 1664 640 128 64 128 304 816 832 848 1820 2744 4664 4680 5840 5824 5808 5792 5776 5792 5808 8496 8480 8464 8480 8496 8512 8528 10064 10048 10032 10016 10000 10016 10032 10048 8512 5824 5840 7132 8540 10080 10096 11760 13536 13512 15432 15456 15472 15488 15504 15520 15536 13616 15552 15568 11848 10192 10176 10160 10144 10128 10112 8572 8592 8612 8636 7932 7948 7964 10224 11888 13680 13696 11904 10240 7996 6032 6016 6000 5984 5968 4816 3792 3776 5952 7228 5936 5920 7204 7184 5904 5888 7164 5872 5856 864 848 832 816 800 784 800 272 80 16 0 64 256 576 1024 1624 1640 1656 1672 1688 1704 2408 2424 2440 2456 2472 1768 1752 1736 1720 1136 360 168 152 120 88 104 136 880 896 912 928 960 976 992 1008 1024 1856 2960 3856 4856 3824 2928 2928 2896 2112 944 200 184 112 208 152 216 232 248 264 280 232 296 400 272 272 512 1156 800 1832 2536 2520 1816 1800 1784 2488 2504 3328 4272 5344 6544 7872 9352 9336 10936 10952 10968 9368 9384 10984 11000 9400 9416 11016 11032 9432 9448 11048 14632 16600 16584 16568 16552 16536 16520 16504 20856 20872 20888 20904 23272 23256 23240 23224 23208 23192 23176 24392 21960 20808 20824 20840 18576 16440 14472 16472 16488 10920 9320 9304 10904 10888 9288 9272 9256 9240 7768 6440 5240 4168 3224 2392 2376 2360 2344 2328 4112 5200 6416 7760 9232 10832 13004 14424 16400 21912 
21928 21920 16908 13464 13496 11276 9280 7808 7792 6464 5248 4160 3200 2368 3184 2320 1040 592 272 80 16 128 640 1088 320 64 128 320 624 1328 1344 1360 2556 3640 5816 5832 7120 7104 7088 7072 7056 7072 7088 10032 10016 10000 10016 10032 10048 10064 11728 11712 11696 11680 11664 11680 11696 11712 10048 7104 7120 8540 10076 11744 11760 13552 15456 15432 17480 17504 17520 17536 17552 17568 17584 15536 17600 17616 13640 11856 11840 11824 11808 11792 11776 10108 10128 10148 10172 9404 9420 9436 11888 13680 15600 15616 13696 11904 9468 7312 7296 7280 7264 7248 5968 4816 4800 7232 8636 7216 7200 8612 8592 7184 7168 8572 7152 7136 1376 1360 1344 1328 1312 1296 1312 592 272 80 64 0 64 256 576 1048 1064 1080 1096 1112 1128 1704 1720 1736 1752 1768 1192 1176 1160 1144 688 168 360 344 312 280 296 328 1392 1408 1424 1440 1472 1488 1504 1520 1536 2560 3856 4880 6008 4848 3824 3824 3792 2880 1456 392 376 176 144 216 408 424 440 456 472 296 488 656 400 272 320 740 480 1256 1832 1816 1240 1224 1208 1784 1800 2496 3312 4256 5328 6528 7880 7864 9336 9352 9368 7896 7912 9384 9400 7928 7944 9416 9432 7960 7976 9448 12776 14616 14600 14584 14568 14552 14536 14520 18616 18632 18648 18664 20904 20888 20872 20856 20840 20824 20808 21960 19656 18568 18584 18600 16464 14456 12616 14488 14504 9320 7848 7832 9304 9288 7816 7800 7784 7768 6424 5224 4152 3208 2392 1688 1672 1656 1640 1624 3152 4112 5200 6416 7760 9232 11244 12568 14416 19608 
19624 19616 14892 11672 11704 9644 7808 6464 6448 5248 4160 3200 2368 1664 2352 1616 592 272 80 16 80 64 320 640 128 128 320 640 1072 1968 1984 2000 3420 4664 7096 7112 8528 8512 8496 8480 8464 8480 8496 11696 11680 11664 11680 11696 11712 11728 13520 13504 13488 13472 13456 13472 13488 13504 11712 8512 8528 10076 11740 13536 13552 15472 17504 17480 19656 19680 19696 19712 19728 19744 19760 17584 19776 19792 15560 13648 13632 13616 13600 13584 13568 11772 11792 11812 11836 11004 11020 11036 13680 15600 17648 17664 15616 13696 11068 8720 8704 8688 8672 8656 7248 5968 5952 8640 10172 8624 8608 10148 10128 8592 8576 10108 8560 8544 2016 2000 1984 1968 1952 1936 1952 1040 592 272 256 64 0 64 256 600 616 632 648 664 680 1128 1144 1160 1176 1192 744 728 712 696 368 104 680 664 632 600 616 648 2032 2048 2064 2080 2112 2128 2144 2160 2176 3392 4880 6032 7288 6000 4848 4848 4816 3776 2096 712 696 368 208 408 728 744 760 776 792 488 808 1040 656 400 256 452 288 808 1256 1240 792 776 760 1208 1224 1792 2480 3296 4240 5312 6536 6520 7864 7880 7896 6552 6568 7912 7928 6584 6600 7944 7960 6616 6632 7976 11048 12760 12744 12728 12712 12696 12680 12664 16504 16520 16536 16552 18664 18648 18632 18616 18600 18584 18568 19656 17480 16456 16472 16488 14480 12600 10888 12632 12648 7848 6504 6488 7832 7816 6472 6456 6440 6424 5208 4136 3192 2376 1688 1112 1096 1080 1064 1048 2320 3152 4112 5200 6416 7760 9612 10840 12560 17432 
17448 17440 13004 10008 10040 8140 6464 5248 5232 4160 3200 2368 1664 1088 1648 1040 272 80 16 80 272 128 128 320 64 320 640 1088 1648 2736 2752 2768 4412 5816 8504 8520 10064 10048 10032 10016 10000 10016 10032 13488 13472 13456 13472 13488 13504 13520 15440 15424 15408 15392 15376 15392 15408 15424 13504 10048 10064 11740 13532 15456 15472 17520 19680 19656 21960 21984 22000 22016 22032 22048 22064 19760 22080 22096 17608 15568 15552 15536 15520 15504 15488 13564 13584 13604 13628 12732 12748 12764 15600 17648 19824 19840 17664 15616 12796 10256 10240 10224 10208 10192 8656 7248 7232 10176 11836 10160 10144 11812 11792 10128 10112 11772 10096 10080 2784 2768 2752 2736 2720 2704 2720 1616 1040 592 576 256 64 0 64 280 296 312 328 344 360 680 696 712 728 744 424 408 392 376 176 168 1128 1112 1080 1048 1064 1096 2800 2816 2832 2848 2880 2896 2912 2928 2944 4352 6032 7312 8696 7280 6000 6000 5968 4800 2864 1160 1144 688 400 728 1176 1192 1208 1224 1240 808 1256 1552 1040 656 320 292 224 488 808 792 472 456 440 760 776 1216 1776 2464 3280 4224 5320 5304 6520 6536 6552 5336 5352 6568 6584 5368 5384 6600 6616 5400 5416 6632 9448 11032 11016 11000 10984 10968 10952 10936 14520 14536 14552 14568 16552 16536 16520 16504 16488 16472 16456 17480 15432 14472 14488 14504 12624 10872 9288 10904 10920 6504 5288 5272 6488 6472 5256 5240 5224 5208 4120 3176 2360 1672 1112 664 648 632 616 600 1616 2320 3152 4112 5200 6416 8108 9240 10832 15384 
15400 15392 11244 8472 8504 6764 5248 4160 4144 3200 2368 1664 1088 640 1072 592 80 16 80 272 592 320 64 128 128 640 1088 1664 2352 3632 3648 3664 5532 7096 10040 10056 11728 11712 11696 11680 11664 11680 11696 15408 15392 15376 15392 15408 15424 15440 17488 17472 17456 17440 17424 17440 17456 17472 15424 11712 11728 13532 15452 17504 17520 19696 21984 21960 24392 24416 24432 24448 24464 24480 24496 22064 24512 24528 19784 17616 17600 17584 17568 17552 17536 15484 15504 15524 15548 14588 14604 14620 17648 19824 22128 22144 19840 17664 14652 11920 11904 11888 11872 11856 10192 8656 8640 11840 13628 11824 11808 13604 13584 11792 11776 13564 11760 11744 3680 3664 3648 3632 3616 3600 3616 2320 1616 1040 1024 576 256 64 0 88 104 120 136 152 168 360 376 392 408 424 232 216 200 184 112 360 1704 1688 1656 1624 1640 1672 3696 3712 3728 3744 3776 3792 3808 3824 3840 5440 7312 8720 10232 8688 7280 7280 7248 5952 3760 1736 1720 1136 720 1176 1752 1768 1784 1800 1816 1256 1832 2192 1552 1040 512 260 288 296 488 472 280 264 248 440 456 768 1200 1760 2448 3264 4232 4216 5304 5320 5336 4248 4264 5352 5368 4280 4296 5384 5400 4312 4328 5416 7976 9432 9416 9400 9384 9368 9352 9336 12664 12680 12696 12712 14568 14552 14536 14520 14504 14488 14472 15432 13512 12616 12632 12648 10896 9272 7816 9304 9320 5288 4200 4184 5272 5256 4168 4152 4136 4120 3160 2344 1656 1096 664 344 328 312 296 280 1040 1616 2320 3152 4112 5200 6732 7768 9232 13464 
13504 13464 9620 7088 7120 5540 4184 3224 3208 2392 1688 1112 664 344 648 296 40 104 296 616 1064 664 152 88 344 1112 1688 2392 3208 4680 4696 4712 6804 8528 11728 11744 13544 13528 13512 13496 13480 13464 13464 17432 17432 17448 17464 17480 17496 17512 19688 19672 19656 19640 19624 19608 19608 19624 17448 13480 13496 15428 17476 19656 19672 21976 24392 24368 26928 26952 26968 26984 27000 27016 27032 24472 27048 27064 22064 19768 19752 19736 19720 19704 19688 17508 17528 17548 17572 16548 16564 16580 19800 22104 24536 24552 22120 19816 16612 13688 13672 13656 13640 13624 11832 10168 10152 13608 15524 13592 13576 15500 15480 13560 13544 15460 13528 13512 4680 4664 4648 4632 4632 4648 4664 3176 2344 1640 1624 1048 600 280 88 0 16 32 48 64 80 144 160 176 192 208 144 128 112 96 152 656 2384 2368 2336 2304 2320 2352 4696 4712 4728 4744 4776 4792 4808 4824 4840 6632 8696 10232 11872 10200 8664 8664 8632 7208 4760 2416 2400 1688 1144 1728 2432 2448 2464 2480 2496 1808 2512 2936 2168 1528 808 332 456 208 272 256 192 176 160 224 240 424 728 1160 1720 2408 3248 3232 4192 4208 4224 3264 3280 4240 4256 3296 3312 4272 4288 3328 3344 4304 6608 7936 7920 7904 7888 7872 7856 7840 10912 10928 10944 10960 12688 12672 12656 12640 12624 12608 12592 13488 11696 10864 10880 10896 9272 7776 6448 7808 7824 4176 3216 3200 4160 4144 3184 3168 3152 3136 2304 1616 1056 624 320 128 112 96 80 64 616 1064 1640 2344 3176 4136 5508 6400 7752 11680 
13520 13480 9636 7104 7136 5556 4200 3240 3224 2408 1704 1128 680 360 664 312 56 120 312 632 1080 680 168 104 360 1128 1704 2408 3224 4696 4712 4728 6820 8544 11744 11760 13560 13544 13528 13512 13496 13480 13464 17432 17448 17464 17480 17496 17512 17528 19704 19688 19672 19656 19640 19624 19608 19608 17432 13464 13480 15412 17460 19640 19656 21960 24376 24352 26912 26936 26952 26968 26984 27000 27016 24456 27032 27048 22048 19752 19736 19720 19704 19688 19672 17492 17512 17532 17556 16532 16548 16564 19784 22088 24520 24536 22104 19800 16596 13672 13656 13640 13624 13608 11816 10152 10136 13592 15508 13576 13560 15484 15464 13544 13528 15444 13512 13496 4664 4648 4632 4632 4648 4664 4680 3192 2360 1656 1640 1064 616 296 104 16 0 16 32 48 64 128 144 160 176 192 128 112 96 80 136 640 2368 2352 2320 2320 2304 2336 4680 4696 4712 4728 4760 4776 4792 4808 4824 6616 8680 10216 11856 10184 8648 8648 8616 7192 4744 2400 2384 1672 1128 1712 2416 2432 2448 2464 2480 1792 2496 2920 2152 1512 792 316 440 192 256 240 176 160 144 208 224 408 712 1144 1704 2392 3232 3216 4176 4192 4208 3248 3264 4224 4240 3280 3296 4256 4272 3312 3328 4288 6592 7920 7904 7888 7872 7856 7840 7824 10896 10912 10928 10944 12672 12656 12640 12624 12608 12592 12576 13472 11680 10848 10864 10880 9256 7760 6432 7792 7808 4160 3200 3184 4144 4128 3168 3152 3136 3152 2320 1600 1040 608 304 112 96 80 64 80 632 1080 1656 2360 3192 4152 5524 6416 7768 11696 
13536 13496 9652 7120 7152 5572 4216 3256 3240 2424 1720 1144 696 376 680 328 72 136 328 648 1096 696 184 120 376 1144 1720 2424 3240 4712 4728 4744 6836 8560 11760 11776 13576 13560 13544 13528 13512 13496 13480 17448 17464 17480 17496 17512 17528 17544 19720 19704 19688 19672 19656 19640 19624 19608 17432 13464 13464 15396 17444 19624 19640 21944 24360 24336 26896 26920 26936 26952 26968 26984 27000 24440 27016 27032 22032 19736 19720 19704 19688 19672 19656 17476 17496 17516 17540 16516 16532 16548 19768 22072 24504 24520 22088 19784 16580 13656 13640 13624 13608 13592 11800 10136 10120 13576 15492 13560 13544 15468 15448 13528 13512 15428 13496 13480 4648 4632 4632 4648 4664 4680 4696 3208 2376 1672 1656 1080 632 312 120 32 16 0 16 32 48 112 128 144 160 176 112 96 80 64 120 624 2352 2336 2304 2336 2320 2320 4664 4680 4696 4712 4744 4760 4776 4792 4808 6600 8664 10200 11840 10168 8632 8632 8600 7176 4728 2384 2368 1656 1112 1696 2400 2416 2432 2448 2464 1776 2480 2904 2136 1496 776 300 424 176 240 224 160 144 128 192 208 392 696 1128 1688 2376 3216 3200 4160 4176 4192 3232 3248 4208 4224 3264 3280 4240 4256 3296 3312 4272 6576 7904 7888 7872 7856 7840 7824 7808 10880 10896 10912 10928 12656 12640 12624 12608 12592 12576 12560 13456 11664 10832 10848 10864 9240 7744 6416 7776 7792 4144 3184 3168 4128 4112 3152 3136 3152 3168 2336 1616 1024 592 288 96 80 64 80 96 648 1096 1672 2376 3208 4168 5540 6432 7784 11712 
13552 13512 9668 7136 7168 5588 4232 3272 3256 2440 1736 1160 712 392 696 344 88 152 344 664 1112 712 200 136 392 1160 1736 2440 3256 4728 4744 4760 6852 8576 11776 11792 13592 13576 13560 13544 13528 13512 13496 17464 17480 17496 17512 17528 17544 17560 19736 19720 19704 19688 19672 19656 19640 19624 17448 13480 13464 15380 17428 19608 19624 21928 24344 24352 26912 26904 26920 26936 26952 26968 26984 24424 27000 27016 22016 19720 19704 19688 19672 19656 19640 17460 17480 17500 17524 16500 16516 16532 19752 22056 24488 24504 22072 19768 16564 13640 13624 13608 13592 13576 11784 10120 10104 13560 15476 13544 13528 15452 15432 13512 13496 15412 13480 13464 4632 4632 4648 4664 4680 4696 4712 3224 2392 1688 1672 1096 648 328 136 48 32 16 0 16 32 96 112 128 144 160 96 80 64 48 104 608 2336 2320 2320 2352 2336 2304 4648 4664 4680 4696 4728 4744 4760 4776 4792 6584 8648 10184 11824 10152 8616 8616 8584 7160 4712 2368 2352 1640 1096 1680 2384 2400 2416 2432 2448 1760 2464 2888 2120 1480 760 284 408 160 224 208 144 128 112 176 192 376 680 1112 1672 2360 3200 3184 4144 4160 4176 3216 3232 4192 4208 3248 3264 4224 4240 3280 3296 4256 6560 7888 7872 7856 7840 7824 7808 7792 10864 10880 10896 10912 12640 12624 12608 12592 12576 12560 12544 13472 11680 10816 10832 10848 9224 7760 6400 7760 7776 4128 3168 3152 4112 4096 3136 3152 3168 3184 2352 1632 1040 576 272 80 64 80 96 112 664 1112 1688 2392 3224 4184 5556 6448 7800 11728 
13568 13528 9684 7152 7184 5604 4248 3288 3272 2456 1752 1176 728 408 712 360 104 168 360 680 1128 728 216 152 408 1176 1752 2456 3272 4744 4760 4776 6868 8592 11792 11808 13608 13592 13576 13560 13544 13528 13512 17480 17496 17512 17528 17544 17560 17576 19752 19736 19720 19704 19688 19672 19656 19640 17464 13496 13480 15388 17436 19608 19608 21912 24344 24368 26928 26904 26904 26920 26936 26952 26968 24408 26984 27000 22000 19704 19688 19672 19656 19640 19624 17444 17464 17484 17508 16484 16500 16516 19736 22040 24472 24488 22056 19752 16548 13624 13608 13592 13576 13560 11768 10104 10088 13544 15460 13528 13512 15436 15416 13496 13480 15396 13464 13464 4632 4648 4664 4680 4696 4712 4728 3240 2408 1704 1688 1112 664 344 152 64 48 32 16 0 16 80 96 112 128 144 80 64 48 32 88 592 2320 2304 2336 2368 2352 2320 4632 4648 4664 4680 4712 4728 4744 4760 4776 6568 8632 10168 11808 10136 8600 8600 8568 7144 4696 2352 2336 1624 1080 1664 2368 2384 2400 2416 2432 1744 2448 2872 2104 1464 744 268 392 144 208 192 128 112 96 160 176 360 664 1096 1656 2344 3184 3168 4128 4144 4160 3200 3216 4176 4192 3232 3248 4208 4224 3264 3280 4240 6544 7872 7856 7840 7824 7808 7792 7776 10848 10864 10880 10896 12624 12608 12592 12576 12560 12544 12560 13488 11696 10832 10816 10832 9224 7776 6416 7744 7760 4112 3152 3136 4096 4112 3152 3168 3184 3200 2368 1648 1056 592 256 64 80 96 112 128 680 1128 1704 2408 3240 4200 5572 6464 7816 11744 
13584 13544 9700 7168 7200 5620 4264 3304 3288 2472 1768 1192 744 424 728 376 120 184 376 696 1144 744 232 168 424 1192 1768 2472 3288 4760 4776 4792 6884 8608 11808 11824 13624 13608 13592 13576 13560 13544 13528 17496 17512 17528 17544 17560 17576 17592 19768 19752 19736 19720 19704 19688 19672 19656 17480 13512 13496 15404 17452 19624 19608 21912 24360 24384 26944 26920 26904 26904 26920 26936 26952 24392 26968 26984 21984 19688 19672 19656 19640 19624 19608 17428 17448 17468 17492 16468 16484 16500 19720 22024 24456 24472 22040 19736 16532 13608 13592 13576 13560 13544 11752 10088 10072 13528 15444 13512 13496 15420 15400 13480 13464 15380 13464 13480 4648 4664 4680 4696 4712 4728 4744 3256 2424 1720 1704 1128 680 360 168 80 64 48 32 16 0 64 80 96 112 128 64 48 32 16 72 576 2304 2320 2352 2384 2368 2336 4632 4632 4648 4664 4696 4712 4728 4744 4760 6552 8616 10152 11792 10120 8584 8584 8552 7128 4680 2336 2320 1608 1064 1648 2352 2368 2384 2400 2416 1728 2432 2856 2088 1448 728 252 376 128 192 176 112 96 80 144 160 344 648 1080 1640 2328 3168 3152 4112 4128 4144 3184 3200 4160 4176 3216 3232 4192 4208 3248 3264 4224 6528 7856 7840 7824 7808 7792 7776 7760 10832 10848 10864 10880 12608 12592 12576 12560 12544 12560 12576 13504 11712 10848 10832 10816 9240 7792 6432 7760 7744 4096 3136 3152 4112 4128 3168 3184 3200 3216 2384 1664 1072 608 272 80 96 112 128 144 696 1144 1720 2424 3256 4216 5588 6480 7832 11760 
11792 11752 8196 5888 5920 4500 3304 2472 2456 1768 1192 744 424 232 408 184 184 376 696 1144 1720 1192 424 232 744 1768 2472 3304 4248 5912 5928 5944 8260 10144 13600 13616 15544 15528 15512 15496 15480 15464 15448 19672 19688 19704 19720 19736 19752 19768 22072 22056 22040 22024 22008 21992 21976 21960 19656 15432 15416 17452 19628 21928 21912 24344 26920 26944 29632 29608 29592 29592 29608 29624 29640 26952 29656 29672 24416 21992 21976 21960 21944 21928 21912 19604 19624 19644 19668 18580 18596 18612 22024 24456 27016 27032 24472 22040 18644 15528 15512 15496 15480 15464 13544 11752 11736 15448 17492 15432 15416 17468 17448 15400 15384 17428 15384 15400 5800 5816 5832 5848 5864 5880 5896 4216 3256 2424 2408 1704 1128 680 360 144 128 112 96 80 64 0 16 32 48 64 128 112 96 80 264 1024 3136 3152 3184 3216 3200 3168 5784 5784 5800 5816 5848 5864 5880 5896 5912 7896 10152 11816 13584 11784 10120 10120 10088 8536 5832 3168 3152 2312 1640 2352 3184 3200 3216 3232 3248 2432 3264 3752 2856 2088 1176 476 696 192 128 112 176 160 144 80 96 152 328 632 1064 1624 2336 2320 3152 3168 3184 2352 2368 3200 3216 2384 2400 3232 3248 2416 2432 3264 5312 6512 6496 6480 6464 6448 6432 6416 9232 9248 9264 9280 10880 10864 10848 10832 10816 10832 10848 11712 10048 9248 9232 9216 7768 6448 5216 6416 6400 3136 2304 2320 3152 3168 2336 2352 2368 2384 1680 1088 624 288 80 16 32 48 64 80 376 696 1144 1720 2424 3256 4468 5264 6488 10096 
11808 11768 8212 5904 5936 4516 3320 2488 2472 1784 1208 760 440 248 424 200 200 392 712 1160 1736 1208 440 248 760 1784 2488 3320 4264 5928 5944 5960 8276 10160 13616 13632 15560 15544 15528 15512 15496 15480 15464 19688 19704 19720 19736 19752 19768 19784 22088 22072 22056 22040 22024 22008 21992 21976 19672 15448 15432 17468 19644 21944 21928 24360 26936 26960 29648 29624 29608 29592 29592 29608 29624 26936 29640 29656 24400 21976 21960 21944 21928 21912 21912 19612 19608 19628 19652 18564 18580 18596 22008 24440 27000 27016 24456 22024 18628 15512 15496 15480 15464 15448 13528 11736 11720 15432 17476 15416 15400 17452 17432 15384 15384 17436 15400 15416 5816 5832 5848 5864 5880 5896 5912 4232 3272 2440 2424 1720 1144 696 376 160 144 128 112 96 80 16 0 16 32 48 112 96 80 64 264 1040 3152 3168 3200 3232 3216 3184 5800 5784 5784 5800 5832 5848 5864 5880 5896 7880 10136 11800 13568 11768 10104 10104 10072 8520 5816 3152 3136 2312 1624 2336 3168 3184 3200 3216 3232 2416 3248 3736 2840 2072 1160 460 680 176 112 96 160 144 128 64 80 136 312 616 1048 1608 2320 2304 3136 3152 3168 2336 2352 3184 3200 2368 2384 3216 3232 2400 2416 3248 5296 6496 6480 6464 6448 6432 6416 6400 9216 9232 9248 9264 10864 10848 10832 10816 10832 10848 10864 11728 10064 9264 9248 9232 7784 6464 5232 6432 6416 3152 2320 2336 3168 3184 2352 2368 2384 2400 1696 1104 640 304 96 32 48 64 80 96 392 712 1160 1736 2440 3272 4484 5280 6504 10112 
11824 11784 8228 5920 5952 4532 3336 2504 2488 1800 1224 776 456 264 440 216 216 408 728 1176 1752 1224 456 264 776 1800 2504 3336 4280 5944 5960 5976 8292 10176 13632 13648 15576 15560 15544 15528 15512 15496 15480 19704 19720 19736 19752 19768 19784 19800 22104 22088 22072 22056 22040 22024 22008 21992 19688 15464 15448 17484 19660 21960 21944 24376 26952 26976 29664 29640 29624 29608 29592 29592 29608 26920 29624 29640 24384 21960 21944 21928 21912 21912 21928 19628 19608 19612 19636 18548 18564 18580 21992 24424 26984 27000 24440 22008 18612 15496 15480 15464 15448 15432 13512 11720 11704 15416 17460 15400 15384 17436 17432 15384 15400 17452 15416 15432 5832 5848 5864 5880 5896 5912 5928 4248 3288 2456 2440 1736 1160 712 392 176 160 144 128 112 96 32 16 0 16 32 96 80 64 80 280 1056 3168 3184 3216 3248 3232 3200 5816 5800 5784 5784 5816 5832 5848 5864 5880 7864 10120 11784 13552 11752 10088 10088 10056 8504 5800 3136 3152 2328 1608 2320 3152 3168 3184 3200 3216 2400 3232 3720 2824 2056 1144 444 664 160 96 80 144 128 112 48 64 120 296 600 1032 1608 2304 2320 3152 3136 3152 2320 2336 3168 3184 2352 2368 3200 3216 2384 2400 3232 5280 6480 6464 6448 6432 6416 6400 6416 9232 9216 9232 9248 10848 10832 10816 10832 10848 10864 10880 11744 10080 9280 9264 9248 7800 6480 5248 6448 6432 3168 2336 2352 3184 3200 2368 2384 2400 2416 1712 1120 656 320 112 48 64 80 96 112 408 728 1176 1752 2456 3288 4500 5296 6520 10128 
11840 11800 8244 5936 5968 4548 3352 2520 2504 1816 1240 792 472 280 456 232 232 424 744 1192 1768 1240 472 280 792 1816 2520 3352 4296 5960 5976 5992 8308 10192 13648 13664 15592 15576 15560 15544 15528 15512 15496 19720 19736 19752 19768 19784 19800 19816 22120 22104 22088 22072 22056 22040 22024 22008 19704 15480 15464 17500 19676 21976 21960 24392 26968 26992 29680 29656 29640 29624 29608 29592 29592 26904 29608 29624 24368 21944 21928 21912 21912 21928 21944 19644 19624 19604 19620 18532 18548 18564 21976 24408 26968 26984 24424 21992 18596 15480 15464 15448 15432 15416 13496 11704 11688 15400 17444 15384 15384 17428 17448 15400 15416 17468 15432 15448 5848 5864 5880 5896 5912 5928 5944 4264 3304 2472 2456 1752 1176 728 408 192 176 160 144 128 112 48 32 16 0 16 80 64 80 96 296 1072 3184 3200 3232 3264 3248 3216 5832 5816 5800 5784 5800 5816 5832 5848 5864 7848 10104 11768 13536 11736 10072 10072 10040 8488 5784 3152 3168 2344 1608 2304 3136 3152 3168 3184 3200 2384 3216 3704 2808 2040 1128 428 648 144 80 64 128 112 96 32 48 104 280 584 1032 1624 2320 2336 3168 3152 3136 2304 2320 3152 3168 2336 2352 3184 3200 2368 2384 3216 5264 6464 6448 6432 6416 6400 6416 6432 9248 9232 9216 9232 10832 10816 10832 10848 10864 10880 10896 11760 10096 9296 9280 9264 7816 6496 5264 6464 6448 3184 2352 2368 3200 3216 2384 2400 2416 2432 1728 1136 672 336 128 64 80 96 112 128 424 744 1192 1768 2472 3304 4516 5312 6536 10144 
11856 11816 8260 5952 5984 4564 3368 2536 2520 1832 1256 808 488 296 472 248 248 440 760 1208 1784 1256 488 296 808 1832 2536 3368 4312 5976 5992 6008 8324 10208 13664 13680 15608 15592 15576 15560 15544 15528 15512 19736 19752 19768 19784 19800 19816 19832 22136 22120 22104 22088 22072 22056 22040 22024 19720 15496 15480 17516 19692 21992 21976 24408 26984 27008 29696 29672 29656 29640 29624 29608 29592 26904 29592 29608 24352 21928 21912 21912 21928 21944 21960 19660 19640 19620 19604 18516 18532 18548 21960 24392 26952 26968 24408 21976 18580 15464 15448 15432 15416 15400 13480 11688 11672 15384 17428 15384 15400 17444 17464 15416 15432 17484 15448 15464 5864 5880 5896 5912 5928 5944 5960 4280 3320 2488 2472 1768 1192 744 424 208 192 176 160 144 128 64 48 32 16 0 64 80 96 112 312 1088 3200 3216 3248 3280 3264 3232 5848 5832 5816 5800 5784 5800 5816 5832 5848 7832 10088 11752 13520 11720 10056 10056 10024 8472 5784 3168 3184 2360 1624 2320 3152 3136 3152 3168 3184 2368 3200 3688 2792 2024 1112 412 632 128 64 48 112 96 80 16 32 88 264 584 1048 1640 2336 2352 3184 3168 3152 2320 2304 3136 3152 2320 2336 3168 3184 2352 2368 3200 5248 6448 6432 6416 6400 6416 6432 6448 9264 9248 9232 9216 10816 10832 10848 10864 10880 10896 10912 11776 10112 9312 9296 9280 7832 6512 5280 6480 6464 3200 2368 2384 3216 3232 2400 2416 2432 2448 1744 1152 688 352 144 80 96 112 128 144 440 760 1208 1784 2488 3320 4532 5328 6552 10160 
13648 13608 9764 7232 7264 5684 4328 3368 3352 2536 1832 1256 808 488 792 440 184 248 440 760 1208 808 296 232 488 1256 1832 2536 3352 4824 4840 4856 6948 8672 11872 11888 13688 13672 13656 13640 13624 13608 13592 17560 17576 17592 17608 17624 17640 17656 19832 19816 19800 19784 19768 19752 19736 19720 17544 13576 13560 15468 17516 19688 19672 21976 24424 24448 27008 26984 26968 26952 26936 26920 26904 24344 26904 26920 21920 19624 19608 19608 19624 19640 19656 17484 17464 17444 17428 16404 16420 16436 19656 21960 24392 24408 21976 19672 16468 13544 13528 13512 13496 13480 11688 10024 10008 13464 15380 13464 13480 15396 15416 13496 13512 15436 13528 13544 4712 4728 4744 4760 4776 4792 4808 3320 2488 1784 1768 1192 744 424 232 144 128 112 96 80 64 128 112 96 80 64 0 16 32 48 120 640 2368 2384 2416 2448 2432 2400 4696 4680 4664 4648 4632 4648 4664 4680 4696 6488 8552 10088 11728 10056 8520 8520 8488 7064 4632 2336 2352 1656 1048 1616 2320 2304 2320 2336 2352 1664 2368 2792 2024 1384 664 188 312 64 128 112 48 32 16 80 96 280 584 1032 1624 2344 3168 3184 4144 4128 4112 3152 3136 4096 4112 3152 3168 4128 4144 3184 3200 4160 6464 7792 7776 7760 7744 7760 7776 7792 10864 10848 10832 10816 12544 12560 12576 12592 12608 12624 12640 13568 11776 10912 10896 10880 9304 7856 6496 7824 7808 4160 3200 3216 4176 4192 3232 3248 3264 3280 2448 1728 1136 672 336 144 160 176 192 208 760 1208 1784 2488 3320 4280 5652 6544 7896 11824 
13632 13592 9748 7216 7248 5668 4312 3352 3336 2520 1816 1240 792 472 776 424 168 232 424 744 1192 792 280 216 472 1240 1816 2520 3336 4808 4824 4840 6932 8656 11856 11872 13672 13656 13640 13624 13608 13592 13576 17544 17560 17576 17592 17608 17624 17640 19816 19800 19784 19768 19752 19736 19720 19704 17528 13560 13544 15452 17500 19672 19656 21960 24408 24432 26992 26968 26952 26936 26920 26904 26904 24344 26920 26936 21936 19640 19624 19608 19608 19624 19640 17468 17448 17428 17444 16420 16436 16452 19672 21976 24408 24424 21992 19688 16484 13560 13544 13528 13512 13496 11704 10040 10024 13480 15396 13464 13464 15380 15400 13480 13496 15420 13512 13528 4696 4712 4728 4744 4760 4776 4792 3304 2472 1768 1752 1176 728 408 216 128 112 96 80 64 48 112 96 80 64 80 16 0 16 32 104 624 2352 2368 2400 2432 2416 2384 4680 4664 4648 4632 4648 4664 4680 4696 4712 6504 8568 10104 11744 10072 8536 8536 8504 7080 4632 2320 2336 1640 1032 1600 2304 2320 2336 2352 2368 1680 2384 2808 2040 1400 680 204 328 80 144 128 64 48 32 96 112 296 600 1032 1608 2328 3152 3168 4128 4112 4096 3136 3152 4112 4128 3168 3184 4144 4160 3200 3216 4176 6480 7808 7792 7776 7760 7744 7760 7776 10848 10832 10816 10832 12560 12544 12560 12576 12592 12608 12624 13552 11760 10896 10880 10864 9288 7840 6480 7808 7792 4144 3184 3200 4160 4176 3216 3232 3248 3264 2432 1712 1120 656 320 128 144 160 176 192 744 1192 1768 2472 3304 4264 5636 6528 7880 11808 
13616 13576 9732 7200 7232 5652 4296 3336 3320 2504 1800 1224 776 456 760 408 152 216 408 728 1176 776 264 200 456 1224 1800 2504 3320 4792 4808 4824 6916 8640 11840 11856 13656 13640 13624 13608 13592 13576 13560 17528 17544 17560 17576 17592 17608 17624 19800 19784 19768 19752 19736 19720 19704 19688 17512 13544 13528 15436 17484 19656 19640 21944 24392 24416 26976 26952 26936 26920 26904 26904 26920 24360 26936 26952 21952 19656 19640 19624 19608 19608 19624 17452 17432 17436 17460 16436 16452 16468 19688 21992 24424 24440 22008 19704 16500 13576 13560 13544 13528 13512 11720 10056 10040 13496 15412 13480 13464 15388 15384 13464 13480 15404 13496 13512 4680 4696 4712 4728 4744 4760 4776 3288 2456 1752 1736 1160 712 392 200 112 96 80 64 48 32 96 80 64 80 96 32 16 0 16 88 608 2336 2352 2384 2416 2400 2368 4664 4648 4632 4632 4664 4680 4696 4712 4728 6520 8584 10120 11760 10088 8552 8552 8520 7096 4648 2304 2320 1624 1032 1616 2320 2336 2352 2368 2384 1696 2400 2824 2056 1416 696 220 344 96 160 144 80 64 48 112 128 312 616 1048 1608 2312 3136 3152 4112 4096 4112 3152 3168 4128 4144 3184 3200 4160 4176 3216 3232 4192 6496 7824 7808 7792 7776 7760 7744 7760 10832 10816 10832 10848 12576 12560 12544 12560 12576 12592 12608 13536 11744 10880 10864 10848 9272 7824 6464 7792 7776 4128 3168 3184 4144 4160 3200 3216 3232 3248 2416 1696 1104 640 304 112 128 144 160 176 728 1176 1752 2456 3288 4248 5620 6512 7864 11792 
13600 13560 9716 7184 7216 5636 4280 3320 3304 2488 1784 1208 760 440 744 392 136 200 392 712 1160 760 248 184 440 1208 1784 2488 3304 4776 4792 4808 6900 8624 11824 11840 13640 13624 13608 13592 13576 13560 13544 17512 17528 17544 17560 17576 17592 17608 19784 19768 19752 19736 19720 19704 19688 19672 17496 13528 13512 15420 17468 19640 19624 21928 24376 24400 26960 26936 26920 26904 26904 26920 26936 24376 26952 26968 21968 19672 19656 19640 19624 19608 19608 17436 17432 17452 17476 16452 16468 16484 19704 22008 24440 24456 22024 19720 16516 13592 13576 13560 13544 13528 11736 10072 10056 13512 15428 13496 13480 15404 15384 13464 13464 15388 13480 13496 4664 4680 4696 4712 4728 4744 4760 3272 2440 1736 1720 1144 696 376 184 96 80 64 48 32 16 80 64 80 96 112 48 32 16 0 72 592 2320 2336 2368 2400 2384 2352 4648 4632 4632 4648 4680 4696 4712 4728 4744 6536 8600 10136 11776 10104 8568 8568 8536 7112 4664 2320 2304 1608 1048 1632 2336 2352 2368 2384 2400 1712 2416 2840 2072 1432 712 236 360 112 176 160 96 80 64 128 144 328 632 1064 1624 2312 3152 3136 4096 4112 4128 3168 3184 4144 4160 3200 3216 4176 4192 3232 3248 4208 6512 7840 7824 7808 7792 7776 7760 7744 10816 10832 10848 10864 12592 12576 12560 12544 12560 12576 12592 13520 11728 10864 10848 10832 9256 7808 6448 7776 7760 4112 3152 3168 4128 4144 3184 3200 3216 3232 2400 1680 1088 624 288 96 112 128 144 160 712 1160 1736 2440 3272 4232 5604 6496 7848 11776 
15512 15472 11340 8584 8616 6876 5360 4272 4256 3312 2480 1776 1200 752 1184 704 192 128 192 384 704 432 176 240 240 752 1200 1776 2464 3744 3760 3776 5644 7208 10152 10168 11840 11824 11808 11792 11776 11760 11744 15456 15472 15488 15504 15520 15536 15552 17600 17584 17568 17552 17536 17520 17504 17488 15440 11728 11712 13492 15412 17456 17440 19616 21936 21960 24392 24368 24352 24336 24352 24368 24384 21952 24400 24416 19672 17504 17488 17472 17456 17440 17424 15380 15392 15412 15436 14476 14492 14508 17536 19712 22016 22032 19728 17552 14540 11808 11792 11776 11760 11744 10080 8544 8528 11728 13516 11712 11696 13492 13472 11680 11664 13460 11680 11696 3632 3648 3664 3680 3696 3712 3728 2432 1728 1152 1136 688 368 176 112 152 136 120 104 88 72 264 264 280 296 312 120 104 88 72 0 264 1608 1624 1656 1688 1672 1640 3616 3600 3616 3632 3664 3680 3696 3712 3728 5328 7200 8608 10120 8576 7168 7168 7136 5840 3648 1624 1608 1024 608 1064 1640 1656 1672 1688 1704 1144 1720 2080 1440 928 400 148 176 184 376 360 168 152 136 328 344 656 1088 1648 2336 3152 4120 4104 5192 5208 5224 4136 4152 5240 5256 4168 4184 5272 5288 4200 4216 5304 7864 9320 9304 9288 9272 9256 9240 9224 12552 12568 12584 12600 14456 14440 14424 14408 14408 14424 14440 15432 13512 12584 12568 12552 10848 9272 7784 9240 9224 5192 4104 4120 5208 5224 4136 4152 4168 4184 3224 2376 1656 1064 600 280 296 312 328 344 1152 1728 2432 3264 4224 5312 6844 7832 9312 13560 
19728 19688 14980 11776 11808 9748 7912 6568 6552 5352 4264 3304 2472 1768 2456 1720 696 376 184 120 184 168 424 744 232 232 424 744 1176 2072 2088 2104 3524 4768 7200 7216 8632 8616 8600 8584 8568 8552 8536 11736 11752 11768 11784 11800 11816 11832 13624 13608 13592 13576 13560 13544 13528 13512 11720 8520 8504 10028 11692 13480 13464 15384 17448 17472 19648 19624 19608 19608 19624 19640 19656 17480 19672 19688 15456 13544 13528 13512 13496 13480 13464 11668 11688 11708 11732 10900 10916 10932 13576 15496 17544 17560 15512 13592 10964 8616 8600 8584 8568 8552 7144 5864 5848 8536 10068 8520 8504 10044 10024 8488 8472 10004 8472 8488 1960 1976 1992 2008 2024 2040 2056 1144 696 376 360 168 104 168 360 656 640 624 608 592 576 1024 1040 1056 1072 1088 640 624 608 592 264 0 576 592 624 656 640 608 1944 1944 1960 1976 2008 2024 2040 2056 2072 3288 4776 5928 7184 5896 4744 4744 4712 3672 1992 608 592 264 104 304 624 640 656 672 688 384 704 936 552 296 152 348 184 704 1152 1136 688 672 656 1104 1120 1688 2376 3192 4136 5208 6432 6416 7760 7776 7792 6448 6464 7808 7824 6480 6496 7840 7856 6512 6528 7872 10944 12656 12640 12624 12608 12592 12576 12560 16400 16416 16432 16448 18560 18544 18528 18512 18496 18512 18528 19648 17472 16416 16400 16384 14424 12592 10848 12560 12544 7744 6400 6416 7760 7776 6432 6448 6464 6480 5264 4160 3184 2336 1616 1040 1056 1072 1088 1104 2424 3256 4216 5304 6520 7864 9716 10896 12632 17520 
27024 26984 21412 17536 17568 15028 12712 10984 10968 9384 7912 6568 5352 4264 5336 4216 2424 1720 1144 696 376 744 1768 2472 1192 424 232 168 216 536 552 568 1316 2080 3744 3760 4792 4776 4760 4744 4728 4712 4696 7128 7144 7160 7176 7192 7208 7224 8632 8616 8600 8584 8568 8552 8536 8520 7112 4680 4664 5804 7084 8488 8472 10008 11688 11712 13504 13480 13464 13464 13480 13496 13512 11720 13528 13544 10080 8552 8536 8520 8504 8488 8472 7060 7080 7100 7124 6484 6500 6516 8584 10120 11784 11800 10136 8600 6548 4776 4760 4744 4728 4712 3688 2792 2776 4696 5844 4680 4664 5820 5800 4648 4632 5780 4632 4648 424 440 456 472 488 504 520 184 120 184 168 360 680 1128 1704 2384 2368 2352 2336 2320 2304 3136 3152 3168 3184 3200 2368 2352 2336 2320 1608 576 0 16 48 80 64 32 408 408 424 440 472 488 504 520 536 1176 2088 2856 3728 2824 2056 2056 2024 1368 456 32 16 72 296 112 48 64 80 96 112 192 128 168 168 296 728 1596 1144 2432 3264 3248 2416 2400 2384 3216 3232 4184 5256 6456 7784 9240 10848 10832 12560 12576 12592 10864 10880 12608 12624 10896 10912 12640 12656 10928 10944 12672 16512 18608 18592 18576 18560 18544 18528 18512 23120 23136 23152 23168 25664 25648 25632 25616 25600 25616 25632 26944 24384 23136 23120 23104 20760 18544 16416 18512 18496 12544 10816 10832 12560 12576 10848 10864 10880 10896 9296 7808 6448 5216 4112 3152 3168 3184 3200 3216 5304 6520 7864 9336 10936 12664 14996 16464 18584 24432 
27008 26968 21396 17520 17552 15012 12696 10968 10952 9368 7896 6552 5336 4248 5320 4200 2408 1704 1128 680 360 728 1752 2456 1176 408 216 152 200 520 536 552 1300 2064 3728 3744 4776 4760 4744 4728 4712 4696 4680 7112 7128 7144 7160 7176 7192 7208 8616 8600 8584 8568 8552 8536 8520 8504 7096 4664 4648 5788 7068 8472 8472 10008 11672 11696 13488 13464 13464 13480 13496 13512 13528 11736 13544 13560 10096 8568 8552 8536 8520 8504 8488 7076 7096 7116 7140 6500 6516 6532 8600 10136 11800 11816 10152 8616 6564 4792 4776 4760 4744 4728 3704 2808 2792 4712 5860 4696 4680 5836 5816 4664 4648 5796 4632 4632 408 424 440 456 472 488 504 168 104 168 152 344 664 1112 1688 2368 2352 2336 2320 2304 2320 3152 3168 3184 3200 3216 2384 2368 2352 2336 1624 592 16 0 32 64 48 16 408 424 440 456 488 504 520 536 552 1192 2104 2872 3744 2840 2072 2072 2040 1384 472 48 32 88 312 128 64 80 96 112 128 208 144 184 184 312 744 1612 1160 2448 3280 3264 2432 2416 2400 3232 3248 4200 5272 6472 7800 9256 10864 10848 12576 12592 12608 10880 10896 12624 12640 10912 10928 12656 12672 10944 10960 12688 16528 18624 18608 18592 18576 18560 18544 18528 23136 23152 23168 23184 25680 25664 25648 25632 25616 25600 25616 26928 24368 23120 23104 23120 20744 18528 16400 18496 18512 12560 10832 10816 12544 12560 10832 10848 10864 10880 9280 7792 6432 5200 4096 3136 3152 3168 3184 3200 5288 6504 7848 9320 10920 12648 14980 16448 18568 24416 
26976 26936 21364 17488 17520 14980 12664 10936 10920 9336 7864 6520 5304 4216 5288 4168 2376 1672 1096 648 328 696 1720 2424 1144 376 184 120 168 488 504 520 1268 2032 3696 3712 4744 4728 4712 4696 4680 4664 4648 7080 7096 7112 7128 7144 7160 7176 8584 8568 8552 8536 8520 8504 8488 8472 7064 4632 4632 5796 7076 8488 8504 10040 11688 11664 13456 13480 13496 13512 13528 13544 13560 11768 13576 13592 10128 8600 8584 8568 8552 8536 8520 7108 7128 7148 7172 6532 6548 6564 8632 10168 11832 11848 10184 8648 6596 4824 4808 4792 4776 4760 3736 2840 2824 4744 5892 4728 4712 5868 5848 4696 4680 5828 4664 4648 424 408 408 424 440 456 472 136 72 136 120 312 632 1080 1656 2336 2320 2304 2320 2336 2352 3184 3200 3216 3232 3248 2416 2400 2384 2368 1656 624 48 32 0 32 16 16 440 456 472 488 520 536 552 568 584 1224 2136 2904 3776 2872 2104 2104 2072 1416 504 80 64 120 344 160 96 112 128 144 160 240 176 216 216 344 776 1644 1192 2480 3312 3296 2464 2448 2432 3264 3280 4232 5304 6504 7832 9288 10896 10880 12608 12624 12640 10912 10928 12656 12672 10944 10960 12688 12704 10976 10992 12720 16560 18656 18640 18624 18608 18592 18576 18560 23168 23184 23200 23216 25712 25696 25680 25664 25648 25632 25616 26896 24336 23120 23136 23152 20760 18496 16400 18528 18544 12592 10864 10848 12576 12560 10832 10816 10832 10848 9248 7760 6400 5200 4128 3168 3152 3136 3152 3168 5256 6472 7816 9288 10888 12616 14948 16416 18536 24384 
26944 26904 21332 17456 17488 14948 12632 10904 10888 9304 7832 6488 5272 4184 5256 4136 2344 1640 1064 616 296 664 1688 2392 1112 344 152 88 136 456 472 488 1236 2000 3664 3680 4712 4696 4680 4664 4648 4632 4632 7064 7064 7080 7096 7112 7128 7144 8552 8536 8520 8504 8488 8472 8472 8488 7080 4648 4664 5828 7108 8520 8536 10072 11720 11696 13488 13512 13528 13544 13560 13576 13592 11800 13608 13624 10160 8632 8616 8600 8584 8568 8552 7140 7160 7180 7204 6564 6580 6596 8664 10200 11864 11880 10216 8680 6628 4856 4840 4824 4808 4792 3768 2872 2856 4776 5924 4760 4744 5900 5880 4728 4712 5860 4696 4680 456 440 424 408 408 424 440 104 40 104 88 280 600 1048 1624 2304 2320 2336 2352 2368 2384 3216 3232 3248 3264 3280 2448 2432 2416 2400 1688 656 80 64 32 0 16 48 472 488 504 520 552 568 584 600 616 1256 2168 2936 3808 2904 2136 2136 2104 1448 536 112 96 152 376 192 128 144 160 176 192 272 208 248 248 376 808 1676 1224 2512 3344 3328 2496 2480 2464 3296 3312 4264 5336 6536 7864 9320 10928 10912 12640 12656 12672 10944 10960 12688 12704 10976 10992 12720 12736 11008 11024 12752 16592 18688 18672 18656 18640 18624 18608 18592 23200 23216 23232 23248 25744 25728 25712 25696 25680 25664 25648 26928 24368 23152 23168 23184 20792 18528 16432 18560 18576 12624 10896 10880 12608 12592 10864 10848 10832 10816 9216 7760 6432 5232 4160 3200 3184 3168 3152 3136 5224 6440 7784 9256 10856 12584 14916 16384 18504 24352 
26960 26920 21348 17472 17504 14964 12648 10920 10904 9320 7848 6504 5288 4200 5272 4152 2360 1656 1080 632 312 680 1704 2408 1128 360 168 104 152 472 488 504 1252 2016 3680 3696 4728 4712 4696 4680 4664 4648 4632 7064 7080 7096 7112 7128 7144 7160 8568 8552 8536 8520 8504 8488 8472 8472 7064 4632 4648 5812 7092 8504 8520 10056 11704 11680 13472 13496 13512 13528 13544 13560 13576 11784 13592 13608 10144 8616 8600 8584 8568 8552 8536 7124 7144 7164 7188 6548 6564 6580 8648 10184 11848 11864 10200 8664 6612 4840 4824 4808 4792 4776 3752 2856 2840 4760 5908 4744 4728 5884 5864 4712 4696 5844 4680 4664 440 424 408 408 424 440 456 120 56 120 104 296 616 1064 1640 2320 2304 2320 2336 2352 2368 3200 3216 3232 3248 3264 2432 2416 2400 2384 1672 640 64 48 16 16 0 32 456 472 488 504 536 552 568 584 600 1240 2152 2920 3792 2888 2120 2120 2088 1432 520 96 80 136 360 176 112 128 144 160 176 256 192 232 232 360 792 1660 1208 2496 3328 3312 2480 2464 2448 3280 3296 4248 5320 6520 7848 9304 10912 10896 12624 12640 12656 10928 10944 12672 12688 10960 10976 12704 12720 10992 11008 12736 16576 18672 18656 18640 18624 18608 18592 18576 23184 23200 23216 23232 25728 25712 25696 25680 25664 25648 25632 26912 24352 23136 23152 23168 20776 18512 16416 18544 18560 12608 10880 10864 12592 12576 10848 10832 10816 10832 9232 7744 6416 5216 4144 3184 3168 3152 3136 3152 5240 6456 7800 9272 10872 12600 14932 16400 18520 24368 
26992 26952 21380 17504 17536 14996 12680 10952 10936 9352 7880 6536 5320 4232 5304 4184 2392 1688 1112 664 344 712 1736 2440 1160 392 200 136 184 504 520 536 1284 2048 3712 3728 4760 4744 4728 4712 4696 4680 4664 7096 7112 7128 7144 7160 7176 7192 8600 8584 8568 8552 8536 8520 8504 8488 7080 4648 4632 5780 7060 8472 8488 10024 11672 11680 13472 13464 13480 13496 13512 13528 13544 11752 13560 13576 10112 8584 8568 8552 8536 8520 8504 7092 7112 7132 7156 6516 6532 6548 8616 10152 11816 11832 10168 8632 6580 4808 4792 4776 4760 4744 3720 2824 2808 4728 5876 4712 4696 5852 5832 4680 4664 5812 4648 4632 408 408 424 440 456 472 488 152 88 152 136 328 648 1096 1672 2352 2336 2320 2304 2320 2336 3168 3184 3200 3216 3232 2400 2384 2368 2352 1640 608 32 16 16 48 32 0 424 440 456 472 504 520 536 552 568 1208 2120 2888 3760 2856 2088 2088 2056 1400 488 64 48 104 328 144 80 96 112 128 144 224 160 200 200 328 760 1628 1176 2464 3296 3280 2448 2432 2416 3248 3264 4216 5288 6488 7816 9272 10880 10864 12592 12608 12624 10896 10912 12640 12656 10928 10944 12672 12688 10960 10976 12704 16544 18640 18624 18608 18592 18576 18560 18544 23152 23168 23184 23200 25696 25680 25664 25648 25632 25616 25600 26912 24352 23104 23120 23136 20744 18512 16384 18512 18528 12576 10848 10832 12560 12544 10816 10832 10848 10864 9264 7776 6416 5184 4112 3152 3136 3152 3168 3184 5272 6488 7832 9304 10904 12632 14964 16432 18552 24400 
33976 33936 27644 23208 23240 20300 17584 15536 15520 13616 11824 10160 8624 7216 8608 7168 4736 3712 2816 2048 1408 2096 3760 4784 2864 1456 944 560 288 128 144 160 348 712 1736 1752 2464 2448 2432 2416 2400 2384 2368 4160 4176 4192 4208 4224 4240 4256 5344 5328 5312 5296 5280 5264 5248 5232 4144 2352 2336 3156 4116 5200 5184 6400 7760 7784 9256 9232 9216 9232 9248 9264 9280 7808 9296 9312 6488 5280 5264 5248 5232 5216 5200 4108 4128 4148 4172 3692 3708 3724 5312 6528 7872 7888 6544 5328 3756 2464 2448 2432 2416 2400 1696 1120 1104 2384 3212 2368 2352 3188 3168 2336 2320 3148 2304 2320 16 32 48 64 80 96 112 256 512 896 880 1392 2032 2800 3696 4696 4680 4664 4648 4632 4632 5784 5800 5816 5832 5848 4696 4680 4664 4648 3616 1944 408 408 440 472 456 424 0 16 32 48 80 96 112 128 144 304 736 1184 1736 1152 704 704 672 336 64 440 424 800 1344 840 456 472 488 504 520 920 536 416 736 1184 2096 3524 2832 4760 5912 5896 4744 4728 4712 5864 5880 7152 8544 10064 11712 13488 15416 15400 17448 17464 17480 15432 15448 17496 17512 15464 15480 17528 17544 15496 15512 17560 22040 24456 24440 24424 24408 24392 24376 24360 29608 29624 29640 29656 32472 32456 32440 32424 32408 32408 32424 33896 31016 29608 29592 29592 26912 24376 21928 24344 24344 17432 15384 15384 17432 17448 15400 15416 15432 15448 13528 11720 10040 8488 7064 5784 5800 5816 5832 5848 8576 10112 11776 13568 15488 17536 20268 21976 24416 31064 
33992 33952 27660 23224 23256 20316 17600 15552 15536 13632 11840 10176 8640 7232 8624 7184 4752 3728 2832 2064 1424 2112 3776 4800 2880 1472 960 576 304 144 160 176 364 728 1752 1768 2480 2464 2448 2432 2416 2400 2384 4176 4192 4208 4224 4240 4256 4272 5360 5344 5328 5312 5296 5280 5264 5248 4160 2368 2352 3172 4132 5216 5200 6416 7776 7800 9272 9248 9232 9216 9232 9248 9264 7792 9280 9296 6472 5264 5248 5232 5216 5200 5184 4100 4112 4132 4156 3676 3692 3708 5296 6512 7856 7872 6528 5312 3740 2448 2432 2416 2400 2384 1680 1104 1088 2368 3196 2352 2336 3172 3152 2320 2304 3140 2320 2336 32 48 64 80 96 112 128 272 528 912 896 1408 2048 2816 3712 4712 4696 4680 4664 4648 4632 5784 5784 5800 5816 5832 4680 4664 4648 4632 3600 1944 408 424 456 488 472 440 16 0 16 32 64 80 96 112 128 288 720 1168 1720 1136 688 688 656 320 48 424 408 784 1328 824 440 456 472 488 504 904 520 400 720 1168 2080 3508 2816 4744 5896 5880 4728 4712 4696 5848 5864 7136 8528 10048 11696 13472 15400 15384 17432 17448 17464 15416 15432 17480 17496 15448 15464 17512 17528 15480 15496 17544 22024 24440 24424 24408 24392 24376 24360 24344 29592 29608 29624 29640 32456 32440 32424 32408 32408 32424 32440 33912 31032 29624 29608 29592 26928 24392 21944 24360 24344 17432 15384 15400 17448 17464 15416 15432 15448 15464 13544 11736 10056 8504 7080 5800 5816 5832 5848 5864 8592 10128 11792 13584 15504 17552 20284 21992 24432 31080 
34008 33968 27676 23240 23272 20332 17616 15568 15552 13648 11856 10192 8656 7248 8640 7200 4768 3744 2848 2080 1440 2128 3792 4816 2896 1488 976 592 320 160 176 192 380 744 1768 1784 2496 2480 2464 2448 2432 2416 2400 4192 4208 4224 4240 4256 4272 4288 5376 5360 5344 5328 5312 5296 5280 5264 4176 2384 2368 3188 4148 5232 5216 6432 7792 7816 9288 9264 9248 9232 9216 9232 9248 7776 9264 9280 6456 5248 5232 5216 5200 5184 5200 4116 4096 4116 4140 3660 3676 3692 5280 6496 7840 7856 6512 5296 3724 2432 2416 2400 2384 2368 1664 1088 1072 2352 3180 2336 2320 3156 3136 2304 2320 3156 2336 2352 48 64 80 96 112 128 144 288 544 928 912 1424 2064 2832 3728 4728 4712 4696 4680 4664 4648 5800 5784 5784 5800 5816 4664 4648 4632 4632 3616 1960 424 440 472 504 488 456 32 16 0 16 48 64 80 96 112 272 704 1152 1704 1120 672 672 640 304 32 408 408 800 1312 808 424 440 456 472 488 888 504 384 704 1152 2064 3492 2800 4728 5880 5864 4712 4696 4680 5832 5848 7120 8512 10032 11680 13456 15384 15384 17432 17432 17448 15400 15416 17464 17480 15432 15448 17496 17512 15464 15480 17528 22008 24424 24408 24392 24376 24360 24344 24344 29592 29592 29608 29624 32440 32424 32408 32408 32424 32440 32456 33928 31048 29640 29624 29608 26944 24408 21960 24376 24360 17448 15400 15416 17464 17480 15432 15448 15464 15480 13560 11752 10072 8520 7096 5816 5832 5848 5864 5880 8608 10144 11808 13600 15520 17568 20300 22008 24448 31096 
34024 33984 27692 23256 23288 20348 17632 15584 15568 13664 11872 10208 8672 7264 8656 7216 4784 3760 2864 2096 1456 2144 3808 4832 2912 1504 992 608 336 176 192 208 396 760 1784 1800 2512 2496 2480 2464 2448 2432 2416 4208 4224 4240 4256 4272 4288 4304 5392 5376 5360 5344 5328 5312 5296 5280 4192 2400 2384 3204 4164 5248 5232 6448 7808 7832 9304 9280 9264 9248 9232 9216 9232 7760 9248 9264 6440 5232 5216 5200 5184 5200 5216 4132 4112 4100 4124 3644 3660 3676 5264 6480 7824 7840 6496 5280 3708 2416 2400 2384 2368 2352 1648 1072 1056 2336 3164 2320 2304 3140 3152 2320 2336 3172 2352 2368 64 80 96 112 128 144 160 304 560 944 928 1440 2080 2848 3744 4744 4728 4712 4696 4680 4664 5816 5800 5784 5784 5800 4648 4632 4632 4648 3632 1976 440 456 488 520 504 472 48 32 16 0 32 48 64 80 96 256 688 1136 1688 1104 656 656 624 288 16 408 424 816 1296 792 408 424 440 456 472 872 488 368 688 1136 2048 3476 2784 4712 5864 5848 4696 4680 4664 5816 5832 7104 8496 10016 11664 13472 15384 15400 17448 17432 17432 15384 15400 17448 17464 15416 15432 17480 17496 15448 15464 17512 21992 24408 24392 24376 24360 24344 24344 24360 29608 29592 29592 29608 32424 32408 32408 32424 32440 32456 32472 33944 31064 29656 29640 29624 26960 24424 21976 24392 24376 17464 15416 15432 17480 17496 15448 15464 15480 15496 13576 11768 10088 8536 7112 5832 5848 5864 5880 5896 8624 10160 11824 13616 15536 17584 20316 22024 24464 31112 
34056 34016 27724 23288 23320 20380 17664 15616 15600 13696 11904 10240 8704 7296 8688 7248 4816 3792 2896 2128 1488 2176 3840 4864 2944 1536 1024 640 368 208 224 240 428 792 1816 1832 2544 2528 2512 2496 2480 2464 2448 4240 4256 4272 4288 4304 4320 4336 5424 5408 5392 5376 5360 5344 5328 5312 4224 2432 2416 3236 4196 5280 5264 6480 7840 7864 9336 9312 9296 9280 9264 9248 9232 7760 9216 9232 6408 5200 5184 5200 5216 5232 5248 4164 4144 4124 4100 3612 3628 3644 5232 6448 7792 7808 6464 5248 3676 2384 2368 2352 2336 2320 1616 1040 1024 2304 3140 2320 2336 3164 3184 2352 2368 3204 2384 2400 96 112 128 144 160 176 192 336 592 976 960 1472 2112 2880 3776 4776 4760 4744 4728 4712 4696 5848 5832 5816 5800 5784 4632 4648 4664 4680 3664 2008 472 488 520 552 536 504 80 64 48 32 0 16 32 48 64 224 656 1104 1656 1072 624 624 592 256 16 440 456 848 1328 808 424 408 408 424 440 840 456 336 656 1104 2016 3444 2752 4680 5832 5816 4664 4648 4632 5784 5800 7072 8464 10016 11696 13504 15416 15432 17480 17464 17448 15400 15384 17432 17432 15384 15400 17448 17464 15416 15432 17480 21960 24376 24360 24344 24344 24360 24376 24392 29640 29624 29608 29592 32408 32424 32440 32456 32472 32488 32504 33976 31096 29688 29672 29656 26992 24456 22008 24424 24408 17496 15448 15464 17512 17528 15480 15496 15512 15528 13608 11800 10120 8568 7144 5864 5880 5896 5912 5928 8656 10192 11856 13648 15568 17616 20348 22056 24496 31144 
34072 34032 27740 23304 23336 20396 17680 15632 15616 13712 11920 10256 8720 7312 8704 7264 4832 3808 2912 2144 1504 2192 3856 4880 2960 1552 1040 656 384 224 240 256 444 808 1832 1848 2560 2544 2528 2512 2496 2480 2464 4256 4272 4288 4304 4320 4336 4352 5440 5424 5408 5392 5376 5360 5344 5328 4240 2448 2432 3252 4212 5296 5280 6496 7856 7880 9352 9328 9312 9296 9280 9264 9248 7776 9232 9216 6408 5184 5200 5216 5232 5248 5264 4180 4160 4140 4116 3604 3612 3628 5216 6432 7776 7792 6448 5232 3660 2368 2352 2336 2320 2304 1600 1024 1040 2320 3156 2336 2352 3180 3200 2368 2384 3220 2400 2416 112 128 144 160 176 192 208 352 608 992 976 1488 2128 2896 3792 4792 4776 4760 4744 4728 4712 5864 5848 5832 5816 5800 4648 4664 4680 4696 3680 2024 488 504 536 568 552 520 96 80 64 48 16 0 16 32 48 208 640 1088 1640 1056 608 608 576 272 32 456 472 864 1344 824 440 424 408 408 424 824 440 320 640 1088 2000 3428 2736 4664 5816 5800 4648 4632 4632 5784 5784 7056 8480 10032 11712 13520 15432 15448 17496 17480 17464 15416 15400 17448 17432 15384 15384 17432 17448 15400 15416 17464 21944 24360 24344 24344 24360 24376 24392 24408 29656 29640 29624 29608 32424 32440 32456 32472 32488 32504 32520 33992 31112 29704 29688 29672 27008 24472 22024 24440 24424 17512 15464 15480 17528 17544 15496 15512 15528 15544 13624 11816 10136 8584 7160 5880 5896 5912 5928 5944 8672 10208 11872 13664 15584 17632 20364 22072 24512 31160 
34088 34048 27756 23320 23352 20412 17696 15648 15632 13728 11936 10272 8736 7328 8720 7280 4848 3824 2928 2160 1520 2208 3872 4896 2976 1568 1056 672 400 240 256 272 460 824 1848 1864 2576 2560 2544 2528 2512 2496 2480 4272 4288 4304 4320 4336 4352 4368 5456 5440 5424 5408 5392 5376 5360 5344 4256 2464 2448 3268 4228 5312 5296 6512 7872 7896 9368 9344 9328 9312 9296 9280 9264 7792 9248 9232 6424 5200 5216 5232 5248 5264 5280 4196 4176 4156 4132 3620 3604 3612 5200 6416 7760 7776 6432 5216 3644 2352 2336 2320 2304 2320 1616 1040 1056 2336 3172 2352 2368 3196 3216 2384 2400 3236 2416 2432 128 144 160 176 192 208 224 368 624 1008 992 1504 2144 2912 3808 4808 4792 4776 4760 4744 4728 5880 5864 5848 5832 5816 4664 4680 4696 4712 3696 2040 504 520 552 584 568 536 112 96 80 64 32 16 0 16 32 192 624 1072 1624 1040 592 592 592 288 48 472 488 880 1360 840 456 440 424 408 408 808 424 304 624 1072 1984 3412 2720 4648 5800 5784 4632 4632 4648 5800 5784 7072 8496 10048 11728 13536 15448 15464 17512 17496 17480 15432 15416 17464 17448 15400 15384 17432 17432 15384 15400 17448 21928 24344 24344 24360 24376 24392 24408 24424 29672 29656 29640 29624 32440 32456 32472 32488 32504 32520 32536 34008 31128 29720 29704 29688 27024 24488 22040 24456 24440 17528 15480 15496 17544 17560 15512 15528 15544 15560 13640 11832 10152 8600 7176 5896 5912 5928 5944 5960 8688 10224 11888 13680 15600 17648 20380 22088 24528 31176 
34104 34064 27772 23336 23368 20428 17712 15664 15648 13744 11952 10288 8752 7344 8736 7296 4864 3840 2944 2176 1536 2224 3888 4912 2992 1584 1072 688 416 256 272 288 476 840 1864 1880 2592 2576 2560 2544 2528 2512 2496 4288 4304 4320 4336 4352 4368 4384 5472 5456 5440 5424 5408 5392 5376 5360 4272 2480 2464 3284 4244 5328 5312 6528 7888 7912 9384 9360 9344 9328 9312 9296 9280 7808 9264 9248 6440 5216 5232 5248 5264 5280 5296 4212 4192 4172 4148 3636 3620 3604 5184 6400 7744 7760 6416 5200 3628 2336 2320 2304 2320 2336 1632 1056 1072 2352 3188 2368 2384 3212 3232 2400 2416 3252 2432 2448 144 160 176 192 208 224 240 384 640 1024 1008 1520 2160 2928 3824 4824 4808 4792 4776 4760 4744 5896 5880 5864 5848 5832 4680 4696 4712 4728 3712 2056 520 536 568 600 584 552 128 112 96 80 48 32 16 0 16 176 608 1056 1608 1024 576 576 608 304 64 488 504 896 1376 856 472 456 440 424 408 792 408 288 608 1056 1968 3396 2704 4632 5784 5784 4632 4648 4664 5816 5800 7088 8512 10064 11744 13552 15464 15480 17528 17512 17496 15448 15432 17480 17464 15416 15400 17448 17432 15384 15384 17432 21912 24344 24360 24376 24392 24408 24424 24440 29688 29672 29656 29640 32456 32472 32488 32504 32520 32536 32552 34024 31144 29736 29720 29704 27040 24504 22056 24472 24456 17544 15496 15512 17560 17576 15528 15544 15560 15576 13656 11848 10168 8616 7192 5912 5928 5944 5960 5976 8704 10240 11904 13696 15616 17664 20396 22104 24544 31192 
34120 34080 27788 23352 23384 20444 17728 15680 15664 13760 11968 10304 8768 7360 8752 7312 4880 3856 2960 2192 1552 2240 3904 4928 3008 1600 1088 704 432 272 288 304 492 856 1880 1896 2608 2592 2576 2560 2544 2528 2512 4304 4320 4336 4352 4368 4384 4400 5488 5472 5456 5440 5424 5408 5392 5376 4288 2496 2480 3300 4260 5344 5328 6544 7904 7928 9400 9376 9360 9344 9328 9312 9296 7824 9280 9264 6456 5232 5248 5264 5280 5296 5312 4228 4208 4188 4164 3652 3636 3620 5200 6416 7760 7744 6400 5184 3612 2320 2304 2320 2336 2352 1648 1072 1088 2368 3204 2384 2400 3228 3248 2416 2432 3268 2448 2464 160 176 192 208 224 240 256 400 656 1040 1024 1536 2176 2944 3840 4840 4824 4808 4792 4776 4760 5912 5896 5880 5864 5848 4696 4712 4728 4744 3728 2072 536 552 584 616 600 568 144 128 112 96 64 48 32 16 0 160 592 1040 1608 1040 592 592 624 320 80 504 520 912 1392 872 488 472 456 440 424 792 408 272 592 1040 1952 3380 2720 4632 5784 5800 4648 4664 4680 5832 5816 7104 8528 10080 11760 13568 15480 15496 17544 17528 17512 15464 15448 17496 17480 15432 15416 17464 17448 15400 15384 17432 21912 24360 24376 24392 24408 24424 24440 24456 29704 29688 29672 29656 32472 32488 32504 32520 32536 32552 32568 34040 31160 29752 29736 29720 27056 24520 22072 24488 24472 17560 15512 15528 17576 17592 15544 15560 15576 15592 13672 11864 10184 8632 7208 5928 5944 5960 5976 5992 8720 10256 11920 13712 15632 17680 20412 22120 24560 31208 
38696 38656 31932 27160 27192 24012 21056 18816 18800 16704 14720 12864 11136 9536 11120 9488 6672 5456 4368 3408 2576 3456 5504 6720 4416 2624 1920 1344 880 432 448 464 316 440 1080 1096 1616 1600 1584 1568 1552 1536 1520 2928 2944 2960 2976 2992 3008 3024 3920 3904 3888 3872 3856 3840 3824 3808 2912 1504 1488 2116 2884 3776 3760 4784 5952 5976 7256 7232 7216 7200 7184 7168 7152 5872 7136 7120 4696 3664 3680 3696 3712 3728 3744 2852 2832 2812 2788 2372 2356 2340 3632 4656 5808 5792 4640 3616 2308 1296 1312 1328 1344 1360 848 464 480 1376 2020 1392 1408 2044 2064 1424 1440 2084 1456 1472 320 336 352 368 384 400 416 848 1296 1872 1856 2560 3392 4352 5440 6632 6616 6600 6584 6568 6552 7896 7880 7864 7848 7832 6488 6504 6520 6536 5328 3288 1176 1192 1224 1256 1240 1208 304 288 272 256 224 208 192 176 160 0 144 400 808 432 176 176 208 96 240 1144 1160 1744 2416 1704 1128 1112 1096 1080 1064 1624 1048 784 1296 1936 3136 4900 4128 6424 7768 7784 6440 6456 6472 7816 7800 9280 10896 12640 14512 16512 18616 18632 20872 20856 20840 18600 18584 20824 20808 18568 18552 20792 20776 18536 18520 20760 25624 28264 28280 28296 28312 28328 28344 28360 33992 33976 33960 33944 36952 36968 36984 37000 37016 37032 37048 38616 35544 34040 34024 34008 31152 28424 25784 28392 28376 20888 18648 18664 20904 20920 18680 18696 18712 18728 16616 14616 12744 11000 9384 7912 7928 7944 7960 7976 11088 12816 14672 16656 18768 21008 23980 25832 28464 35592 
43544 43504 36348 31240 31272 27852 24656 22224 22208 19920 17744 15696 13776 11984 13760 11936 8736 7328 6048 4896 3872 4944 7376 8784 6096 3920 3024 2256 1600 864 880 896 412 296 552 568 896 880 864 848 832 816 800 1824 1840 1856 1872 1888 1904 1920 2624 2608 2592 2576 2560 2544 2528 2512 1808 784 768 1204 1780 2480 2464 3296 4272 4296 5384 5360 5344 5328 5312 5296 5280 4192 5264 5248 3208 2368 2384 2400 2416 2432 2448 1748 1728 1708 1684 1364 1348 1332 2336 3168 4128 4112 3152 2320 1300 576 592 608 624 640 320 128 144 656 1108 672 688 1132 1152 704 720 1172 736 752 752 768 784 800 816 832 848 1568 2208 2976 2960 3856 4880 6032 7312 8696 8680 8664 8648 8632 8616 10152 10136 10120 10104 10088 8552 8568 8584 8600 7200 4776 2088 2104 2136 2168 2152 2120 736 720 704 688 656 640 624 608 592 144 0 64 280 96 32 32 64 144 672 2056 2072 2848 3712 2808 2040 2024 2008 1992 1976 2728 1960 1600 2304 3136 4624 6724 5808 8488 10024 10040 8504 8520 8536 10072 10056 11728 13536 15472 17536 19728 22024 22040 24472 24456 24440 22008 21992 24424 24408 21976 21960 24392 24376 21944 21928 24360 29608 32440 32456 32472 32488 32504 32520 32536 38552 38536 38520 38504 41704 41720 41736 41752 41768 41784 41800 43464 40200 38600 38584 38568 35520 32600 29768 32568 32552 24488 22056 22072 24504 24520 22088 22104 22120 22136 19832 17640 15576 13640 11832 10168 10184 10200 10216 10232 13728 15648 17696 19872 22176 24608 27820 29816 32640 40248 
46936 46896 39452 34120 34152 30572 27216 24656 24640 22224 19920 17744 15696 13776 15680 13728 10272 8736 7328 6048 4896 6096 8784 10320 7376 4944 3920 3024 2240 1312 1328 1344 636 360 360 376 576 560 544 528 512 496 480 1248 1264 1280 1296 1312 1328 1344 1920 1904 1888 1872 1856 1840 1824 1808 1232 464 448 756 1204 1776 1760 2464 3312 3336 4296 4272 4256 4240 4224 4208 4192 3232 4176 4160 2376 1664 1680 1696 1712 1728 1744 1172 1152 1132 1108 852 836 820 1632 2336 3168 3152 2320 1616 788 256 272 288 304 320 128 64 80 336 660 352 368 684 704 384 400 724 416 432 1200 1216 1232 1248 1264 1280 1296 2208 2976 3872 3856 4880 6032 7312 8720 10232 10216 10200 10184 10168 10152 11816 11800 11784 11768 11752 10088 10104 10120 10136 8608 5928 2856 2872 2904 2936 2920 2888 1184 1168 1152 1136 1104 1088 1072 1056 1040 400 64 0 88 32 96 96 128 336 1120 2824 2840 3744 4736 3704 2808 2792 2776 2760 2744 3624 2728 2304 3136 4096 5776 8100 7088 10024 11688 11704 10040 10056 10072 11736 11720 13520 15456 17520 19712 22032 24456 24472 27032 27016 27000 24440 24424 26984 26968 24408 24392 26952 26936 24376 24360 26920 32424 35384 35400 35416 35432 35448 35464 35480 41752 41736 41720 41704 45032 45048 45064 45080 45096 45112 45128 46856 43464 41800 41784 41768 38592 35544 32584 35512 35496 27048 24488 24504 27064 27080 24520 24536 24552 24568 22136 19816 17624 15560 13624 11832 11848 11864 11880 11896 15648 17696 19872 22176 24608 27168 30540 32632 35584 43512 
50432 50392 42660 37104 37136 33396 29880 27192 27176 24632 22200 19896 17720 15672 17704 15624 11912 10248 8712 7304 6024 7352 10296 11960 8760 6072 4920 3896 2984 1864 1880 1896 964 528 272 288 360 344 328 312 296 280 264 776 792 808 824 840 856 872 1320 1304 1288 1272 1256 1240 1224 1208 760 248 232 412 732 1176 1160 1736 2456 2480 3312 3288 3272 3256 3240 3224 3208 2376 3192 3176 1648 1064 1080 1096 1112 1128 1144 700 680 660 636 444 428 412 1032 1608 2312 2312 1608 1032 420 88 72 72 88 104 40 104 120 120 316 136 152 340 360 168 184 380 200 216 1752 1768 1784 1800 1816 1832 1848 2952 3848 4872 4856 6008 7288 8696 10232 11872 11856 11840 11824 11808 11792 13584 13568 13552 13536 13520 11728 11744 11760 11776 10120 7184 3728 3744 3776 3808 3792 3760 1736 1720 1704 1688 1656 1640 1624 1608 1608 808 280 88 0 72 264 264 296 632 1672 3696 3712 4744 5864 4704 3680 3664 3648 3632 3616 4624 3600 3160 4120 5208 7080 9628 8472 11664 13456 13472 11680 11696 11712 13504 13488 15416 17480 19672 21992 24440 26992 27008 29696 29680 29664 26976 26960 29648 29632 26944 26928 29616 29600 26912 26896 29584 35344 38432 38448 38464 38480 38496 38512 38528 45056 45040 45024 45008 48464 48480 48496 48512 48528 48544 48560 50352 46832 45104 45088 45072 41768 38592 35504 38560 38544 29712 27024 27040 29728 29744 27056 27072 27088 27104 24544 22096 19776 17584 15520 13600 13616 13632 13648 13664 17672 19848 22152 24584 27144 29832 33364 35552 38632 46880 
46904 46864 39420 34088 34120 30540 27184 24624 24608 22192 19888 17712 15664 13744 15648 13696 10240 8704 7296 6016 4864 6064 8752 10288 7344 4912 3888 2992 2208 1280 1296 1312 604 328 328 344 544 528 512 496 480 464 448 1216 1232 1248 1264 1280 1296 1312 1888 1872 1856 1840 1824 1808 1792 1776 1200 432 416 724 1172 1744 1728 2432 3280 3304 4264 4240 4224 4208 4192 4176 4160 3200 4144 4128 2344 1632 1648 1664 1680 1696 1712 1140 1120 1100 1076 820 804 788 1600 2304 3136 3152 2320 1616 812 288 272 256 272 288 96 32 48 304 628 320 336 652 672 352 368 692 384 400 1168 1184 1200 1216 1232 1248 1264 2176 2944 3840 3824 4848 6000 7280 8688 10200 10184 10168 10152 10136 10120 11784 11768 11752 11736 11720 10056 10072 10088 10104 8576 5896 2824 2840 2872 2904 2888 2856 1152 1136 1120 1104 1072 1056 1040 1024 1040 432 96 32 72 0 64 64 96 304 1088 2792 2808 3712 4704 3672 2776 2760 2744 2728 2712 3608 2712 2336 3168 4128 5808 8132 7056 10008 11672 11672 10008 10024 10040 11704 11688 13488 15424 17488 19680 22000 24424 24440 27000 26984 26968 24408 24392 26952 26936 24376 24360 26920 26904 24344 24344 26904 32408 35352 35368 35384 35400 35416 35432 35448 41720 41704 41688 41672 45000 45016 45032 45048 45064 45080 45096 46824 43432 41768 41752 41736 38560 35512 32552 35480 35464 27016 24456 24472 27032 27048 24488 24504 24520 24536 22104 19784 17592 15528 13592 11800 11816 11832 11848 11864 15616 17664 19840 22144 24576 27136 30508 32600 35552 43480 
43512 43472 36316 31208 31240 27820 24624 22192 22176 19888 17712 15664 13744 11952 13728 11904 8704 7296 6016 4864 3840 4912 7344 8752 6064 3888 2992 2224 1568 832 848 864 380 264 520 536 864 848 832 816 800 784 768 1792 1808 1824 1840 1856 1872 1888 2592 2576 2560 2544 2528 2512 2496 2480 1776 752 736 1172 1748 2448 2432 3264 4240 4264 5352 5328 5312 5296 5280 5264 5248 4160 5232 5216 3176 2336 2352 2368 2384 2400 2416 1716 1696 1676 1652 1332 1316 1300 2304 3136 4096 4112 3152 2320 1324 608 592 576 592 608 288 96 112 624 1076 640 656 1100 1120 672 688 1140 704 720 720 736 752 768 784 800 816 1536 2176 2944 2928 3824 4848 6000 7280 8664 8648 8632 8616 8600 8584 10120 10104 10088 10072 10056 8520 8536 8552 8568 7168 4744 2056 2072 2104 2136 2120 2088 704 688 672 656 624 608 592 576 592 176 32 96 264 64 0 0 32 112 640 2024 2040 2816 3680 2776 2008 1992 1976 1960 1944 2712 1944 1632 2336 3168 4656 6756 5776 8472 10008 10008 8472 8488 8504 10040 10024 11696 13504 15440 17504 19696 21992 22008 24440 24424 24408 21976 21960 24392 24376 21944 21928 24360 24344 21912 21912 24344 29592 32408 32424 32440 32456 32472 32488 32504 38520 38504 38488 38472 41672 41688 41704 41720 41736 41752 41768 43432 40168 38568 38552 38536 35488 32568 29736 32536 32520 24456 22024 22040 24472 24488 22056 22072 22088 22104 19800 17608 15544 13608 11800 10136 10152 10168 10184 10200 13696 15616 17664 19840 22144 24576 27788 29784 32608 40216 
43512 43472 36316 31208 31240 27820 24624 22192 22176 19888 17712 15664 13744 11952 13728 11904 8704 7296 6016 4864 3840 4912 7344 8752 6064 3888 2992 2224 1568 832 848 864 380 264 520 536 864 848 832 816 800 784 768 1792 1808 1824 1840 1856 1872 1888 2592 2576 2560 2544 2528 2512 2496 2480 1776 752 736 1172 1748 2448 2432 3264 4240 4264 5352 5328 5312 5296 5280 5264 5248 4160 5232 5216 3176 2336 2352 2368 2384 2400 2416 1716 1696 1676 1652 1332 1316 1300 2304 3136 4096 4112 3152 2320 1324 608 592 576 592 608 288 96 112 624 1076 640 656 1100 1120 672 688 1140 704 720 720 736 752 768 784 800 816 1536 2176 2944 2928 3824 4848 6000 7280 8664 8648 8632 8616 8600 8584 10120 10104 10088 10072 10056 8520 8536 8552 8568 7168 4744 2056 2072 2104 2136 2120 2088 704 688 672 656 624 608 592 576 592 176 32 96 264 64 0 0 32 112 640 2024 2040 2816 3680 2776 2008 1992 1976 1960 1944 2712 1944 1632 2336 3168 4656 6756 5776 8472 10008 10008 8472 8488 8504 10040 10024 11696 13504 15440 17504 19696 21992 22008 24440 24424 24408 21976 21960 24392 24376 21944 21928 24360 24344 21912 21912 24344 29592 32408 32424 32440 32456 32472 32488 32504 38520 38504 38488 38472 41672 41688 41704 41720 41736 41752 41768 43432 40168 38568 38552 38536 35488 32568 29736 32536 32520 24456 22024 22040 24472 24488 22056 22072 22088 22104 19800 17608 15544 13608 11800 10136 10152 10168 10184 10200 13696 15616 17664 19840 22144 24576 27788 29784 32608 40216 
43480 43440 36284 31176 31208 27788 24592 22160 22144 19856 17680 15632 13712 11920 13696 11872 8672 7264 5984 4832 3808 4880 7312 8720 6032 3856 2960 2192 1536 800 816 832 348 232 488 504 832 816 800 784 768 752 736 1760 1776 1792 1808 1824 1840 1856 2560 2544 2528 2512 2496 2480 2464 2448 1744 720 704 1140 1716 2416 2400 3232 4208 4232 5320 5296 5280 5264 5248 5232 5216 4128 5200 5184 3144 2304 2320 2336 2352 2368 2384 1684 1664 1644 1620 1300 1308 1324 2336 3168 4128 4144 3184 2352 1356 640 624 608 592 576 256 64 80 592 1044 608 624 1068 1088 640 656 1108 672 688 688 704 720 736 752 768 784 1504 2144 2912 2896 3792 4816 5968 7248 8632 8616 8600 8584 8568 8552 10088 10072 10056 10040 10024 8488 8504 8520 8536 7136 4712 2024 2040 2072 2104 2088 2056 672 656 640 624 592 576 592 608 624 208 64 128 296 96 32 32 0 80 608 1992 2008 2784 3648 2744 1976 1960 1944 1944 1960 2744 1976 1664 2368 3200 4688 6788 5808 8504 10040 10024 8488 8472 8472 10008 10008 11664 13472 15408 17472 19664 21960 21976 24408 24392 24376 21944 21928 24360 24344 21912 21912 24344 24360 21928 21944 24376 29624 32424 32408 32408 32424 32440 32456 32472 38488 38472 38456 38440 41640 41656 41672 41688 41704 41720 41736 43400 40136 38536 38520 38504 35456 32536 29704 32504 32488 24424 21992 22008 24440 24456 22024 22040 22056 22072 19768 17576 15512 13576 11768 10104 10120 10136 10152 10168 13664 15584 17632 19808 22112 24544 27756 29752 32576 40184 
40200 40160 33292 28408 28440 25180 22144 19840 19824 17664 15616 13696 11904 10240 11888 10192 7248 5968 4816 3792 2896 3840 6016 7296 4864 2944 2176 1536 1008 464 480 496 236 280 792 808 1264 1248 1232 1216 1200 1184 1168 2448 2464 2480 2496 2512 2528 2544 3376 3360 3344 3328 3312 3296 3280 3264 2432 1152 1136 1700 2404 3232 3216 4176 5280 5304 6520 6496 6480 6464 6448 6432 6416 5200 6400 6416 4104 3152 3136 3152 3168 3184 3200 2372 2352 2332 2308 1948 1964 1980 3184 4144 5232 5248 4160 3200 2012 1104 1088 1072 1056 1040 592 272 256 1024 1604 1040 1056 1628 1648 1072 1088 1668 1104 1120 352 368 384 400 416 432 448 976 1488 2128 2112 2880 3776 4800 5952 7208 7192 7176 7160 7144 7128 8536 8520 8504 8488 8472 7064 7080 7096 7112 5840 3672 1368 1384 1416 1448 1432 1400 336 320 304 288 256 272 288 304 320 96 144 336 632 304 112 112 80 0 272 1336 1352 2000 2736 1960 1320 1304 1304 1320 1336 1992 1352 1104 1680 2384 3680 5556 4672 7112 8520 8504 7096 7080 7064 8472 8488 10016 11664 13472 15408 17472 19640 19656 21960 21944 21928 19624 19608 21912 21912 19608 19624 21928 21944 19640 19656 21960 26952 29624 29608 29592 29592 29608 29624 29640 35400 35384 35368 35352 38424 38440 38456 38472 38488 38504 38520 40120 36984 35448 35432 35416 32496 29704 27000 29672 29656 21976 19672 19688 21992 22008 19704 19720 19736 19752 17576 15512 13576 11768 10088 8552 8568 8584 8600 8616 11856 13648 15568 17616 19792 22096 25148 27048 29744 37032 
34040 34000 27708 23272 23304 20364 17648 15600 15584 13680 11888 10224 8688 7280 8672 7232 4800 3776 2880 2112 1472 2160 3824 4848 2928 1520 1008 624 352 192 208 224 412 776 1800 1816 2528 2512 2496 2480 2464 2448 2432 4224 4240 4256 4272 4288 4304 4320 5408 5392 5376 5360 5344 5328 5312 5296 4208 2416 2400 3220 4180 5264 5248 6464 7824 7848 9320 9296 9280 9264 9248 9232 9216 7744 9232 9248 6424 5216 5200 5184 5200 5216 5232 4148 4128 4108 4108 3628 3644 3660 5248 6464 7808 7824 6480 5264 3692 2400 2384 2368 2352 2336 1632 1056 1040 2320 3148 2304 2320 3148 3168 2336 2352 3188 2368 2384 80 96 112 128 144 160 176 320 576 960 944 1456 2096 2864 3760 4760 4744 4728 4712 4696 4680 5832 5816 5800 5784 5784 4632 4632 4648 4664 3648 1992 456 472 504 536 520 488 64 48 32 16 16 32 48 64 80 240 672 1120 1672 1088 640 640 608 272 0 424 440 832 1312 792 408 408 424 440 456 856 472 352 672 1120 2032 3460 2768 4696 5848 5832 4680 4664 4648 5800 5816 7088 8480 10000 11680 13488 15400 15416 17464 17448 17432 15384 15384 17432 17448 15400 15416 17464 17480 15432 15448 17496 21976 24392 24376 24360 24344 24344 24360 24376 29624 29608 29592 29592 32408 32408 32424 32440 32456 32472 32488 33960 31080 29672 29656 29640 26976 24440 21992 24408 24392 17480 15432 15448 17496 17512 15464 15480 15496 15512 13592 11784 10104 8552 7128 5848 5864 5880 5896 5912 8640 10176 11840 13632 15552 17600 20332 22040 24480 31128 
27056 27016 21444 17568 17600 15060 12744 11016 11000 9416 7944 6600 5384 4296 5368 4248 2456 1752 1176 728 408 776 1800 2504 1224 456 264 200 248 568 584 600 1348 2112 3776 3792 4824 4808 4792 4776 4760 4744 4728 7160 7176 7192 7208 7224 7240 7256 8664 8648 8632 8616 8600 8584 8568 8552 7144 4712 4696 5836 7116 8520 8504 10040 11720 11744 13536 13512 13496 13480 13464 13464 13480 11688 13496 13512 10048 8520 8504 8488 8472 8472 8488 7084 7064 7068 7092 6452 6468 6484 8552 10088 11752 11768 10104 8568 6516 4744 4728 4712 4696 4680 3656 2760 2744 4664 5812 4648 4632 5788 5784 4632 4648 5804 4664 4680 456 472 488 504 520 536 552 216 152 216 200 392 712 1160 1736 2416 2400 2384 2368 2352 2336 3168 3152 3136 3152 3168 2336 2320 2304 2320 1624 608 32 48 80 112 96 64 440 424 408 408 440 456 472 488 504 1144 2056 2824 3696 2792 2024 2024 1992 1336 424 0 16 88 264 80 16 32 48 64 80 160 96 136 136 264 696 1564 1112 2400 3232 3216 2384 2368 2352 3184 3200 4152 5224 6424 7752 9224 10816 10832 12560 12544 12560 10832 10848 12576 12592 10864 10880 12608 12624 10896 10912 12640 16480 18576 18560 18544 18528 18512 18496 18512 23120 23104 23120 23136 25632 25616 25600 25616 25632 25648 25664 26976 24416 23168 23152 23136 20792 18576 16448 18544 18528 12576 10848 10864 12592 12608 10880 10896 10912 10928 9328 7840 6480 5248 4144 3184 3200 3216 3232 3248 5336 6552 7896 9368 10968 12696 15028 16496 18616 24464 
27040 27000 21428 17552 17584 15044 12728 11000 10984 9400 7928 6584 5368 4280 5352 4232 2440 1736 1160 712 392 760 1784 2488 1208 440 248 184 232 552 568 584 1332 2096 3760 3776 4808 4792 4776 4760 4744 4728 4712 7144 7160 7176 7192 7208 7224 7240 8648 8632 8616 8600 8584 8568 8552 8536 7128 4696 4680 5820 7100 8504 8488 10024 11704 11728 13520 13496 13480 13464 13464 13480 13496 11704 13512 13528 10064 8536 8520 8504 8488 8472 8472 7068 7064 7084 7108 6468 6484 6500 8568 10104 11768 11784 10120 8584 6532 4760 4744 4728 4712 4696 3672 2776 2760 4680 5828 4664 4648 5804 5784 4632 4632 5788 4648 4664 440 456 472 488 504 520 536 200 136 200 184 376 696 1144 1720 2400 2384 2368 2352 2336 2320 3152 3136 3152 3168 3184 2352 2336 2320 2304 1608 592 16 32 64 96 80 48 424 408 408 424 456 472 488 504 520 1160 2072 2840 3712 2808 2040 2040 2008 1352 440 16 0 72 280 96 32 48 64 80 96 176 112 152 152 280 712 1580 1128 2416 3248 3232 2400 2384 2368 3200 3216 4168 5240 6440 7768 9224 10832 10816 12544 12560 12576 10848 10864 12592 12608 10880 10896 12624 12640 10912 10928 12656 16496 18592 18576 18560 18544 18528 18512 18496 23104 23120 23136 23152 25648 25632 25616 25600 25616 25632 25648 26960 24400 23152 23136 23120 20776 18560 16432 18528 18512 12560 10832 10848 12576 12592 10864 10880 10896 10912 9312 7824 6464 5232 4128 3168 3184 3200 3216 3232 5320 6536 7880 9352 10952 12680 15012 16480 18600 24448 
24472 24432 19148 15496 15528 13148 10992 9392 9376 7920 6576 5360 4272 3312 4256 3264 1728 1152 704 384 192 432 1200 1776 752 240 176 240 416 928 944 960 1932 2856 4776 4792 5952 5936 5920 5904 5888 5872 5856 8544 8560 8576 8592 8608 8624 8640 10176 10160 10144 10128 10112 10096 10080 10064 8528 5840 5824 7092 8500 10032 10016 11680 13488 13512 15432 15408 15392 15376 15392 15408 15424 13504 15440 15456 11736 10080 10064 10048 10032 10016 10000 8468 8480 8500 8524 7820 7836 7852 10112 11776 13568 13584 11792 10128 7884 5920 5904 5888 5872 5856 4704 3680 3664 5840 7116 5824 5808 7092 7072 5792 5776 7060 5792 5808 816 832 848 864 880 896 912 384 192 128 112 176 368 688 1136 1688 1672 1656 1640 1624 1608 2312 2312 2328 2344 2360 1656 1640 1624 1608 1024 264 72 88 120 152 136 104 800 784 800 816 848 864 880 896 912 1744 2848 3744 4744 3712 2816 2816 2784 2000 832 88 72 0 96 40 104 120 136 152 168 120 184 288 160 160 400 1044 688 1720 2424 2408 1704 1688 1672 2376 2392 3216 4160 5232 6432 7760 9240 9224 10824 10840 10856 9256 9272 10872 10888 9288 9304 10904 10920 9320 9336 10936 14520 16488 16472 16456 16440 16424 16408 16392 20744 20760 20776 20792 23160 23144 23128 23112 23112 23128 23144 24392 21960 20776 20760 20744 18528 16440 14440 16408 16392 10824 9224 9240 10840 10856 9256 9272 9288 9304 7832 6472 5240 4136 3160 2328 2344 2360 2376 2392 4224 5312 6528 7872 9344 10944 13116 14488 16480 22008 
22072 22032 17036 13608 13640 11420 9424 7952 7936 6608 5392 4304 3344 2512 3328 2464 1184 736 416 224 160 272 784 1232 464 208 272 464 768 1472 1488 1504 2700 3784 5960 5976 7264 7248 7232 7216 7200 7184 7168 10112 10128 10144 10160 10176 10192 10208 11872 11856 11840 11824 11808 11792 11776 11760 10096 7152 7136 8532 10068 11728 11712 13504 15440 15464 17512 17488 17472 17456 17440 17424 17440 15392 17456 17472 13496 11712 11696 11680 11664 11680 11696 10036 10016 10004 10028 9260 9276 9292 11744 13536 15456 15472 13552 11760 9324 7168 7152 7136 7120 7104 5824 4672 4656 7088 8492 7072 7056 8468 8480 7072 7088 8500 7104 7120 1360 1376 1392 1408 1424 1440 1456 736 416 224 208 144 208 400 720 1144 1128 1112 1096 1080 1064 1640 1624 1608 1608 1624 1048 1032 1032 1048 608 104 296 312 344 376 360 328 1344 1328 1312 1296 1328 1344 1360 1376 1392 2416 3712 4736 5864 4704 3680 3680 3648 2736 1312 264 280 96 0 72 264 280 296 312 328 152 344 512 256 128 176 596 336 1112 1688 1672 1096 1080 1064 1640 1656 2352 3168 4112 5184 6416 7752 7768 9240 9224 9224 7752 7768 9240 9256 7784 7800 9272 9288 7816 7832 9304 12632 14472 14456 14440 14424 14408 14408 14424 18520 18504 18504 18520 20760 20744 20744 20760 20776 20792 20808 21992 19688 18568 18552 18536 16448 14488 12616 14456 14440 9256 7784 7800 9272 9288 7816 7832 7848 7864 6520 5288 4184 3208 2360 1656 1672 1688 1704 1720 3296 4256 5344 6560 7904 9376 11388 12664 14528 19736 
24512 24472 19188 15536 15568 13188 11032 9432 9416 7960 6616 5400 4312 3352 4296 3304 1768 1192 744 424 232 472 1240 1816 792 280 216 280 456 968 984 1000 1972 2896 4816 4832 5992 5976 5960 5944 5928 5912 5896 8584 8600 8616 8632 8648 8664 8680 10216 10200 10184 10168 10152 10136 10120 10104 8568 5880 5864 7132 8540 10072 10056 11720 13528 13552 15472 15448 15432 15416 15400 15384 15384 13464 15400 15416 11696 10040 10024 10008 10008 10024 10040 8508 8488 8468 8484 7780 7796 7812 10072 11736 13528 13544 11752 10088 7844 5880 5864 5848 5832 5816 4664 3640 3624 5800 7076 5784 5784 7060 7080 5800 5816 7100 5832 5848 856 872 888 904 920 936 952 424 232 168 152 216 408 728 1176 1728 1712 1696 1680 1664 1648 2352 2336 2320 2304 2320 1616 1600 1616 1632 1064 304 112 128 160 192 176 144 840 824 808 792 808 824 840 856 872 1704 2808 3704 4704 3672 2776 2776 2744 1960 792 80 96 40 72 0 64 80 96 112 128 80 144 248 120 120 360 1004 648 1680 2384 2368 1664 1648 1632 2336 2352 3176 4120 5192 6408 7768 9232 9248 10848 10832 10816 9216 9232 10832 10848 9248 9264 10864 10880 9280 9296 10896 14480 16448 16432 16416 16400 16384 16400 16416 20768 20752 20736 20752 23120 23104 23120 23136 23152 23168 23184 24432 22000 20816 20800 20784 18568 16480 14480 16448 16432 10864 9264 9280 10880 10896 9296 9312 9328 9344 7872 6512 5280 4176 3200 2368 2384 2400 2416 2432 4264 5352 6568 7912 9384 10984 13156 14528 16520 22048 
27072 27032 21460 17584 17616 15076 12760 11032 11016 9432 7960 6616 5400 4312 5384 4264 2472 1768 1192 744 424 792 1816 2520 1240 472 280 216 264 584 600 616 1364 2128 3792 3808 4840 4824 4808 4792 4776 4760 4744 7176 7192 7208 7224 7240 7256 7272 8680 8664 8648 8632 8616 8600 8584 8568 7160 4728 4712 5852 7132 8536 8520 10056 11736 11760 13552 13528 13512 13496 13480 13464 13464 11672 13480 13496 10032 8504 8488 8472 8472 8488 8504 7100 7080 7060 7076 6436 6452 6468 8536 10072 11736 11752 10088 8552 6500 4728 4712 4696 4680 4664 3640 2744 2728 4648 5796 4632 4632 5780 5800 4648 4664 5820 4680 4696 472 488 504 520 536 552 568 232 168 232 216 408 728 1176 1752 2432 2416 2400 2384 2368 2352 3184 3168 3152 3136 3152 2320 2304 2320 2336 1640 624 48 64 96 128 112 80 456 440 424 408 424 440 456 472 488 1128 2040 2808 3680 2776 2008 2008 1976 1320 408 16 32 104 264 64 0 16 32 48 64 144 80 120 120 248 680 1548 1096 2384 3216 3200 2368 2352 2336 3168 3184 4136 5208 6408 7752 9240 10832 10848 12576 12560 12544 10816 10832 12560 12576 10848 10864 12592 12608 10880 10896 12624 16464 18560 18544 18528 18512 18496 18512 18528 23136 23120 23104 23120 25616 25600 25616 25632 25648 25664 25680 26992 24432 23184 23168 23152 20808 18592 16464 18560 18544 12592 10864 10880 12608 12624 10896 10912 10928 10944 9344 7856 6496 5264 4160 3200 3216 3232 3248 3264 5352 6568 7912 9384 10984 12712 15044 16512 18632 24480 
27088 27048 21476 17600 17632 15092 12776 11048 11032 9448 7976 6632 5416 4328 5400 4280 2488 1784 1208 760 440 808 1832 2536 1256 488 296 232 280 600 616 632 1380 2144 3808 3824 4856 4840 4824 4808 4792 4776 4760 7192 7208 7224 7240 7256 7272 7288 8696 8680 8664 8648 8632 8616 8600 8584 7176 4744 4728 5868 7148 8552 8536 10072 11752 11776 13568 13544 13528 13512 13496 13480 13464 11672 13464 13480 10016 8488 8472 8472 8488 8504 8520 7116 7096 7076 7060 6420 6436 6452 8520 10056 11720 11736 10072 8536 6484 4712 4696 4680 4664 4648 3624 2728 2712 4632 5780 4632 4648 5796 5816 4664 4680 5836 4696 4712 488 504 520 536 552 568 584 248 184 248 232 424 744 1192 1768 2448 2432 2416 2400 2384 2368 3200 3184 3168 3152 3136 2304 2320 2336 2352 1656 640 64 80 112 144 128 96 472 456 440 424 408 424 440 456 472 1112 2024 2792 3664 2760 1992 1992 1960 1304 408 32 48 120 280 80 16 0 16 32 48 128 64 104 104 232 664 1532 1080 2368 3200 3184 2352 2336 2320 3152 3168 4120 5192 6408 7768 9256 10848 10864 12592 12576 12560 10832 10816 12544 12560 10832 10848 12576 12592 10864 10880 12608 16448 18544 18528 18512 18496 18512 18528 18544 23152 23136 23120 23104 25600 25616 25632 25648 25664 25680 25696 27008 24448 23200 23184 23168 20824 18608 16480 18576 18560 12608 10880 10896 12624 12640 10912 10928 10944 10960 9360 7872 6512 5280 4176 3216 3232 3248 3264 3280 5368 6584 7928 9400 11000 12728 15060 16528 18648 24496 
27104 27064 21492 17616 17648 15108 12792 11064 11048 9464 7992 6648 5432 4344 5416 4296 2504 1800 1224 776 456 824 1848 2552 1272 504 312 248 296 616 632 648 1396 2160 3824 3840 4872 4856 4840 4824 4808 4792 4776 7208 7224 7240 7256 7272 7288 7304 8712 8696 8680 8664 8648 8632 8616 8600 7192 4760 4744 5884 7164 8568 8552 10088 11768 11792 13584 13560 13544 13528 13512 13496 13480 11688 13464 13464 10000 8472 8472 8488 8504 8520 8536 7132 7112 7092 7068 6404 6420 6436 8504 10040 11704 11720 10056 8520 6468 4696 4680 4664 4648 4632 3608 2712 2712 4632 5788 4648 4664 5812 5832 4680 4696 5852 4712 4728 504 520 536 552 568 584 600 264 200 264 248 440 760 1208 1784 2464 2448 2432 2416 2400 2384 3216 3200 3184 3168 3152 2320 2336 2352 2368 1672 656 80 96 128 160 144 112 488 472 456 440 408 408 424 440 456 1096 2008 2776 3648 2744 1976 1976 1944 1304 424 48 64 136 296 96 32 16 0 16 32 112 48 88 88 216 648 1516 1064 2352 3184 3168 2336 2320 2304 3136 3152 4104 5192 6424 7784 9272 10864 10880 12608 12592 12576 10848 10832 12560 12544 10816 10832 12560 12576 10848 10864 12592 16432 18528 18512 18496 18512 18528 18544 18560 23168 23152 23136 23120 25616 25632 25648 25664 25680 25696 25712 27024 24464 23216 23200 23184 20840 18624 16496 18592 18576 12624 10896 10912 12640 12656 10928 10944 10960 10976 9376 7888 6528 5296 4192 3232 3248 3264 3280 3296 5384 6600 7944 9416 11016 12744 15076 16544 18664 24512 
27120 27080 21508 17632 17664 15124 12808 11080 11064 9480 8008 6664 5448 4360 5432 4312 2520 1816 1240 792 472 840 1864 2568 1288 520 328 264 312 632 648 664 1412 2176 3840 3856 4888 4872 4856 4840 4824 4808 4792 7224 7240 7256 7272 7288 7304 7320 8728 8712 8696 8680 8664 8648 8632 8616 7208 4776 4760 5900 7180 8584 8568 10104 11784 11808 13600 13576 13560 13544 13528 13512 13496 11704 13480 13464 10016 8472 8488 8504 8520 8536 8552 7148 7128 7108 7084 6412 6404 6420 8488 10024 11688 11704 10040 8504 6452 4680 4664 4648 4632 4632 3608 2712 2728 4648 5804 4664 4680 5828 5848 4696 4712 5868 4728 4744 520 536 552 568 584 600 616 280 216 280 264 456 776 1224 1800 2480 2464 2448 2432 2416 2400 3232 3216 3200 3184 3168 2336 2352 2368 2384 1688 672 96 112 144 176 160 128 504 488 472 456 424 408 408 424 440 1080 1992 2760 3632 2728 1960 1960 1944 1320 440 64 80 152 312 112 48 32 16 0 16 96 32 72 72 200 632 1500 1048 2336 3168 3152 2320 2304 2320 3152 3136 4104 5208 6440 7800 9288 10880 10896 12624 12608 12592 10864 10848 12576 12560 10832 10816 12544 12560 10832 10848 12576 16416 18512 18496 18512 18528 18544 18560 18576 23184 23168 23152 23136 25632 25648 25664 25680 25696 25712 25728 27040 24480 23232 23216 23200 20856 18640 16512 18608 18592 12640 10912 10928 12656 12672 10944 10960 10976 10992 9392 7904 6544 5312 4208 3248 3264 3280 3296 3312 5400 6616 7960 9432 11032 12760 15092 16560 18680 24528 
27136 27096 21524 17648 17680 15140 12824 11096 11080 9496 8024 6680 5464 4376 5448 4328 2536 1832 1256 808 488 856 1880 2584 1304 536 344 280 328 648 664 680 1428 2192 3856 3872 4904 4888 4872 4856 4840 4824 4808 7240 7256 7272 7288 7304 7320 7336 8744 8728 8712 8696 8680 8664 8648 8632 7224 4792 4776 5916 7196 8600 8584 10120 11800 11824 13616 13592 13576 13560 13544 13528 13512 11720 13496 13480 10032 8488 8504 8520 8536 8552 8568 7164 7144 7124 7100 6428 6412 6404 8472 10008 11672 11688 10024 8488 6436 4664 4648 4632 4632 4648 3624 2728 2744 4664 5820 4680 4696 5844 5864 4712 4728 5884 4744 4760 536 552 568 584 600 616 632 296 232 296 280 472 792 1240 1816 2496 2480 2464 2448 2432 2416 3248 3232 3216 3200 3184 2352 2368 2384 2400 1704 688 112 128 160 192 176 144 520 504 488 472 440 424 408 408 424 1064 1976 2744 3616 2712 1944 1944 1960 1336 456 80 96 168 328 128 64 48 32 16 0 80 16 56 56 184 616 1484 1032 2320 3152 3136 2304 2320 2336 3168 3152 4120 5224 6456 7816 9304 10896 10912 12640 12624 12608 10880 10864 12592 12576 10848 10832 12560 12544 10816 10832 12560 16400 18496 18512 18528 18544 18560 18576 18592 23200 23184 23168 23152 25648 25664 25680 25696 25712 25728 25744 27056 24496 23248 23232 23216 20872 18656 16528 18624 18608 12656 10928 10944 12672 12688 10960 10976 10992 11008 9408 7920 6560 5328 4224 3264 3280 3296 3312 3328 5416 6632 7976 9448 11048 12776 15108 16576 18696 24544 
24592 24552 19268 15616 15648 13268 11112 9512 9496 8040 6696 5480 4392 3432 4376 3384 1848 1272 824 504 312 552 1320 1896 872 360 296 360 536 1048 1064 1080 2052 2976 4896 4912 6072 6056 6040 6024 6008 5992 5976 8664 8680 8696 8712 8728 8744 8760 10296 10280 10264 10248 10232 10216 10200 10184 8648 5960 5944 7212 8620 10152 10136 11800 13608 13632 15552 15528 15512 15496 15480 15464 15448 13528 15432 15416 11712 10040 10056 10072 10088 10104 10120 8588 8568 8548 8524 7788 7772 7756 10008 11672 13464 13464 11672 10008 7764 5800 5784 5784 5800 5816 4664 3640 3656 5832 7116 5848 5864 7140 7160 5880 5896 7180 5912 5928 936 952 968 984 1000 1016 1032 504 312 248 232 296 488 808 1256 1808 1792 1776 1760 1744 1728 2432 2416 2400 2384 2368 1664 1680 1696 1712 1144 384 192 208 240 272 256 224 920 904 888 872 840 824 808 792 792 1624 2728 3624 4624 3608 2712 2712 2744 1992 856 160 176 120 152 80 144 128 112 96 80 0 64 168 40 40 280 924 584 1600 2304 2320 1616 1632 1648 2352 2336 3176 4152 5256 6488 7848 9312 9328 10928 10912 10896 9296 9280 10880 10864 9264 9248 10848 10832 9232 9216 10816 14400 16400 16416 16432 16448 16464 16480 16496 20848 20832 20816 20800 23168 23184 23200 23216 23232 23248 23264 24512 22080 20896 20880 20864 18648 16560 14560 16528 16512 10944 9344 9360 10960 10976 9376 9392 9408 9424 7952 6592 5360 4256 3280 2448 2464 2480 2496 2512 4344 5432 6648 7992 9464 11064 13236 14608 16600 22128 
27152 27112 21540 17664 17696 15156 12840 11112 11096 9512 8040 6696 5480 4392 5464 4344 2552 1848 1272 824 504 872 1896 2600 1320 552 360 296 344 664 680 696 1444 2208 3872 3888 4920 4904 4888 4872 4856 4840 4824 7256 7272 7288 7304 7320 7336 7352 8760 8744 8728 8712 8696 8680 8664 8648 7240 4808 4792 5932 7212 8616 8600 10136 11816 11840 13632 13608 13592 13576 13560 13544 13528 11736 13512 13496 10048 8504 8520 8536 8552 8568 8584 7180 7160 7140 7116 6444 6428 6412 8472 10008 11672 11672 10008 8472 6420 4648 4632 4632 4648 4664 3640 2744 2760 4680 5836 4696 4712 5860 5880 4728 4744 5900 4760 4776 552 568 584 600 616 632 648 312 248 312 296 488 808 1256 1832 2512 2496 2480 2464 2448 2432 3264 3248 3232 3216 3200 2368 2384 2400 2416 1720 704 128 144 176 208 192 160 536 520 504 488 456 440 424 408 408 1048 1960 2728 3600 2712 1944 1944 1976 1352 472 96 112 184 344 144 80 64 48 32 16 64 0 40 40 168 600 1468 1032 2304 3136 3152 2320 2336 2352 3184 3168 4136 5240 6472 7832 9320 10912 10928 12656 12640 12624 10896 10880 12608 12592 10864 10848 12576 12560 10832 10816 12544 16384 18512 18528 18544 18560 18576 18592 18608 23216 23200 23184 23168 25664 25680 25696 25712 25728 25744 25760 27072 24512 23264 23248 23232 20888 18672 16544 18640 18624 12672 10944 10960 12688 12704 10976 10992 11008 11024 9424 7936 6576 5344 4240 3280 3296 3312 3328 3344 5432 6648 7992 9464 11064 12792 15124 16592 18712 24560 
28504 28464 22748 18760 18792 16172 13776 11984 11968 10320 8784 7376 6096 4944 6080 4896 2976 2208 1568 1056 672 1104 2256 3024 1616 720 464 336 320 544 560 576 1212 1896 3432 3448 4416 4400 4384 4368 4352 4336 4320 6624 6640 6656 6672 6688 6704 6720 8064 8048 8032 8016 8000 7984 7968 7952 6608 4304 4288 5364 6580 7920 7904 9376 10992 11016 12744 12720 12704 12688 12672 12656 12640 10912 12624 12608 9288 7808 7824 7840 7856 7872 7888 6548 6528 6508 6484 5844 5828 5812 7776 9248 10848 10832 9232 7760 5780 4096 4112 4128 4144 4160 3200 2368 2384 4176 5268 4192 4208 5292 5312 4224 4240 5332 4256 4272 432 448 464 480 496 512 528 288 288 416 400 656 1040 1552 2192 2936 2920 2904 2888 2872 2856 3752 3736 3720 3704 3688 2792 2808 2824 2840 2080 936 168 184 216 248 232 200 416 400 384 368 336 320 304 288 272 784 1600 2304 3160 2336 1632 1632 1664 1104 352 136 152 288 512 248 120 104 88 72 56 168 40 0 64 256 784 1764 1328 2728 3624 3640 2744 2760 2776 3672 3656 4688 5856 7152 8576 10128 11784 11800 13592 13576 13560 11768 11752 13544 13528 11736 11720 13512 13496 11704 11688 13480 17448 19640 19656 19672 19688 19704 19720 19736 24472 24456 24440 24424 26984 27000 27016 27032 27048 27064 27080 28424 25800 24520 24504 24488 22080 19800 17608 19768 19752 13608 11816 11832 13624 13640 11848 11864 11880 11896 10232 8680 7256 5960 4792 3768 3784 3800 3816 3832 6048 7328 8736 10272 11936 13728 16140 17656 19840 25848 
25880 25840 20412 16648 16680 14220 11984 10320 10304 8784 7376 6096 4944 3920 4928 3872 2208 1568 1056 672 416 720 1616 2256 1104 464 336 336 448 864 880 896 1756 2600 4392 4408 5504 5488 5472 5456 5440 5424 5408 7968 7984 8000 8016 8032 8048 8064 9536 9520 9504 9488 9472 9456 9440 9424 7952 5392 5376 6580 7924 9392 9376 10976 12720 12744 14600 14576 14560 14544 14528 14512 14496 12640 14480 14464 10888 9280 9296 9312 9328 9344 9360 7892 7872 7852 7828 7124 7108 7092 9248 10848 12576 12560 10832 9232 7060 5184 5200 5216 5232 5248 4160 3200 3216 5264 6484 5280 5296 6508 6528 5312 5328 6548 5344 5360 752 768 784 800 816 832 848 416 288 288 272 400 656 1040 1552 2168 2152 2136 2120 2104 2088 2856 2840 2824 2808 2792 2024 2040 2056 2072 1440 552 168 184 216 248 232 200 736 720 704 688 656 640 624 608 592 1296 2304 3136 4120 3168 2336 2336 2368 1680 672 136 152 160 256 120 120 104 88 72 56 40 40 64 0 64 400 1156 816 1960 2728 2744 1976 1992 2008 2776 2760 3664 4704 5872 7168 8592 10120 10136 11800 11784 11768 10104 10088 11752 11736 10072 10056 11720 11704 10040 10024 11688 15400 17464 17480 17496 17512 17528 17544 17560 22040 22024 22008 21992 24424 24440 24456 24472 24488 24504 24520 25800 23304 22088 22072 22056 19776 17624 15560 17592 17576 11816 10152 10168 11832 11848 10184 10200 10216 10232 8696 7272 5976 4808 3768 2872 2888 2904 2920 2936 4896 6048 7328 8736 10272 11936 14188 15608 17664 23352 
23384 23344 18204 14664 14696 12396 10320 8784 8768 7376 6096 4944 3920 3024 3904 2976 1568 1056 672 416 288 464 1104 1616 720 336 336 464 704 1312 1328 1344 2428 3432 5480 5496 6720 6704 6688 6672 6656 6640 6624 9440 9456 9472 9488 9504 9520 9536 11136 11120 11104 11088 11072 11056 11040 11024 9424 6608 6592 7924 9396 10992 10976 12704 14576 14600 16584 16560 16544 16528 16512 16496 16480 14496 16464 16448 12616 10880 10896 10912 10928 10944 10960 9364 9344 9324 9300 8532 8516 8500 10848 12576 14432 14416 12560 10832 8468 6400 6416 6432 6448 6464 5248 4160 4176 6480 7828 6496 6512 7852 7872 6528 6544 7892 6560 6576 1200 1216 1232 1248 1264 1280 1296 672 416 288 272 272 400 656 1040 1528 1512 1496 1480 1464 1448 2088 2072 2056 2040 2024 1384 1400 1416 1432 928 296 296 312 344 376 360 328 1184 1168 1152 1136 1104 1088 1072 1056 1040 1936 3136 4096 5208 4128 3168 3168 3200 2384 1120 264 280 160 128 120 248 232 216 200 184 40 168 256 64 0 144 676 432 1320 1960 1976 1336 1352 1368 2008 1992 2768 3680 4720 5888 7184 8584 8600 10136 10120 10104 8568 8552 10088 10072 8536 8520 10056 10040 8504 8488 10024 13480 15416 15432 15448 15464 15480 15496 15512 19736 19720 19704 19688 21992 22008 22024 22040 22056 22072 22088 23304 20936 19784 19768 19752 17600 15576 13640 15544 15528 10152 8616 8632 10168 10184 8648 8664 8680 8696 7288 5992 4824 3784 2872 2104 2120 2136 2152 2168 3872 4896 6048 7328 8736 10272 12364 13688 15616 20984 
19880 19840 15132 11928 11960 9900 8064 6720 6704 5504 4416 3456 2624 1920 2608 1872 848 528 336 272 336 320 576 896 384 384 576 896 1328 2224 2240 2256 3676 4920 7352 7368 8784 8768 8752 8736 8720 8704 8688 11888 11904 11920 11936 11952 11968 11984 13776 13760 13744 13728 13712 13696 13680 13664 11872 8672 8656 10180 11844 13632 13616 15536 17600 17624 19800 19776 19760 19744 19728 19712 19696 17520 19680 19664 15448 13520 13536 13552 13568 13584 13600 11812 11792 11772 11748 10884 10868 10852 13488 15408 17456 17440 15392 13472 10820 8464 8480 8496 8512 8528 7120 5840 5856 8544 10084 8560 8576 10108 10128 8592 8608 10148 8624 8640 2112 2128 2144 2160 2176 2192 2208 1296 848 528 512 320 256 320 512 808 792 776 760 744 728 1176 1160 1144 1128 1112 664 680 696 712 400 152 728 744 776 808 792 760 2096 2080 2064 2048 2016 2000 1984 1968 1952 3136 4624 5776 7080 5808 4656 4656 4688 3680 2032 696 712 400 176 360 680 664 648 632 616 280 600 784 400 144 0 196 96 600 1048 1064 616 632 648 1096 1080 1664 2384 3232 4208 5312 6520 6536 7880 7864 7848 6504 6488 7832 7816 6472 6456 7800 7784 6440 6424 7768 10840 12584 12600 12616 12632 12648 12664 12680 16520 16504 16488 16472 18584 18600 18616 18632 18648 18664 18680 19800 17624 16568 16552 16536 14576 12744 11000 12712 12696 7896 6552 6568 7912 7928 6584 6600 6616 6632 5416 4312 3336 2488 1768 1192 1208 1224 1240 1256 2576 3408 4368 5456 6672 8016 9868 11048 12784 17672 
16156 16116 11912 9100 9132 7352 5796 4676 4660 3684 2820 2084 1476 996 1460 948 372 276 308 468 756 516 324 420 356 804 1220 1764 2420 3652 3668 3684 5496 7020 9900 9916 11556 11540 11524 11508 11492 11476 11460 15108 15124 15140 15156 15172 15188 15204 17220 17204 17188 17172 17156 17140 17124 17108 15092 11444 11428 13176 15064 17076 17060 19204 21492 21516 23916 23892 23876 23860 23844 23828 23812 21412 23796 23780 19116 16964 16980 16996 17012 17028 17044 15032 15012 14992 14968 13992 13976 13960 16932 19076 21348 21332 19060 16916 13928 11236 11252 11268 11284 11300 9668 8164 8180 11316 13080 11332 11348 13104 13124 11364 11380 13144 11396 11412 3540 3556 3572 3588 3604 3620 3636 2388 1716 1172 1156 740 452 292 260 332 316 300 284 268 252 476 460 444 428 412 188 204 220 236 148 348 1596 1612 1644 1676 1660 1628 3524 3508 3492 3476 3444 3428 3412 3396 3380 4900 6724 8100 9628 8132 6756 6756 6788 5556 3460 1564 1580 1044 596 1004 1548 1532 1516 1500 1484 924 1468 1764 1156 676 196 0 68 124 348 364 140 156 172 396 380 740 1236 1860 2612 3492 4476 4492 5612 5596 5580 4460 4444 5564 5548 4428 4412 5532 5516 4396 4380 5500 8124 9644 9660 9676 9692 9708 9724 9740 13132 13116 13100 13084 14972 14988 15004 15020 15036 15052 15068 16076 14124 13180 13164 13148 11412 9804 8284 9772 9756 5628 4508 4524 5644 5660 4540 4556 4572 4588 3596 2716 1964 1340 844 492 508 524 540 556 1428 2036 2772 3636 4628 5748 7320 8332 9844 14172 
17672 17632 13212 10232 10264 8364 6688 5472 5456 4384 3424 2592 1888 1312 1872 1264 496 304 240 304 496 352 352 544 288 544 864 1312 1872 2960 2976 2992 4636 6040 8728 8744 10288 10272 10256 10240 10224 10208 10192 13648 13664 13680 13696 13712 13728 13744 15664 15648 15632 15616 15600 15584 15568 15552 13632 10176 10160 11812 13604 15520 15504 17552 19744 19768 22072 22048 22032 22016 22000 21984 21968 19664 21952 21936 17464 15408 15424 15440 15456 15472 15488 13572 13552 13532 13508 12580 12564 12548 15376 17424 19600 19616 17440 15392 12572 10032 10016 10000 10016 10032 8496 7088 7104 10048 11716 10064 10080 11740 11760 10096 10112 11780 10128 10144 2848 2864 2880 2896 2912 2928 2944 1840 1264 816 800 480 288 224 288 456 440 424 408 392 376 696 680 664 648 632 312 328 344 360 176 184 1144 1160 1192 1224 1208 1176 2832 2816 2800 2784 2752 2736 2720 2704 2720 4128 5808 7088 8472 7056 5776 5776 5808 4672 2768 1112 1128 688 336 648 1096 1080 1064 1048 1032 584 1032 1328 816 432 96 68 0 264 584 584 264 280 296 616 600 1056 1648 2368 3216 4192 5272 5288 6504 6488 6472 5256 5240 6456 6440 5224 5208 6424 6408 5192 5192 6408 9224 10824 10840 10856 10872 10888 10904 10920 14504 14488 14472 14456 16440 16456 16472 16488 16504 16520 16536 17592 15544 14552 14536 14520 12688 10984 9368 10952 10936 6520 5304 5320 6536 6552 5336 5352 5368 5384 4296 3320 2472 1752 1160 712 728 744 760 776 1840 2544 3376 4336 5424 6640 8332 9416 11024 15592 
13712 13672 9828 7296 7328 5748 4392 3432 3416 2600 1896 1320 872 552 856 504 248 312 504 824 1272 872 360 296 552 1320 1896 2600 3416 4888 4904 4920 7012 8736 11936 11952 13752 13736 13720 13704 13688 13672 13656 17624 17640 17656 17672 17688 17704 17720 19896 19880 19864 19848 19832 19816 19800 19784 17608 13640 13624 15532 17580 19752 19736 22040 24488 24512 27072 27048 27032 27016 27000 26984 26968 24408 26952 26936 21952 19640 19656 19672 19688 19704 19720 17548 17528 17508 17484 16428 16412 16396 19608 21912 24344 24344 21912 19608 16404 13480 13464 13464 13480 13496 11704 10040 10056 13512 15436 13528 13544 15460 15480 13560 13576 15500 13592 13608 4776 4792 4808 4824 4840 4856 4872 3384 2552 1848 1832 1256 808 488 296 208 192 176 160 144 128 192 176 160 144 128 64 80 96 112 184 704 2432 2448 2480 2512 2496 2464 4760 4744 4728 4712 4680 4664 4648 4632 4632 6424 8488 10024 11664 10008 8472 8472 8504 7112 4696 2400 2416 1720 1112 1680 2384 2368 2352 2336 2320 1600 2304 2728 1960 1320 600 124 264 0 64 80 16 32 48 112 96 296 632 1096 1688 2408 3232 3248 4208 4192 4176 3216 3200 4160 4144 3184 3168 4128 4112 3152 3136 4096 6400 7760 7776 7792 7808 7824 7840 7856 10928 10912 10896 10880 12608 12624 12640 12656 12672 12688 12704 13632 11840 10976 10960 10944 9368 7920 6560 7888 7872 4224 3264 3280 4240 4256 3296 3312 3328 3344 2512 1792 1200 736 400 208 224 240 256 272 824 1272 1848 2552 3384 4344 5716 6608 7960 11888 
11920 11880 8324 6016 6048 4628 3432 2600 2584 1896 1320 872 552 360 536 312 312 504 824 1272 1848 1320 552 360 872 1896 2600 3432 4376 6040 6056 6072 8388 10272 13728 13744 15672 15656 15640 15624 15608 15592 15576 19800 19816 19832 19848 19864 19880 19896 22200 22184 22168 22152 22136 22120 22104 22088 19784 15560 15544 17580 19756 22056 22040 24472 27048 27072 29760 29736 29720 29704 29688 29672 29656 26968 29640 29624 24384 21944 21960 21976 21992 22008 22024 19724 19704 19684 19660 18540 18524 18508 21912 24344 26904 26904 24344 21912 18516 15400 15384 15384 15400 15416 13496 11704 11720 15432 17484 15448 15464 17508 17528 15480 15496 17548 15512 15528 5928 5944 5960 5976 5992 6008 6024 4344 3384 2552 2536 1832 1256 808 488 272 256 240 224 208 192 128 112 96 80 64 128 144 160 176 376 1152 3264 3280 3312 3344 3328 3296 5912 5896 5880 5864 5832 5816 5800 5784 5784 7768 10024 11688 13456 11672 10008 10008 10040 8520 5848 3232 3248 2424 1688 2384 3216 3200 3184 3168 3152 2304 3136 3624 2728 1960 1048 348 584 64 0 16 80 96 112 48 32 104 312 648 1112 1704 2400 2416 3248 3232 3216 2384 2368 3200 3184 2352 2336 3168 3152 2320 2304 3136 5184 6416 6432 6448 6464 6480 6496 6512 9328 9312 9296 9280 10880 10896 10912 10928 10944 10960 10976 11840 10176 9376 9360 9344 7896 6576 5344 6544 6528 3264 2432 2448 3280 3296 2464 2480 2496 2512 1808 1216 752 416 208 144 160 176 192 208 504 824 1272 1848 2552 3384 4596 5392 6616 10224 
11904 11864 8308 6000 6032 4612 3416 2584 2568 1880 1304 856 536 344 520 296 296 488 808 1256 1832 1304 536 344 856 1880 2584 3416 4360 6024 6040 6056 8372 10256 13712 13728 15656 15640 15624 15608 15592 15576 15560 19784 19800 19816 19832 19848 19864 19880 22184 22168 22152 22136 22120 22104 22088 22072 19768 15544 15528 17564 19740 22040 22024 24456 27032 27056 29744 29720 29704 29688 29672 29656 29640 26952 29624 29608 24368 21928 21944 21960 21976 21992 22008 19708 19688 19668 19644 18524 18508 18500 21912 24344 26904 26920 24360 21928 18532 15416 15400 15384 15384 15400 13480 11688 11704 15416 17468 15432 15448 17492 17512 15464 15480 17532 15496 15512 5912 5928 5944 5960 5976 5992 6008 4328 3368 2536 2520 1816 1240 792 472 256 240 224 208 192 176 112 96 80 64 48 112 128 144 160 360 1136 3248 3264 3296 3328 3312 3280 5896 5880 5864 5848 5816 5800 5784 5784 5800 7784 10040 11704 13472 11672 10008 10008 10024 8504 5832 3216 3232 2408 1672 2368 3200 3184 3168 3152 3136 2320 3152 3640 2744 1976 1064 364 584 80 16 0 64 80 96 32 16 88 296 632 1096 1688 2384 2400 3232 3216 3200 2368 2352 3184 3168 2336 2320 3152 3136 2304 2320 3152 5200 6400 6416 6432 6448 6464 6480 6496 9312 9296 9280 9264 10864 10880 10896 10912 10928 10944 10960 11824 10160 9360 9344 9328 7880 6560 5328 6528 6512 3248 2416 2432 3264 3280 2448 2464 2480 2496 1792 1200 736 400 192 128 144 160 176 192 488 808 1256 1832 2536 3368 4580 5376 6600 10208 
13696 13656 9812 7280 7312 5732 4376 3416 3400 2584 1880 1304 856 536 840 488 232 296 488 808 1256 856 344 280 536 1304 1880 2584 3400 4872 4888 4904 6996 8720 11920 11936 13736 13720 13704 13688 13672 13656 13640 17608 17624 17640 17656 17672 17688 17704 19880 19864 19848 19832 19816 19800 19784 19768 17592 13624 13608 15516 17564 19736 19720 22024 24472 24496 27056 27032 27016 27000 26984 26968 26952 24392 26936 26920 21936 19624 19640 19656 19672 19688 19704 17532 17512 17492 17468 16412 16396 16388 19608 21912 24344 24360 21928 19624 16420 13496 13480 13464 13464 13480 11688 10024 10040 13496 15420 13512 13528 15444 15464 13544 13560 15484 13576 13592 4760 4776 4792 4808 4824 4840 4856 3368 2536 1832 1816 1240 792 472 280 192 176 160 144 128 112 176 160 144 128 112 48 64 80 96 168 688 2416 2432 2464 2496 2480 2448 4744 4728 4712 4696 4664 4648 4632 4632 4648 6440 8504 10040 11680 10008 8472 8472 8488 7096 4680 2384 2400 1704 1096 1664 2368 2352 2336 2320 2304 1616 2320 2744 1976 1336 616 140 264 16 80 64 0 16 32 96 80 280 616 1080 1672 2392 3216 3232 4192 4176 4160 3200 3184 4144 4128 3168 3152 4112 4096 3136 3152 4112 6416 7744 7760 7776 7792 7808 7824 7840 10912 10896 10880 10864 12592 12608 12624 12640 12656 12672 12688 13616 11824 10960 10944 10928 9352 7904 6544 7872 7856 4208 3248 3264 4224 4240 3280 3296 3312 3328 2496 1776 1184 720 384 192 208 224 240 256 808 1256 1832 2536 3368 4328 5700 6592 7944 11872 
13680 13640 9796 7264 7296 5716 4360 3400 3384 2568 1864 1288 840 520 824 472 216 280 472 792 1240 840 328 264 520 1288 1864 2568 3384 4856 4872 4888 6980 8704 11904 11920 13720 13704 13688 13672 13656 13640 13624 17592 17608 17624 17640 17656 17672 17688 19864 19848 19832 19816 19800 19784 19768 19752 17576 13608 13592 15500 17548 19720 19704 22008 24456 24480 27040 27016 27000 26984 26968 26952 26936 24376 26920 26904 21920 19608 19624 19640 19656 19672 19688 17516 17496 17476 17452 16396 16388 16404 19624 21928 24360 24376 21944 19640 16436 13512 13496 13480 13464 13464 11672 10008 10024 13480 15404 13496 13512 15428 15448 13528 13544 15468 13560 13576 4744 4760 4776 4792 4808 4824 4840 3352 2520 1816 1800 1224 776 456 264 176 160 144 128 112 96 160 144 128 112 96 32 48 64 80 152 672 2400 2416 2448 2480 2464 2432 4728 4712 4696 4680 4648 4632 4632 4648 4664 6456 8520 10056 11696 10024 8488 8488 8472 7080 4664 2368 2384 1688 1080 1648 2352 2336 2320 2304 2320 1632 2336 2760 1992 1352 632 156 280 32 96 80 16 0 16 80 64 264 600 1064 1656 2376 3200 3216 4176 4160 4144 3184 3168 4128 4112 3152 3136 4096 4112 3152 3168 4128 6432 7760 7744 7760 7776 7792 7808 7824 10896 10880 10864 10848 12576 12592 12608 12624 12640 12656 12672 13600 11808 10944 10928 10912 9336 7888 6528 7856 7840 4192 3232 3248 4208 4224 3264 3280 3296 3312 2480 1760 1168 704 368 176 192 208 224 240 792 1240 1816 2520 3352 4312 5684 6576 7928 11856 
13664 13624 9780 7248 7280 5700 4344 3384 3368 2552 1848 1272 824 504 808 456 200 264 456 776 1224 824 312 248 504 1272 1848 2552 3368 4840 4856 4872 6964 8688 11888 11904 13704 13688 13672 13656 13640 13624 13608 17576 17592 17608 17624 17640 17656 17672 19848 19832 19816 19800 19784 19768 19752 19736 17560 13592 13576 15484 17532 19704 19688 21992 24440 24464 27024 27000 26984 26968 26952 26936 26920 24360 26904 26904 21904 19608 19608 19624 19640 19656 19672 17500 17480 17460 17436 16388 16404 16420 19640 21944 24376 24392 21960 19656 16452 13528 13512 13496 13480 13464 11672 10008 10008 13464 15388 13480 13496 15412 15432 13512 13528 15452 13544 13560 4728 4744 4760 4776 4792 4808 4824 3336 2504 1800 1784 1208 760 440 248 160 144 128 112 96 80 144 128 112 96 80 16 32 48 64 136 656 2384 2400 2432 2464 2448 2416 4712 4696 4680 4664 4632 4632 4648 4664 4680 6472 8536 10072 11712 10040 8504 8504 8472 7064 4648 2352 2368 1672 1064 1632 2336 2320 2304 2320 2336 1648 2352 2776 2008 1368 648 172 296 48 112 96 32 16 0 64 80 264 584 1048 1640 2360 3184 3200 4160 4144 4128 3168 3152 4112 4096 3136 3152 4112 4128 3168 3184 4144 6448 7776 7760 7744 7760 7776 7792 7808 10880 10864 10848 10832 12560 12576 12592 12608 12624 12640 12656 13584 11792 10928 10912 10896 9320 7872 6512 7840 7824 4176 3216 3232 4192 4208 3248 3264 3280 3296 2464 1744 1152 688 352 160 176 192 208 224 776 1224 1800 2504 3336 4296 5668 6560 7912 11840 
11872 11832 8276 5968 6000 4580 3384 2552 2536 1848 1272 824 504 312 488 264 264 456 776 1224 1800 1272 504 312 824 1848 2552 3384 4328 5992 6008 6024 8340 10224 13680 13696 15624 15608 15592 15576 15560 15544 15528 19752 19768 19784 19800 19816 19832 19848 22152 22136 22120 22104 22088 22072 22056 22040 19736 15512 15496 17532 19708 22008 21992 24424 27000 27024 29712 29688 29672 29656 29640 29624 29608 26920 29592 29592 24336 21912 21912 21928 21944 21960 21976 19676 19656 19636 19612 18500 18516 18532 21944 24376 26936 26952 24392 21960 18564 15448 15432 15416 15400 15384 13464 11672 11672 15384 17436 15400 15416 17460 17480 15432 15448 17500 15464 15480 5880 5896 5912 5928 5944 5960 5976 4296 3336 2504 2488 1784 1208 760 440 224 208 192 176 160 144 80 64 48 32 16 80 96 112 128 328 1104 3216 3232 3264 3296 3280 3248 5864 5848 5832 5816 5784 5784 5800 5816 5832 7816 10072 11736 13504 11704 10040 10040 10008 8472 5800 3184 3200 2376 1640 2336 3168 3152 3136 3152 3168 2352 3184 3672 2776 2008 1096 396 616 112 48 32 96 80 64 0 16 72 264 600 1064 1656 2352 2368 3200 3184 3168 2336 2320 3152 3136 2304 2320 3152 3168 2336 2352 3184 5232 6432 6416 6400 6416 6432 6448 6464 9280 9264 9248 9232 10832 10848 10864 10880 10896 10912 10928 11792 10128 9328 9312 9296 7848 6528 5296 6496 6480 3216 2384 2400 3232 3248 2416 2432 2448 2464 1760 1168 704 368 160 96 112 128 144 160 456 776 1224 1800 2504 3336 4548 5344 6568 10176 
11888 11848 8292 5984 6016 4596 3400 2568 2552 1864 1288 840 520 328 504 280 280 472 792 1240 1816 1288 520 328 840 1864 2568 3400 4344 6008 6024 6040 8356 10240 13696 13712 15640 15624 15608 15592 15576 15560 15544 19768 19784 19800 19816 19832 19848 19864 22168 22152 22136 22120 22104 22088 22072 22056 19752 15528 15512 17548 19724 22024 22008 24440 27016 27040 29728 29704 29688 29672 29656 29640 29624 26936 29608 29592 24352 21912 21928 21944 21960 21976 21992 19692 19672 19652 19628 18508 18500 18516 21928 24360 26920 26936 24376 21944 18548 15432 15416 15400 15384 15384 13464 11672 11688 15400 17452 15416 15432 17476 17496 15448 15464 17516 15480 15496 5896 5912 5928 5944 5960 5976 5992 4312 3352 2520 2504 1800 1224 776 456 240 224 208 192 176 160 96 80 64 48 32 96 112 128 144 344 1120 3232 3248 3280 3312 3296 3264 5880 5864 5848 5832 5800 5784 5784 5800 5816 7800 10056 11720 13488 11688 10024 10024 10008 8488 5816 3200 3216 2392 1656 2352 3184 3168 3152 3136 3152 2336 3168 3656 2760 1992 1080 380 600 96 32 16 80 64 80 16 0 72 280 616 1080 1672 2368 2384 3216 3200 3184 2352 2336 3168 3152 2320 2304 3136 3152 2320 2336 3168 5216 6416 6400 6416 6432 6448 6464 6480 9296 9280 9264 9248 10848 10864 10880 10896 10912 10928 10944 11808 10144 9344 9328 9312 7864 6544 5312 6512 6496 3232 2400 2416 3248 3264 2432 2448 2464 2480 1776 1184 720 384 176 112 128 144 160 176 472 792 1240 1816 2520 3352 4564 5360 6584 10192 
10216 10176 6908 4824 4856 3596 2560 1856 1840 1280 832 512 320 256 304 208 464 784 1232 1808 2512 1856 832 512 1280 2560 3392 4352 5424 7280 7296 7312 9852 11896 15608 15624 17680 17664 17648 17632 17616 17600 17584 22064 22080 22096 22112 22128 22144 22160 24592 24576 24560 24544 24528 24512 24496 24480 22048 17568 17552 19716 22020 24448 24432 26992 29696 29720 32536 32512 32496 32480 32464 32448 32432 29616 32416 32400 26904 24336 24352 24368 24384 24400 24416 21988 21968 21948 21924 20740 20748 20764 24368 26928 29616 29632 26944 24384 20796 17488 17472 17456 17440 17424 15376 13456 13472 17440 19620 17456 17472 19644 19664 17488 17504 19684 17520 17536 7168 7184 7200 7216 7232 7248 7264 5392 4304 3344 3328 2496 1792 1216 768 424 408 392 376 360 344 152 136 120 104 88 280 296 312 328 656 1688 4184 4200 4232 4264 4248 4216 7152 7136 7120 7104 7072 7056 7072 7088 7104 9280 11728 13520 15416 13488 11696 11696 11664 10016 7088 4152 4168 3216 2352 3176 4136 4120 4104 4104 4120 3176 4136 4688 3664 2768 1664 740 1056 296 104 88 280 264 264 72 72 0 80 288 624 1088 1656 1672 2376 2360 2344 1640 1624 2328 2312 1608 1608 2312 2328 1624 1640 2344 4136 5208 5192 5192 5208 5224 5240 5256 7816 7800 7784 7768 9240 9256 9272 9288 9304 9320 9336 10136 8600 7864 7848 7832 6512 5320 4216 5288 5272 2392 1688 1704 2408 2424 1720 1736 1752 1768 1192 728 392 184 104 168 184 200 216 232 272 464 784 1232 1808 2512 3564 4264 5360 8648 
8664 8624 5644 3784 3816 2716 1840 1264 1248 816 496 304 240 304 224 256 768 1216 1792 2496 3328 2544 1264 816 1840 3376 4336 5424 6624 8672 8688 8704 11468 13672 17640 17656 19840 19824 19808 19792 19776 19760 19744 24480 24496 24512 24528 24544 24560 24576 27136 27120 27104 27088 27072 27056 27040 27024 24464 19728 19712 22004 24436 26992 26976 29664 32496 32520 35464 35440 35424 35408 35392 35376 35360 32416 35344 35360 29592 26912 26896 26912 26928 26944 26960 24404 24384 24364 24340 23116 23132 23148 26944 29632 32448 32464 29648 26960 23180 19680 19664 19648 19632 19616 17440 15392 15376 19600 21908 19616 19632 21932 21952 19648 19664 21972 19680 19696 8560 8576 8592 8608 8624 8640 8656 6592 5376 4288 4272 3312 2480 1776 1200 728 712 696 680 664 648 328 312 296 280 264 584 600 616 632 1088 2376 5256 5272 5304 5336 5320 5288 8544 8528 8512 8496 8464 8480 8496 8512 8528 10896 13536 15456 17480 15424 13504 13504 13472 11664 8480 5224 5240 4160 3168 4120 5208 5192 5192 5208 5224 4152 5240 5856 4704 3680 2384 1236 1648 632 312 296 616 600 584 264 280 80 0 80 288 624 1064 1080 1656 1640 1624 1048 1032 1608 1608 1032 1048 1624 1640 1064 1080 1656 3192 4136 4120 4104 4104 4120 4136 4152 6456 6440 6424 6408 7752 7768 7784 7800 7816 7832 7848 8584 7176 6504 6488 6472 5280 4216 3240 4184 4168 1672 1096 1112 1688 1704 1128 1144 1160 1176 728 392 184 104 152 344 360 376 392 408 192 256 448 768 1216 1792 2684 3288 4256 7224 
7240 7200 4508 2872 2904 1964 1248 800 784 480 288 224 288 480 272 432 1200 1776 2480 3312 4272 3360 1824 1248 2528 4320 5408 6624 7952 10192 10208 10224 13212 15576 19800 19816 22128 22112 22096 22080 22064 22048 22032 27024 27040 27056 27072 27088 27104 27120 29808 29792 29776 29760 29744 29728 29712 29696 27008 22016 22000 24420 26980 29664 29648 32464 35424 35448 38520 38496 38480 38464 38448 38432 38416 35344 38432 38448 32424 29616 29600 29584 29600 29616 29632 26948 26928 26908 26908 25628 25644 25660 29648 32464 35408 35424 32480 29664 25692 22000 21984 21968 21952 21936 19632 17456 17440 21920 24348 21904 21920 24348 24368 21936 21952 24388 21968 21984 10080 10096 10112 10128 10144 10160 10176 7920 6576 5360 5344 4256 3296 2464 1760 1160 1144 1128 1112 1096 1080 632 616 600 584 584 1032 1032 1048 1064 1648 3192 6456 6472 6504 6536 6520 6488 10064 10048 10032 10016 10016 10032 10048 10064 10080 12640 15472 17520 19672 17488 15440 15440 15408 13472 10000 6424 6440 5232 4112 5192 6408 6408 6424 6440 6456 5256 6472 7152 5872 4720 3232 1860 2368 1096 648 632 1080 1064 1048 600 616 288 80 0 80 288 600 616 1064 1048 1032 584 584 1032 1048 600 616 1064 1080 632 648 1096 2376 3192 3176 3160 3144 3144 3160 3176 5224 5208 5192 5192 6408 6408 6424 6440 6456 6472 6488 7160 5880 5272 5256 5240 4176 3240 2392 3208 3192 1080 632 648 1096 1112 664 680 696 712 392 184 104 152 328 648 664 680 696 712 240 176 240 432 752 1200 1932 2440 3280 5928 
5944 5904 3500 2088 2120 1340 784 464 448 272 208 272 464 784 448 736 1760 2464 3296 4256 5344 4304 2512 1808 3344 5392 6608 7952 9408 11840 11856 11872 15084 17608 22088 22104 24544 24528 24512 24496 24480 24464 24448 29696 29712 29728 29744 29760 29776 29792 32608 32592 32576 32560 32544 32528 32512 32496 29680 24432 24416 26964 29652 32464 32448 35392 38480 38504 41704 41680 41664 41648 41632 41616 41632 38432 41648 41664 35384 32448 32432 32416 32400 32416 32432 29620 29600 29588 29612 28268 28284 28300 32480 35424 38496 38512 35440 32496 28332 24448 24432 24416 24400 24384 21952 19648 19632 24368 26924 24352 24336 26900 26912 24352 24368 26932 24384 24400 11728 11744 11760 11776 11792 11808 11824 9376 7904 6560 6544 5328 4240 3280 2448 1720 1704 1688 1672 1656 1640 1064 1048 1032 1032 1048 1624 1608 1608 1624 2336 4136 7784 7800 7832 7864 7848 7816 11712 11696 11680 11664 11696 11712 11728 11744 11760 14512 17536 19712 21992 19680 17504 17504 17472 15408 11680 7752 7768 6432 5184 6408 7752 7768 7784 7800 7816 6488 7832 8576 7168 5888 4208 2612 3216 1688 1112 1096 1672 1656 1640 1064 1080 624 288 80 0 80 264 280 600 584 584 264 280 600 616 296 312 632 648 328 344 664 1688 2376 2360 2344 2328 2312 2312 2328 4120 4104 4104 4120 5208 5192 5192 5208 5224 5240 5256 5864 4712 4168 4152 4136 3200 2392 1672 2360 2344 616 296 312 632 648 328 344 360 376 184 104 152 328 632 1080 1096 1112 1128 1144 416 224 160 224 416 736 1308 1720 2432 4760 
4776 4736 2620 1432 1464 844 448 256 240 192 256 448 768 1216 752 1168 2448 3280 4240 5328 6544 5376 3328 2496 4288 6592 7936 9408 10992 13616 13632 13648 17084 19768 24504 24520 27088 27072 27056 27040 27024 27008 26992 32496 32512 32528 32544 32560 32576 32592 35536 35520 35504 35488 35472 35456 35440 35424 32480 26976 26960 29636 32452 35392 35376 38448 41664 41688 45016 44992 44976 44960 44944 44960 44976 41648 44992 45008 38472 35408 35392 35376 35360 35344 35360 32420 32400 32420 32444 31036 31052 31068 35440 38512 41712 41728 38528 35456 31100 27024 27008 26992 26976 26960 24400 21968 21952 26944 29628 26928 26912 29604 29584 26896 26912 29604 26928 26944 13504 13520 13536 13552 13568 13584 13600 10960 9360 7888 7872 6528 5312 4224 3264 2408 2392 2376 2360 2344 2328 1624 1608 1608 1624 1640 2344 2328 2312 2312 3152 5208 9240 9256 9288 9320 9304 9272 13488 13472 13456 13472 13504 13520 13536 13552 13568 16512 19728 22032 24440 22000 19696 19696 19664 17472 13488 9224 9224 7760 6416 7768 9240 9256 9272 9288 9304 7848 9320 10128 8592 7184 5312 3492 4192 2408 1704 1688 2392 2376 2360 1656 1672 1088 624 288 80 0 72 72 264 264 280 88 104 296 312 120 136 328 344 152 168 360 1128 1688 1672 1656 1640 1624 1608 1608 3144 3144 3160 3176 4136 4120 4104 4104 4120 4136 4152 4696 3672 3192 3176 3160 2352 1672 1080 1640 1624 280 88 104 296 312 120 136 152 168 104 152 328 632 1064 1640 1656 1672 1688 1704 720 400 208 144 208 400 812 1128 1712 3720 
3760 3720 1892 928 960 500 264 200 184 264 456 776 1224 1800 1208 1752 3288 4248 5336 6552 7896 6600 4296 3336 5384 7944 9416 11016 12728 15544 15560 15576 19236 22080 27072 27088 29784 29768 29752 29736 29720 29704 29688 35448 35464 35480 35496 35512 35528 35544 38616 38600 38584 38568 38552 38536 38520 38504 35432 29672 29656 32460 35404 38472 38456 41656 45000 45024 48480 48456 48440 48424 48408 48408 48424 44968 48440 48456 41664 38472 38456 38440 38424 38424 38440 35372 35352 35356 35380 33908 33924 33940 38504 41704 45032 45048 41720 38520 33972 29704 29688 29672 29656 29640 26952 24392 24376 29624 32436 29608 29592 32412 32408 29592 29608 32428 29624 29640 15432 15448 15464 15480 15496 15512 15528 12696 10968 9368 9352 7880 6536 5320 4232 3248 3232 3216 3200 3184 3168 2336 2320 2304 2320 2336 3168 3152 3136 3152 4120 6432 10848 10864 10896 10928 10912 10880 15416 15400 15384 15384 15416 15432 15448 15464 15480 18616 22024 24456 26992 24424 21992 21992 21960 19640 15400 10816 10832 9240 7752 9232 10832 10848 10864 10880 10896 9312 10912 11784 10120 8584 6520 4476 5272 3232 2400 2384 3216 3200 3184 2352 2368 1656 1064 600 264 72 0 16 80 64 80 16 32 96 112 48 64 128 144 80 96 160 672 1104 1088 1072 1056 1040 1024 1040 2320 2304 2320 2336 3168 3152 3136 3152 3168 3184 3200 3680 2784 2368 2352 2336 1656 1104 640 1072 1056 96 32 48 112 128 64 80 96 112 176 352 656 1088 1648 2352 2368 2384 2400 2416 1176 728 408 216 152 216 468 688 1144 2832 
3744 3704 1876 912 944 484 248 184 168 248 440 760 1208 1784 1192 1736 3272 4232 5320 6536 7880 6584 4280 3320 5368 7928 9400 11000 12712 15528 15544 15560 19220 22064 27056 27072 29768 29752 29736 29720 29704 29688 29672 35432 35448 35464 35480 35496 35512 35528 38600 38584 38568 38552 38536 38520 38504 38488 35416 29656 29640 32444 35388 38456 38440 41640 44984 45008 48464 48440 48424 48408 48408 48424 48440 44984 48456 48472 41680 38488 38472 38456 38440 38424 38424 35356 35352 35372 35396 33924 33940 33956 38520 41720 45048 45064 41736 38536 33988 29720 29704 29688 29672 29656 26968 24408 24392 29640 32452 29624 29608 32428 32408 29592 29592 32412 29608 29624 15416 15432 15448 15464 15480 15496 15512 12680 10952 9352 9336 7864 6520 5304 4216 3232 3216 3200 3184 3168 3152 2320 2304 2320 2336 2352 3184 3168 3152 3136 4104 6416 10832 10848 10880 10912 10896 10864 15400 15384 15384 15400 15432 15448 15464 15480 15496 18632 22040 24472 27008 24440 22008 22008 21976 19656 15416 10832 10816 9224 7768 9248 10848 10864 10880 10896 10912 9328 10928 11800 10136 8600 6536 4492 5288 3248 2416 2400 3232 3216 3200 2368 2384 1672 1080 616 280 72 16 0 64 80 96 32 48 112 128 64 80 144 160 96 112 176 688 1120 1104 1088 1072 1056 1040 1024 2304 2320 2336 2352 3184 3168 3152 3136 3152 3168 3184 3664 2768 2352 2336 2320 1640 1088 624 1056 1040 80 16 32 96 112 48 64 80 96 160 336 640 1072 1632 2336 2352 2368 2384 2400 1160 712 392 200 136 200 452 672 1128 2816 
2848 2808 1268 528 560 260 184 248 232 440 760 1208 1784 2488 1768 2440 4232 5320 6536 7880 9352 7928 5368 4280 6584 9400 11000 12728 14568 17576 17592 17608 21492 24496 29744 29760 32584 32568 32552 32536 32520 32504 32488 38504 38520 38536 38552 38568 38584 38600 41800 41784 41768 41752 41736 41720 41704 41688 38488 32472 32456 35388 38460 41656 41640 44968 48440 48464 52048 52024 52008 51992 51992 52008 52024 48440 52040 52056 45008 41688 41672 41656 41640 41624 41624 38428 38424 38444 38468 36932 36948 36964 41720 45048 48504 48520 45064 41736 36996 32536 32520 32504 32488 32472 29656 26968 26952 32456 35396 32440 32424 35372 35352 32408 32408 35356 32424 32440 17464 17480 17496 17512 17528 17544 17560 14536 12680 10952 10936 9336 7864 6520 5304 4192 4176 4160 4144 4128 4112 3152 3136 3152 3168 3184 4144 4128 4112 4096 5192 7760 12560 12576 12608 12640 12624 12592 17448 17432 17432 17448 17480 17496 17512 17528 17544 20872 24472 27032 29696 27000 24440 24440 24408 21960 17464 12560 12544 10824 9240 10848 12576 12592 12608 12624 12640 10928 12656 13592 11800 10136 7880 5612 6504 4208 3248 3232 4192 4176 4160 3200 3216 2376 1656 1064 600 264 80 64 0 16 32 96 112 48 64 128 144 80 96 160 176 112 368 672 656 640 624 608 592 576 1600 1616 1632 1648 2352 2336 2320 2304 2320 2336 2352 2768 2000 1648 1632 1616 1064 640 304 608 592 16 80 96 32 48 112 128 144 160 352 656 1088 1648 2336 3168 3184 3200 3216 3232 1736 1160 712 392 200 136 228 352 680 2048 
2864 2824 1284 544 576 276 200 264 248 456 776 1224 1800 2504 1784 2456 4248 5336 6552 7896 9368 7944 5384 4296 6600 9416 11016 12744 14584 17592 17608 17624 21508 24512 29760 29776 32600 32584 32568 32552 32536 32520 32504 38520 38536 38552 38568 38584 38600 38616 41816 41800 41784 41768 41752 41736 41720 41704 38504 32488 32472 35404 38476 41672 41656 44984 48456 48480 52064 52040 52024 52008 51992 51992 52008 48424 52024 52040 44992 41672 41656 41640 41624 41624 41640 38444 38424 38428 38452 36916 36932 36948 41704 45032 48488 48504 45048 41720 36980 32520 32504 32488 32472 32456 29640 26952 26936 32440 35380 32424 32408 35356 35352 32408 32424 35372 32440 32456 17480 17496 17512 17528 17544 17560 17576 14552 12696 10968 10952 9352 7880 6536 5320 4208 4192 4176 4160 4144 4128 3168 3152 3136 3152 3168 4128 4112 4096 4112 5208 7776 12576 12592 12624 12656 12640 12608 17464 17448 17432 17432 17464 17480 17496 17512 17528 20856 24456 27016 29680 26984 24424 24424 24392 21944 17448 12544 12560 10840 9224 10832 12560 12576 12592 12608 12624 10912 12640 13576 11784 10120 7864 5596 6488 4192 3232 3216 4176 4160 4144 3184 3200 2360 1640 1048 584 264 64 80 16 0 16 80 96 32 48 112 128 64 80 144 160 96 352 656 640 624 608 592 576 592 1616 1600 1616 1632 2336 2320 2304 2320 2336 2352 2368 2784 2016 1664 1648 1632 1080 656 320 624 608 32 96 112 48 64 128 144 160 176 368 672 1104 1664 2352 3184 3200 3216 3232 3248 1752 1176 728 408 216 152 244 368 696 2064 
2880 2840 1300 560 592 292 216 280 264 472 792 1240 1816 2520 1800 2472 4264 5352 6568 7912 9384 7960 5400 4312 6616 9432 11032 12760 14600 17608 17624 17640 21524 24528 29776 29792 32616 32600 32584 32568 32552 32536 32520 38536 38552 38568 38584 38600 38616 38632 41832 41816 41800 41784 41768 41752 41736 41720 38520 32504 32488 35420 38492 41688 41672 45000 48472 48496 52080 52056 52040 52024 52008 51992 51992 48408 52008 52024 44976 41656 41640 41624 41624 41640 41656 38460 38440 38420 38436 36900 36916 36932 41688 45016 48472 48488 45032 41704 36964 32504 32488 32472 32456 32440 29624 26936 26920 32424 35364 32408 32408 35348 35368 32424 32440 35388 32456 32472 17496 17512 17528 17544 17560 17576 17592 14568 12712 10984 10968 9368 7896 6552 5336 4224 4208 4192 4176 4160 4144 3184 3168 3152 3136 3152 4112 4096 4112 4128 5224 7792 12592 12608 12640 12672 12656 12624 17480 17464 17448 17432 17448 17464 17480 17496 17512 20840 24440 27000 29664 26968 24408 24408 24376 21928 17432 12560 12576 10856 9224 10816 12544 12560 12576 12592 12608 10896 12624 13560 11768 10104 7848 5580 6472 4176 3216 3200 4160 4144 4128 3168 3184 2344 1624 1032 584 280 80 96 32 16 0 64 80 16 32 96 112 48 64 128 144 80 336 640 624 608 592 576 592 608 1632 1616 1600 1616 2320 2304 2320 2336 2352 2368 2384 2800 2032 1680 1664 1648 1096 672 336 640 624 48 112 128 64 80 144 160 176 192 384 688 1120 1680 2368 3200 3216 3232 3248 3264 1768 1192 744 424 232 168 260 384 712 2080 
3776 3736 1908 944 976 516 280 216 200 280 472 792 1240 1816 1224 1768 3304 4264 5352 6568 7912 6616 4312 3352 5400 7960 9432 11032 12744 15560 15576 15592 19252 22096 27088 27104 29800 29784 29768 29752 29736 29720 29704 35464 35480 35496 35512 35528 35544 35560 38632 38616 38600 38584 38568 38552 38536 38520 35448 29688 29672 32476 35420 38488 38472 41672 45016 45040 48496 48472 48456 48440 48424 48408 48408 44952 48424 48440 41648 38456 38440 38424 38424 38440 38456 35388 35368 35348 35364 33892 33908 33924 38488 41688 45016 45032 41704 38504 33956 29688 29672 29656 29640 29624 26936 24376 24360 29608 32420 29592 29592 32404 32424 29608 29624 32444 29640 29656 15448 15464 15480 15496 15512 15528 15544 12712 10984 9384 9368 7896 6552 5336 4248 3264 3248 3232 3216 3200 3184 2352 2336 2320 2304 2320 3152 3136 3152 3168 4136 6448 10864 10880 10912 10944 10928 10896 15432 15416 15400 15384 15400 15416 15432 15448 15464 18600 22008 24440 26976 24408 21976 21976 21944 19624 15384 10832 10848 9256 7752 9216 10816 10832 10848 10864 10880 9296 10896 11768 10104 8568 6504 4460 5256 3216 2384 2368 3200 3184 3168 2336 2352 1640 1048 584 264 88 16 32 96 80 64 0 16 80 96 32 48 112 128 64 80 144 656 1088 1072 1056 1040 1024 1040 1056 2336 2320 2304 2320 3152 3136 3152 3168 3184 3200 3216 3696 2800 2384 2368 2352 1672 1120 656 1088 1072 112 48 64 128 144 80 96 112 128 192 368 672 1104 1664 2368 2384 2400 2416 2432 1192 744 424 232 168 232 484 704 1160 2848 
3792 3752 1924 960 992 532 296 232 216 296 488 808 1256 1832 1240 1784 3320 4280 5368 6584 7928 6632 4328 3368 5416 7976 9448 11048 12760 15576 15592 15608 19268 22112 27104 27120 29816 29800 29784 29768 29752 29736 29720 35480 35496 35512 35528 35544 35560 35576 38648 38632 38616 38600 38584 38568 38552 38536 35464 29704 29688 32492 35436 38504 38488 41688 45032 45056 48512 48488 48472 48456 48440 48424 48408 44952 48408 48424 41632 38440 38424 38424 38440 38456 38472 35404 35384 35364 35348 33876 33892 33908 38472 41672 45000 45016 41688 38488 33940 29672 29656 29640 29624 29608 26920 24360 24344 29592 32404 29592 29608 32420 32440 29624 29640 32460 29656 29672 15464 15480 15496 15512 15528 15544 15560 12728 11000 9400 9384 7912 6568 5352 4264 3280 3264 3248 3232 3216 3200 2368 2352 2336 2320 2304 3136 3152 3168 3184 4152 6464 10880 10896 10928 10960 10944 10912 15448 15432 15416 15400 15384 15400 15416 15432 15448 18584 21992 24424 26960 24392 21960 21960 21928 19608 15384 10848 10864 9272 7768 9232 10832 10816 10832 10848 10864 9280 10880 11752 10088 8552 6488 4444 5240 3200 2368 2352 3184 3168 3152 2320 2336 1624 1032 584 280 104 32 48 112 96 80 16 0 64 80 16 32 96 112 48 64 128 640 1072 1056 1040 1024 1040 1056 1072 2352 2336 2320 2304 3136 3152 3168 3184 3200 3216 3232 3712 2816 2400 2384 2368 1688 1136 672 1104 1088 128 64 80 144 160 96 112 128 144 208 384 688 1120 1680 2384 2400 2416 2432 2448 1208 760 440 248 184 248 500 720 1176 2864 
2896 2856 1316 576 608 308 232 296 280 488 808 1256 1832 2536 1816 2488 4280 5368 6584 7928 9400 7976 5416 4328 6632 9448 11048 12776 14616 17624 17640 17656 21540 24544 29792 29808 32632 32616 32600 32584 32568 32552 32536 38552 38568 38584 38600 38616 38632 38648 41848 41832 41816 41800 41784 41768 41752 41736 38536 32520 32504 35436 38508 41704 41688 45016 48488 48512 52096 52072 52056 52040 52024 52008 51992 48408 51992 52008 44960 41640 41624 41624 41640 41656 41672 38476 38456 38436 38420 36884 36900 36916 41672 45000 48456 48472 45016 41688 36948 32488 32472 32456 32440 32424 29608 26920 26904 32408 35348 32408 32424 35364 35384 32440 32456 35404 32472 32488 17512 17528 17544 17560 17576 17592 17608 14584 12728 11000 10984 9384 7912 6568 5352 4240 4224 4208 4192 4176 4160 3200 3184 3168 3152 3136 4096 4112 4128 4144 5240 7808 12608 12624 12656 12688 12672 12640 17496 17480 17464 17448 17432 17448 17464 17480 17496 20824 24424 26984 29648 26952 24392 24392 24360 21912 17432 12576 12592 10872 9240 10832 12560 12544 12560 12576 12592 10880 12608 13544 11752 10088 7832 5564 6456 4160 3200 3184 4144 4128 4112 3152 3168 2328 1608 1032 600 296 96 112 48 32 16 80 64 0 16 80 96 32 48 112 128 64 320 624 608 592 576 592 608 624 1648 1632 1616 1600 2304 2320 2336 2352 2368 2384 2400 2816 2048 1696 1680 1664 1112 688 352 656 640 64 128 144 80 96 160 176 192 208 400 704 1136 1696 2384 3216 3232 3248 3264 3280 1784 1208 760 440 248 184 276 400 728 2096 
2912 2872 1332 592 624 324 248 312 296 504 824 1272 1848 2552 1832 2504 4296 5384 6600 7944 9416 7992 5432 4344 6648 9464 11064 12792 14632 17640 17656 17672 21556 24560 29808 29824 32648 32632 32616 32600 32584 32568 32552 38568 38584 38600 38616 38632 38648 38664 41864 41848 41832 41816 41800 41784 41768 41752 38552 32536 32520 35452 38524 41720 41704 45032 48504 48528 52112 52088 52072 52056 52040 52024 52008 48424 51992 51992 44944 41624 41624 41640 41656 41672 41688 38492 38472 38452 38428 36868 36884 36900 41656 44984 48440 48456 45000 41672 36932 32472 32456 32440 32424 32408 29592 26904 26904 32408 35356 32424 32440 35380 35400 32456 32472 35420 32488 32504 17528 17544 17560 17576 17592 17608 17624 14600 12744 11016 11000 9400 7928 6584 5368 4256 4240 4224 4208 4192 4176 3216 3200 3184 3168 3152 4112 4128 4144 4160 5256 7824 12624 12640 12672 12704 12688 12656 17512 17496 17480 17464 17432 17432 17448 17464 17480 20808 24408 26968 29632 26936 24376 24376 24344 21912 17448 12592 12608 10888 9256 10848 12576 12560 12544 12560 12576 10864 12592 13528 11736 10072 7816 5548 6440 4144 3184 3168 4128 4112 4096 3136 3152 2312 1608 1048 616 312 112 128 64 48 32 96 80 16 0 64 80 16 32 96 112 48 304 608 592 576 592 608 624 640 1664 1648 1632 1616 2320 2336 2352 2368 2384 2400 2416 2832 2064 1712 1696 1680 1128 704 368 672 656 80 144 160 96 112 176 192 208 224 416 720 1152 1712 2400 3232 3248 3264 3280 3296 1800 1224 776 456 264 200 292 416 744 2112 
3808 3768 1940 976 1008 548 312 248 232 312 504 824 1272 1848 1256 1800 3336 4296 5384 6600 7944 6648 4344 3384 5432 7992 9464 11064 12776 15592 15608 15624 19284 22128 27120 27136 29832 29816 29800 29784 29768 29752 29736 35496 35512 35528 35544 35560 35576 35592 38664 38648 38632 38616 38600 38584 38568 38552 35480 29720 29704 32508 35452 38520 38504 41704 45048 45072 48528 48504 48488 48472 48456 48440 48424 44968 48408 48408 41616 38424 38424 38440 38456 38472 38488 35420 35400 35380 35356 33860 33876 33892 38456 41656 44984 45000 41672 38472 33924 29656 29640 29624 29608 29592 26904 24344 24344 29592 32412 29608 29624 32436 32456 29640 29656 32476 29672 29688 15480 15496 15512 15528 15544 15560 15576 12744 11016 9416 9400 7928 6584 5368 4280 3296 3280 3264 3248 3232 3216 2384 2368 2352 2336 2320 3152 3168 3184 3200 4168 6480 10896 10912 10944 10976 10960 10928 15464 15448 15432 15416 15384 15384 15400 15416 15432 18568 21976 24408 26944 24376 21944 21944 21912 19608 15400 10864 10880 9288 7784 9248 10848 10832 10816 10832 10848 9264 10864 11736 10072 8536 6472 4428 5224 3184 2352 2336 3168 3152 3136 2304 2320 1608 1032 600 296 120 48 64 128 112 96 32 16 80 64 0 16 80 96 32 48 112 624 1056 1040 1024 1040 1056 1072 1088 2368 2352 2336 2320 3152 3168 3184 3200 3216 3232 3248 3728 2832 2416 2400 2384 1704 1152 688 1120 1104 144 80 96 160 176 112 128 144 160 224 400 704 1136 1696 2400 2416 2432 2448 2464 1224 776 456 264 200 264 516 736 1192 2880 
3824 3784 1956 992 1024 564 328 264 248 328 520 840 1288 1864 1272 1816 3352 4312 5400 6616 7960 6664 4360 3400 5448 8008 9480 11080 12792 15608 15624 15640 19300 22144 27136 27152 29848 29832 29816 29800 29784 29768 29752 35512 35528 35544 35560 35576 35592 35608 38680 38664 38648 38632 38616 38600 38584 38568 35496 29736 29720 32524 35468 38536 38520 41720 45064 45088 48544 48520 48504 48488 48472 48456 48440 44984 48424 48408 41632 38424 38440 38456 38472 38488 38504 35436 35416 35396 35372 33868 33860 33876 38440 41640 44968 44984 41656 38456 33908 29640 29624 29608 29592 29592 26904 24344 24360 29608 32428 29624 29640 32452 32472 29656 29672 32492 29688 29704 15496 15512 15528 15544 15560 15576 15592 12760 11032 9432 9416 7944 6600 5384 4296 3312 3296 3280 3264 3248 3232 2400 2384 2368 2352 2336 3168 3184 3200 3216 4184 6496 10912 10928 10960 10992 10976 10944 15480 15464 15448 15432 15400 15384 15384 15400 15416 18552 21960 24392 26928 24360 21928 21928 21912 19624 15416 10880 10896 9304 7800 9264 10864 10848 10832 10816 10832 9248 10848 11720 10056 8520 6456 4412 5208 3168 2336 2320 3152 3136 3152 2320 2304 1608 1048 616 312 136 64 80 144 128 112 48 32 96 80 16 0 64 80 16 32 96 608 1040 1024 1040 1056 1072 1088 1104 2384 2368 2352 2336 3168 3184 3200 3216 3232 3248 3264 3744 2848 2432 2416 2400 1720 1168 704 1136 1120 160 96 112 176 192 128 144 160 176 240 416 720 1152 1712 2416 2432 2448 2464 2480 1240 792 472 280 216 280 532 752 1208 2896 
2928 2888 1348 608 640 340 264 328 312 520 840 1288 1864 2568 1848 2520 4312 5400 6616 7960 9432 8008 5448 4360 6664 9480 11080 12808 14648 17656 17672 17688 21572 24576 29824 29840 32664 32648 32632 32616 32600 32584 32568 38584 38600 38616 38632 38648 38664 38680 41880 41864 41848 41832 41816 41800 41784 41768 38568 32552 32536 35468 38540 41736 41720 45048 48520 48544 52128 52104 52088 52072 52056 52040 52024 48440 52008 51992 44960 41624 41640 41656 41672 41688 41704 38508 38488 38468 38444 36876 36868 36884 41640 44968 48424 48440 44984 41656 36916 32456 32440 32424 32408 32408 29592 26904 26920 32424 35372 32440 32456 35396 35416 32472 32488 35436 32504 32520 17544 17560 17576 17592 17608 17624 17640 14616 12760 11032 11016 9416 7944 6600 5384 4272 4256 4240 4224 4208 4192 3232 3216 3200 3184 3168 4128 4144 4160 4176 5272 7840 12640 12656 12688 12720 12704 12672 17528 17512 17496 17480 17448 17432 17432 17448 17464 20792 24392 26952 29616 26920 24360 24360 24344 21928 17464 12608 12624 10904 9272 10864 12592 12576 12560 12544 12560 10848 12576 13512 11720 10056 7800 5532 6424 4128 3168 3152 4112 4096 4112 3152 3136 2312 1624 1064 632 328 128 144 80 64 48 112 96 32 16 80 64 0 16 80 96 32 288 592 576 592 608 624 640 656 1680 1664 1648 1632 2336 2352 2368 2384 2400 2416 2432 2848 2080 1728 1712 1696 1144 720 384 688 672 96 160 176 112 128 192 208 224 240 432 736 1168 1728 2416 3248 3264 3280 3296 3312 1816 1240 792 472 280 216 308 432 760 2128 
2944 2904 1364 624 656 356 280 344 328 536 856 1304 1880 2584 1864 2536 4328 5416 6632 7976 9448 8024 5464 4376 6680 9496 11096 12824 14664 17672 17688 17704 21588 24592 29840 29856 32680 32664 32648 32632 32616 32600 32584 38600 38616 38632 38648 38664 38680 38696 41896 41880 41864 41848 41832 41816 41800 41784 38584 32568 32552 35484 38556 41752 41736 45064 48536 48560 52144 52120 52104 52088 52072 52056 52040 48456 52024 52008 44976 41640 41656 41672 41688 41704 41720 38524 38504 38484 38460 36892 36876 36868 41624 44952 48408 48424 44968 41640 36900 32440 32424 32408 32408 32424 29608 26920 26936 32440 35388 32456 32472 35412 35432 32488 32504 35452 32520 32536 17560 17576 17592 17608 17624 17640 17656 14632 12776 11048 11032 9432 7960 6616 5400 4288 4272 4256 4240 4224 4208 3248 3232 3216 3200 3184 4144 4160 4176 4192 5288 7856 12656 12672 12704 12736 12720 12688 17544 17528 17512 17496 17464 17448 17432 17432 17448 20776 24376 26936 29600 26904 24344 24344 24360 21944 17480 12624 12640 10920 9288 10880 12608 12592 12576 12560 12544 10832 12560 13496 11704 10040 7784 5516 6408 4112 3152 3136 4096 4112 4128 3168 3152 2328 1640 1080 648 344 144 160 96 80 64 128 112 48 32 96 80 16 0 64 80 16 272 576 592 608 624 640 656 672 1696 1680 1664 1648 2352 2368 2384 2400 2416 2432 2448 2864 2096 1744 1728 1712 1160 736 400 704 688 112 176 192 128 144 208 224 240 256 448 752 1184 1744 2432 3264 3280 3296 3312 3328 1832 1256 808 488 296 232 324 448 776 2144 
3840 3800 1972 1008 1040 580 344 280 264 344 536 856 1304 1880 1288 1832 3368 4328 5416 6632 7976 6680 4376 3416 5464 8024 9496 11096 12808 15624 15640 15656 19316 22160 27152 27168 29864 29848 29832 29816 29800 29784 29768 35528 35544 35560 35576 35592 35608 35624 38696 38680 38664 38648 38632 38616 38600 38584 35512 29752 29736 32540 35484 38552 38536 41736 45080 45104 48560 48536 48520 48504 48488 48472 48456 45000 48440 48424 41648 38440 38456 38472 38488 38504 38520 35452 35432 35412 35388 33884 33868 33860 38424 41624 44952 44968 41640 38440 33892 29624 29608 29592 29592 29608 26920 24360 24376 29624 32444 29640 29656 32468 32488 29672 29688 32508 29704 29720 15512 15528 15544 15560 15576 15592 15608 12776 11048 9448 9432 7960 6616 5400 4312 3328 3312 3296 3280 3264 3248 2416 2400 2384 2368 2352 3184 3200 3216 3232 4200 6512 10928 10944 10976 11008 10992 10960 15496 15480 15464 15448 15416 15400 15384 15384 15400 18536 21944 24376 26912 24344 21912 21912 21928 19640 15432 10896 10912 9320 7816 9280 10880 10864 10848 10832 10816 9232 10832 11704 10040 8504 6440 4396 5192 3152 2320 2304 3136 3152 3168 2336 2320 1624 1064 632 328 152 80 96 160 144 128 64 48 112 96 32 16 80 64 0 16 80 592 1024 1040 1056 1072 1088 1104 1120 2400 2384 2368 2352 3184 3200 3216 3232 3248 3264 3280 3760 2864 2448 2432 2416 1736 1184 720 1152 1136 176 112 128 192 208 144 160 176 192 256 432 736 1168 1728 2432 2448 2464 2480 2496 1256 808 488 296 232 296 548 768 1224 2912 
3856 3816 1988 1024 1056 596 360 296 280 360 552 872 1320 1896 1304 1848 3384 4344 5432 6648 7992 6696 4392 3432 5480 8040 9512 11112 12824 15640 15656 15672 19332 22176 27168 27184 29880 29864 29848 29832 29816 29800 29784 35544 35560 35576 35592 35608 35624 35640 38712 38696 38680 38664 38648 38632 38616 38600 35528 29768 29752 32556 35500 38568 38552 41752 45096 45120 48576 48552 48536 48520 48504 48488 48472 45016 48456 48440 41664 38456 38472 38488 38504 38520 38536 35468 35448 35428 35404 33900 33884 33868 38424 41624 44952 44952 41624 38424 33876 29608 29592 29592 29608 29624 26936 24376 24392 29640 32460 29656 29672 32484 32504 29688 29704 32524 29720 29736 15528 15544 15560 15576 15592 15608 15624 12792 11064 9464 9448 7976 6632 5416 4328 3344 3328 3312 3296 3280 3264 2432 2416 2400 2384 2368 3200 3216 3232 3248 4216 6528 10944 10960 10992 11024 11008 10976 15512 15496 15480 15464 15432 15416 15400 15384 15384 18520 21928 24360 26896 24344 21912 21912 21944 19656 15448 10912 10928 9336 7832 9296 10896 10880 10864 10848 10832 9216 10816 11688 10024 8488 6424 4380 5192 3136 2304 2320 3152 3168 3184 2352 2336 1640 1080 648 344 168 96 112 176 160 144 80 64 128 112 48 32 96 80 16 0 64 576 1040 1056 1072 1088 1104 1120 1136 2416 2400 2384 2368 3200 3216 3232 3248 3264 3280 3296 3776 2880 2464 2448 2432 1752 1200 736 1168 1152 192 128 144 208 224 160 176 192 208 272 448 752 1184 1744 2448 2464 2480 2496 2512 1272 824 504 312 248 312 564 784 1240 2928 
2960 2920 1380 640 672 372 296 360 344 552 872 1320 1896 2600 1880 2552 4344 5432 6648 7992 9464 8040 5480 4392 6696 9512 11112 12840 14680 17688 17704 17720 21604 24608 29856 29872 32696 32680 32664 32648 32632 32616 32600 38616 38632 38648 38664 38680 38696 38712 41912 41896 41880 41864 41848 41832 41816 41800 38600 32584 32568 35500 38572 41768 41752 45080 48552 48576 52160 52136 52120 52104 52088 52072 52056 48472 52040 52024 44992 41656 41672 41688 41704 41720 41736 38540 38520 38500 38476 36908 36892 36876 41624 44952 48408 48408 44952 41624 36884 32424 32408 32408 32424 32440 29624 26936 26952 32456 35404 32472 32488 35428 35448 32504 32520 35468 32536 32552 17576 17592 17608 17624 17640 17656 17672 14648 12792 11064 11048 9448 7976 6632 5416 4304 4288 4272 4256 4240 4224 3264 3248 3232 3216 3200 4160 4176 4192 4208 5304 7872 12672 12688 12720 12752 12736 12704 17560 17544 17528 17512 17480 17464 17448 17432 17432 20760 24360 26920 29584 26904 24344 24344 24376 21960 17496 12640 12656 10936 9304 10896 12624 12608 12592 12576 12560 10816 12544 13480 11688 10024 7768 5500 6408 4096 3136 3152 4112 4128 4144 3184 3168 2344 1656 1096 664 360 160 176 112 96 80 144 128 64 48 112 96 32 16 80 64 0 256 592 608 624 640 656 672 688 1712 1696 1680 1664 2368 2384 2400 2416 2432 2448 2464 2880 2112 1760 1744 1728 1176 752 416 720 704 128 192 208 144 160 224 240 256 272 464 768 1200 1760 2448 3280 3296 3312 3328 3344 1848 1272 824 504 312 248 340 464 792 2160 
1552 1512 548 256 288 308 552 872 856 1320 1896 2600 3432 4392 3416 4344 6648 7992 9464 11064 12792 11112 8040 6696 9512 12840 14696 16680 18776 22168 22184 22200 26532 29856 35616 35632 38712 38696 38680 38664 38648 38632 38616 45144 45160 45176 45192 45208 45224 45240 48696 48680 48664 48648 48632 48616 48600 48584 45128 38600 38584 41772 45100 48552 48536 52120 55848 55872 59712 59688 59672 59656 59640 59624 59608 55768 59592 59576 52032 48440 48456 48472 48488 48504 48520 45068 45048 45028 45004 43308 43292 43276 48408 51992 55704 55704 51992 48408 43284 38440 38424 38424 38440 38456 35384 32440 32456 38472 41676 38488 38504 41700 41720 38520 38536 41740 38552 38568 22056 22072 22088 22104 22120 22136 22152 18744 16632 14648 14632 12776 11048 9448 7976 6608 6592 6576 6560 6544 6528 5312 5296 5280 5264 5248 6464 6480 6496 6512 7864 10944 16512 16528 16560 16592 16576 16544 22040 22024 22008 21992 21960 21944 21928 21912 21912 25624 29608 32424 35344 32408 29592 29592 29624 26952 21976 16480 16496 14520 12632 14480 16464 16448 16432 16416 16400 14400 16384 17448 15400 13480 10840 8124 9224 6400 5184 5200 6416 6432 6448 5232 5216 4136 3192 2376 1688 1128 672 688 368 352 336 656 640 320 304 624 608 288 272 592 576 256 0 80 96 112 128 144 160 176 688 672 656 640 1088 1104 1120 1136 1152 1168 1184 1472 960 736 720 704 408 240 160 208 192 384 704 720 400 416 736 752 768 784 1232 1792 2480 3296 4240 5328 5344 5360 5376 5392 3384 2552 1848 1272 824 504 276 208 280 1008 
1024 984 308 240 272 452 856 1304 1288 1880 2584 3416 4376 5464 4360 5416 7976 9448 11048 12776 14632 12824 9496 8024 11096 14680 16664 18776 21000 24584 24600 24616 29172 32656 38672 38688 41896 41880 41864 41848 41832 41816 41800 48584 48600 48616 48632 48648 48664 48680 52264 52248 52232 52216 52200 52184 52168 52152 48568 41784 41768 45084 48540 52120 52104 55816 59672 59696 63664 63640 63624 63608 63592 63576 63560 59592 63544 63528 55728 52008 52024 52040 52056 52072 52088 48508 48488 48468 48444 46684 46668 46660 51992 55704 59544 59560 55720 52008 46692 41656 41640 41624 41624 41640 38440 35368 35384 41656 44988 41672 41688 45012 45032 41704 41720 45052 41736 41752 24472 24488 24504 24520 24536 24552 24568 20968 18728 16616 16600 14616 12760 11032 9432 7936 7920 7904 7888 7872 7856 6512 6496 6480 6464 6448 7792 7808 7824 7840 9320 12656 18608 18624 18656 18688 18672 18640 24456 24440 24424 24408 24376 24360 24344 24344 24360 28264 32440 35384 38432 35352 32408 32408 32424 29624 24392 18576 18592 16488 14472 16448 18560 18544 18528 18512 18496 16400 18512 19640 17464 15416 12584 9644 10824 7760 6416 6400 7744 7760 7776 6432 6416 5208 4136 3192 2376 1688 1104 1120 672 656 640 1088 1072 624 608 1056 1040 592 576 1024 1040 592 80 0 16 32 48 64 80 96 352 336 320 304 624 640 656 672 688 704 720 944 560 400 384 368 200 160 208 128 112 688 1136 1152 704 720 1168 1184 1200 1216 1792 2480 3296 4240 5312 6528 6544 6560 6576 6592 4328 3368 2536 1832 1256 808 420 256 200 608 
1008 968 292 224 256 436 840 1288 1272 1864 2568 3400 4360 5448 4344 5400 7960 9432 11032 12760 14616 12808 9480 8008 11080 14664 16648 18760 20984 24568 24584 24600 29156 32640 38656 38672 41880 41864 41848 41832 41816 41800 41784 48568 48584 48600 48616 48632 48648 48664 52248 52232 52216 52200 52184 52168 52152 52136 48552 41768 41752 45068 48524 52104 52088 55800 59656 59680 63648 63624 63608 63592 63576 63560 63544 59576 63528 63512 55712 51992 52008 52024 52040 52056 52072 48492 48472 48452 48428 46668 46660 46676 52008 55720 59560 59576 55736 52024 46708 41672 41656 41640 41624 41624 38424 35352 35368 41640 44972 41656 41672 44996 45016 41688 41704 45036 41720 41736 24456 24472 24488 24504 24520 24536 24552 20952 18712 16600 16584 14600 12744 11016 9416 7920 7904 7888 7872 7856 7840 6496 6480 6464 6448 6432 7776 7792 7808 7824 9304 12640 18592 18608 18640 18672 18656 18624 24440 24424 24408 24392 24360 24344 24344 24360 24376 28280 32456 35400 38448 35368 32424 32424 32408 29608 24376 18560 18576 16472 14456 16432 18544 18528 18512 18496 18512 16416 18528 19656 17480 15432 12600 9660 10840 7776 6432 6416 7760 7744 7760 6416 6400 5192 4120 3176 2360 1672 1088 1104 656 640 624 1072 1056 608 592 1040 1024 576 592 1040 1056 608 96 16 0 16 32 48 64 80 336 320 304 288 608 624 640 656 672 688 704 928 544 384 368 352 184 144 192 112 96 672 1120 1136 688 704 1152 1168 1184 1200 1776 2464 3280 4224 5296 6512 6528 6544 6560 6576 4312 3352 2520 1816 1240 792 404 240 184 592 
992 952 276 208 240 420 824 1272 1256 1848 2552 3384 4344 5432 4328 5384 7944 9416 11016 12744 14600 12792 9464 7992 11064 14648 16632 18744 20968 24552 24568 24584 29140 32624 38640 38656 41864 41848 41832 41816 41800 41784 41768 48552 48568 48584 48600 48616 48632 48648 52232 52216 52200 52184 52168 52152 52136 52120 48536 41752 41736 45052 48508 52088 52072 55784 59640 59664 63632 63608 63592 63576 63560 63544 63528 59560 63512 63512 55696 51992 51992 52008 52024 52040 52056 48476 48456 48436 48412 46660 46676 46692 52024 55736 59576 59592 55752 52040 46724 41688 41672 41656 41640 41624 38424 35352 35352 41624 44956 41640 41656 44980 45000 41672 41688 45020 41704 41720 24440 24456 24472 24488 24504 24520 24536 20936 18696 16584 16568 14584 12728 11000 9400 7904 7888 7872 7856 7840 7824 6480 6464 6448 6432 6416 7760 7776 7792 7808 9288 12624 18576 18592 18624 18656 18640 18608 24424 24408 24392 24376 24344 24344 24360 24376 24392 28296 32472 35416 38464 35384 32440 32440 32408 29592 24360 18544 18560 16456 14440 16416 18528 18512 18496 18512 18528 16432 18544 19672 17496 15448 12616 9676 10856 7792 6448 6432 7776 7760 7744 6400 6416 5192 4104 3160 2344 1656 1072 1088 640 624 608 1056 1040 592 576 1024 1040 592 608 1056 1072 624 112 32 16 0 16 32 48 64 320 304 288 272 592 608 624 640 656 672 688 912 528 368 352 336 168 128 176 96 80 656 1104 1120 672 688 1136 1152 1168 1184 1760 2448 3264 4208 5280 6496 6512 6528 6544 6560 4296 3336 2504 1800 1224 776 388 224 168 576 
976 936 260 192 224 404 808 1256 1240 1832 2536 3368 4328 5416 4312 5368 7928 9400 11000 12728 14584 12776 9448 7976 11048 14632 16616 18728 20952 24536 24552 24568 29124 32608 38624 38640 41848 41832 41816 41800 41784 41768 41752 48536 48552 48568 48584 48600 48616 48632 52216 52200 52184 52168 52152 52136 52120 52104 48520 41736 41720 45036 48492 52072 52056 55768 59624 59648 63616 63592 63576 63560 63544 63528 63512 59544 63512 63528 55712 52008 51992 51992 52008 52024 52040 48460 48440 48420 48404 46676 46692 46708 52040 55752 59592 59608 55768 52056 46740 41704 41688 41672 41656 41640 38440 35368 35352 41624 44948 41624 41640 44964 44984 41656 41672 45004 41688 41704 24424 24440 24456 24472 24488 24504 24520 20920 18680 16568 16552 14568 12712 10984 9384 7888 7872 7856 7840 7824 7808 6464 6448 6432 6416 6400 7744 7760 7776 7792 9272 12608 18560 18576 18608 18640 18624 18592 24408 24392 24376 24360 24344 24360 24376 24392 24408 28312 32488 35432 38480 35400 32456 32456 32424 29592 24344 18528 18544 16440 14424 16400 18512 18496 18512 18528 18544 16448 18560 19688 17512 15464 12632 9692 10872 7808 6464 6448 7792 7776 7760 6416 6432 5208 4104 3144 2328 1640 1056 1072 624 608 592 1040 1024 576 592 1040 1056 608 624 1072 1088 640 128 48 32 16 0 16 32 48 304 288 272 256 576 592 608 624 640 656 672 896 512 352 336 320 152 112 160 80 64 640 1088 1104 656 672 1120 1136 1152 1168 1744 2432 3248 4192 5264 6480 6496 6512 6528 6544 4280 3320 2488 1784 1208 760 372 208 152 560 
960 920 244 176 208 388 792 1240 1224 1816 2520 3352 4312 5400 4296 5352 7912 9384 10984 12712 14568 12760 9432 7960 11032 14616 16600 18712 20936 24520 24536 24552 29108 32592 38608 38624 41832 41816 41800 41784 41768 41752 41736 48520 48536 48552 48568 48584 48600 48616 52200 52184 52168 52152 52136 52120 52104 52088 48504 41720 41704 45020 48476 52056 52040 55752 59608 59632 63600 63576 63560 63544 63528 63512 63512 59544 63528 63544 55728 52024 52008 51992 51992 52008 52024 48444 48424 48404 48420 46692 46708 46724 52056 55768 59608 59624 55784 52072 46756 41720 41704 41688 41672 41656 38456 35384 35368 41640 44964 41624 41624 44948 44968 41640 41656 44988 41672 41688 24408 24424 24440 24456 24472 24488 24504 20904 18664 16552 16536 14552 12696 10968 9368 7872 7856 7840 7824 7808 7792 6448 6432 6416 6400 6416 7760 7744 7760 7776 9256 12592 18544 18560 18592 18624 18608 18576 24392 24376 24360 24344 24360 24376 24392 24408 24424 28328 32504 35448 38496 35416 32472 32472 32440 29608 24344 18512 18528 16424 14408 16384 18496 18512 18528 18544 18560 16464 18576 19704 17528 15480 12648 9708 10888 7824 6480 6464 7808 7792 7776 6432 6448 5224 4120 3144 2312 1624 1040 1056 608 592 576 1024 1040 592 608 1056 1072 624 640 1088 1104 656 144 64 48 32 16 0 16 32 288 272 256 272 592 576 592 608 624 640 656 880 496 336 320 304 136 96 144 64 48 624 1072 1088 640 656 1104 1120 1136 1152 1728 2416 3232 4176 5248 6464 6480 6496 6512 6528 4264 3304 2472 1768 1192 744 356 192 136 544 
944 904 228 160 192 372 776 1224 1208 1800 2504 3336 4296 5384 4280 5336 7896 9368 10968 12696 14552 12744 9416 7944 11016 14600 16584 18696 20920 24504 24520 24536 29092 32576 38592 38608 41816 41800 41784 41768 41752 41736 41720 48504 48520 48536 48552 48568 48584 48600 52184 52168 52152 52136 52120 52104 52088 52072 48488 41704 41688 45004 48460 52040 52024 55736 59592 59616 63584 63560 63544 63528 63512 63512 63528 59560 63544 63560 55744 52040 52024 52008 51992 51992 52008 48428 48408 48412 48436 46708 46724 46740 52072 55784 59624 59640 55800 52088 46772 41736 41720 41704 41688 41672 38472 35400 35384 41656 44980 41640 41624 44956 44952 41624 41640 44972 41656 41672 24392 24408 24424 24440 24456 24472 24488 20888 18648 16536 16520 14536 12680 10952 9352 7856 7840 7824 7808 7792 7776 6432 6416 6400 6416 6432 7776 7760 7744 7760 9240 12576 18528 18544 18576 18608 18592 18560 24376 24360 24344 24344 24376 24392 24408 24424 24440 28344 32520 35464 38512 35432 32488 32488 32456 29624 24360 18496 18512 16408 14408 16400 18512 18528 18544 18560 18576 16480 18592 19720 17544 15496 12664 9724 10904 7840 6496 6480 7824 7808 7792 6448 6464 5240 4136 3160 2312 1608 1024 1040 592 576 592 1040 1056 608 624 1072 1088 640 656 1104 1120 672 160 80 64 48 32 16 0 16 272 256 272 288 608 592 576 592 608 624 640 864 480 320 304 288 120 80 128 48 32 608 1056 1072 624 640 1088 1104 1120 1136 1712 2400 3216 4160 5232 6448 6464 6480 6496 6512 4248 3288 2456 1752 1176 728 340 176 120 528 
928 888 212 144 176 356 760 1208 1192 1784 2488 3320 4280 5368 4264 5320 7880 9352 10952 12680 14536 12728 9400 7928 11000 14584 16568 18680 20904 24488 24504 24520 29076 32560 38576 38592 41800 41784 41768 41752 41736 41720 41704 48488 48504 48520 48536 48552 48568 48584 52168 52152 52136 52120 52104 52088 52072 52056 48472 41688 41672 44988 48444 52024 52008 55720 59576 59600 63568 63544 63528 63512 63512 63528 63544 59576 63560 63576 55760 52056 52040 52024 52008 51992 51992 48412 48408 48428 48452 46724 46740 46756 52088 55800 59640 59656 55816 52104 46788 41752 41736 41720 41704 41688 38488 35416 35400 41672 44996 41656 41640 44972 44952 41624 41624 44956 41640 41656 24376 24392 24408 24424 24440 24456 24472 20872 18632 16520 16504 14520 12664 10936 9336 7840 7824 7808 7792 7776 7760 6416 6400 6416 6432 6448 7792 7776 7760 7744 9224 12560 18512 18528 18560 18592 18576 18544 24360 24344 24344 24360 24392 24408 24424 24440 24456 28360 32536 35480 38528 35448 32504 32504 32472 29640 24376 18512 18496 16392 14424 16416 18528 18544 18560 18576 18592 16496 18608 19736 17560 15512 12680 9740 10920 7856 6512 6496 7840 7824 7808 6464 6480 5256 4152 3176 2328 1608 1040 1024 576 592 608 1056 1072 624 640 1088 1104 656 672 1120 1136 688 176 96 80 64 48 32 16 0 256 272 288 304 624 608 592 576 592 608 624 848 464 304 288 272 104 64 112 32 16 592 1040 1056 608 624 1072 1088 1104 1120 1696 2384 3200 4144 5216 6432 6448 6464 6480 6496 4232 3272 2440 1736 1160 712 324 160 104 512 
288 248 148 528 560 1060 1784 2488 2472 3320 4280 5368 6584 7928 6568 7880 10952 12680 14536 16520 18632 16568 12728 11000 14584 18680 20920 23288 25768 29736 29752 29768 34772 38576 45104 45120 48584 48568 48552 48536 48520 48504 48488 55784 55800 55816 55832 55848 55864 55880 59720 59704 59688 59672 59656 59640 59624 59608 55768 48472 48456 52028 55740 59576 59560 63528 67640 67664 71888 71864 71848 71832 71832 71848 71864 67640 71880 71896 63568 59608 59592 59576 59560 59544 59544 55708 55704 55724 55748 53892 53908 53924 59640 63608 67704 67720 63624 59656 53956 48536 48520 48504 48488 48472 45016 41688 41672 48456 52036 48440 48424 52012 51992 48408 48408 51996 48424 48440 29624 29640 29656 29672 29688 29704 29720 25736 23240 20872 20856 18616 16504 14520 12664 10912 10896 10880 10864 10848 10832 9232 9216 9232 9248 9264 10864 10848 10832 10816 12552 16400 23120 23136 23168 23200 23184 23152 29608 29592 29592 29608 29640 29656 29672 29688 29704 33992 38552 41752 45056 41720 38520 38520 38488 35400 29624 23120 23104 20744 18520 20768 23136 23152 23168 23184 23200 20848 23216 24472 22040 19736 16520 13132 14504 10928 9328 9312 10912 10896 10880 9280 9296 7816 6456 5224 4120 3144 2320 2304 1600 1616 1632 2336 2352 1648 1664 2368 2384 1680 1696 2400 2416 1712 688 352 336 320 304 288 272 256 0 16 32 48 112 96 80 64 80 96 112 208 80 48 32 16 104 320 624 288 272 1616 2320 2336 1632 1648 2352 2368 2384 2400 3232 4176 5248 6448 7776 9248 9264 9280 9296 9312 6536 5320 4232 3272 2440 1736 1028 672 360 128 
304 264 164 544 576 1076 1800 2504 2488 3336 4296 5384 6600 7944 6584 7896 10968 12696 14552 16536 18648 16584 12744 11016 14600 18696 20936 23304 25784 29752 29768 29784 34788 38592 45120 45136 48600 48584 48568 48552 48536 48520 48504 55800 55816 55832 55848 55864 55880 55896 59736 59720 59704 59688 59672 59656 59640 59624 55784 48488 48472 52044 55756 59592 59576 63544 67656 67680 71904 71880 71864 71848 71832 71832 71848 67624 71864 71880 63552 59592 59576 59560 59544 59544 59560 55724 55704 55708 55732 53876 53892 53908 59624 63592 67688 67704 63608 59640 53940 48520 48504 48488 48472 48456 45000 41672 41656 48440 52020 48424 48408 51996 51992 48408 48424 52012 48440 48456 29640 29656 29672 29688 29704 29720 29736 25752 23256 20888 20872 18632 16520 14536 12680 10928 10912 10896 10880 10864 10848 9248 9232 9216 9232 9248 10848 10832 10816 10832 12568 16416 23136 23152 23184 23216 23200 23168 29624 29608 29592 29592 29624 29640 29656 29672 29688 33976 38536 41736 45040 41704 38504 38504 38472 35384 29608 23104 23120 20760 18504 20752 23120 23136 23152 23168 23184 20832 23200 24456 22024 19720 16504 13116 14488 10912 9312 9296 10896 10880 10864 9264 9280 7800 6440 5208 4104 3144 2304 2320 1616 1600 1616 2320 2336 1632 1648 2352 2368 1664 1680 2384 2400 1696 672 336 320 304 288 272 256 272 16 0 16 32 96 80 64 80 96 112 128 224 96 64 48 32 120 336 640 304 288 1632 2336 2352 1648 1664 2368 2384 2400 2416 3248 4192 5264 6464 7792 9264 9280 9296 9312 9328 6552 5336 4248 3288 2456 1752 1044 688 376 144 
320 280 180 560 592 1092 1816 2520 2504 3352 4312 5400 6616 7960 6600 7912 10984 12712 14568 16552 18664 16600 12760 11032 14616 18712 20952 23320 25800 29768 29784 29800 34804 38608 45136 45152 48616 48600 48584 48568 48552 48536 48520 55816 55832 55848 55864 55880 55896 55912 59752 59736 59720 59704 59688 59672 59656 59640 55800 48504 48488 52060 55772 59608 59592 63560 67672 67696 71920 71896 71880 71864 71848 71832 71832 67608 71848 71864 63536 59576 59560 59544 59544 59560 59576 55740 55720 55700 55716 53860 53876 53892 59608 63576 67672 67688 63592 59624 53924 48504 48488 48472 48456 48440 44984 41656 41640 48424 52004 48408 48408 51988 52008 48424 48440 52028 48456 48472 29656 29672 29688 29704 29720 29736 29752 25768 23272 20904 20888 18648 16536 14552 12696 10944 10928 10912 10896 10880 10864 9264 9248 9232 9216 9232 10832 10816 10832 10848 12584 16432 23152 23168 23200 23232 23216 23184 29640 29624 29608 29592 29608 29624 29640 29656 29672 33960 38520 41720 45024 41688 38488 38488 38456 35368 29592 23120 23136 20776 18504 20736 23104 23120 23136 23152 23168 20816 23184 24440 22008 19704 16488 13100 14472 10896 9296 9280 10880 10864 10848 9248 9264 7784 6424 5192 4104 3160 2320 2336 1632 1616 1600 2304 2320 1616 1632 2336 2352 1648 1664 2368 2384 1680 656 320 304 288 272 256 272 288 32 16 0 16 80 64 80 96 112 128 144 240 112 80 64 48 136 352 656 320 304 1648 2352 2368 1664 1680 2384 2400 2416 2432 3264 4208 5280 6480 7808 9280 9296 9312 9328 9344 6568 5352 4264 3304 2472 1768 1060 704 392 160 
336 296 196 576 608 1108 1832 2536 2520 3368 4328 5416 6632 7976 6616 7928 11000 12728 14584 16568 18680 16616 12776 11048 14632 18728 20968 23336 25816 29784 29800 29816 34820 38624 45152 45168 48632 48616 48600 48584 48568 48552 48536 55832 55848 55864 55880 55896 55912 55928 59768 59752 59736 59720 59704 59688 59672 59656 55816 48520 48504 52076 55788 59624 59608 63576 67688 67712 71936 71912 71896 71880 71864 71848 71832 67608 71832 71848 63520 59560 59544 59544 59560 59576 59592 55756 55736 55716 55700 53844 53860 53876 59592 63560 67656 67672 63576 59608 53908 48488 48472 48456 48440 48424 44968 41640 41624 48408 51988 48408 48424 52004 52024 48440 48456 52044 48472 48488 29672 29688 29704 29720 29736 29752 29768 25784 23288 20920 20904 18664 16552 14568 12712 10960 10944 10928 10912 10896 10880 9280 9264 9248 9232 9216 10816 10832 10848 10864 12600 16448 23168 23184 23216 23248 23232 23200 29656 29640 29624 29608 29592 29608 29624 29640 29656 33944 38504 41704 45008 41672 38472 38472 38440 35352 29592 23136 23152 20792 18520 20752 23120 23104 23120 23136 23152 20800 23168 24424 21992 19688 16472 13084 14456 10880 9280 9264 10864 10848 10832 9232 9248 7768 6408 5192 4120 3176 2336 2352 1648 1632 1616 2320 2304 1600 1616 2320 2336 1632 1648 2352 2368 1664 640 304 288 272 256 272 288 304 48 32 16 0 64 80 96 112 128 144 160 256 128 96 80 64 152 368 672 336 320 1664 2368 2384 1680 1696 2400 2416 2432 2448 3280 4224 5296 6496 7824 9296 9312 9328 9344 9360 6584 5368 4280 3320 2488 1784 1076 720 408 176 
208 168 356 960 992 1652 2536 3368 3352 4328 5416 6632 7976 9448 7960 9400 12728 14584 16568 18680 20920 18728 14632 12776 16616 20968 23336 25832 28440 32600 32616 32632 37860 41824 48608 48624 52216 52200 52184 52168 52152 52136 52120 59672 59688 59704 59720 59736 59752 59768 63736 63720 63704 63688 63672 63656 63640 63624 59656 52104 52088 55788 59628 63592 63576 67672 71912 71936 76288 76264 76248 76232 76216 76200 76184 71832 76184 76200 67616 63528 63512 63512 63528 63544 63560 59596 59576 59556 59540 57620 57636 57652 63560 67656 71880 71896 67672 63576 57684 52072 52056 52040 52024 52008 48424 44968 44952 51992 55700 51992 52008 55716 55736 52024 52040 55756 52056 52072 32488 32504 32520 32536 32552 32568 32584 28408 25784 23288 23272 20904 18664 16552 14568 12688 12672 12656 12640 12624 12608 10880 10864 10848 10832 10816 12544 12560 12576 12592 14456 18560 25664 25680 25712 25744 25728 25696 32472 32456 32440 32424 32408 32424 32440 32456 32472 36952 41704 45032 48464 45000 41672 41672 41640 38424 32408 25632 25648 23160 20760 23120 25616 25600 25616 25632 25648 23168 25664 26984 24424 21992 18584 14972 16440 12608 10880 10864 12592 12576 12560 10832 10848 9240 7752 6408 5208 4136 3168 3184 2352 2336 2320 3152 3136 2304 2320 3152 3168 2336 2352 3184 3200 2368 1088 624 608 592 576 592 608 624 112 96 80 64 0 16 32 48 64 80 96 128 128 160 144 128 344 688 1120 656 640 2368 3200 3216 2384 2400 3232 3248 3264 3280 4240 5312 6512 7840 9296 10896 10912 10928 10944 10960 7928 6584 5368 4280 3320 2488 1620 1168 728 176 
192 152 340 944 976 1636 2520 3352 3336 4312 5400 6616 7960 9432 7944 9384 12712 14568 16552 18664 20904 18712 14616 12760 16600 20952 23320 25816 28424 32584 32600 32616 37844 41808 48592 48608 52200 52184 52168 52152 52136 52120 52104 59656 59672 59688 59704 59720 59736 59752 63720 63704 63688 63672 63656 63640 63624 63608 59640 52088 52072 55772 59612 63576 63560 67656 71896 71920 76272 76248 76232 76216 76200 76184 76184 71832 76200 76216 67632 63544 63528 63512 63512 63528 63544 59580 59560 59540 59556 57636 57652 57668 63576 67672 71896 71912 67688 63592 57700 52088 52072 52056 52040 52024 48440 44984 44968 52008 55716 51992 51992 55700 55720 52008 52024 55740 52040 52056 32472 32488 32504 32520 32536 32552 32568 28392 25768 23272 23256 20888 18648 16536 14552 12672 12656 12640 12624 12608 12592 10864 10848 10832 10816 10832 12560 12544 12560 12576 14440 18544 25648 25664 25696 25728 25712 25680 32456 32440 32424 32408 32424 32440 32456 32472 32488 36968 41720 45048 48480 45016 41688 41688 41656 38440 32408 25616 25632 23144 20744 23104 25600 25616 25632 25648 25664 23184 25680 27000 24440 22008 18600 14988 16456 12624 10896 10880 12608 12592 12576 10848 10864 9256 7768 6408 5192 4120 3152 3168 2336 2320 2304 3136 3152 2320 2336 3168 3184 2352 2368 3200 3216 2384 1104 640 624 608 592 576 592 608 96 80 64 80 16 0 16 32 48 64 80 112 112 144 128 112 328 672 1104 640 624 2352 3184 3200 2368 2384 3216 3232 3248 3264 4224 5296 6496 7824 9280 10880 10896 10912 10928 10944 7912 6568 5352 4264 3304 2472 1604 1152 712 160 
176 136 324 928 960 1620 2504 3336 3320 4296 5384 6600 7944 9416 7928 9368 12696 14552 16536 18648 20888 18696 14600 12744 16584 20936 23304 25800 28408 32568 32584 32600 37828 41792 48576 48592 52184 52168 52152 52136 52120 52104 52088 59640 59656 59672 59688 59704 59720 59736 63704 63688 63672 63656 63640 63624 63608 63592 59624 52072 52056 55756 59596 63560 63544 67640 71880 71904 76256 76232 76216 76200 76184 76184 76200 71848 76216 76232 67648 63560 63544 63528 63512 63512 63528 59564 59544 59548 59572 57652 57668 57684 63592 67688 71912 71928 67704 63608 57716 52104 52088 52072 52056 52040 48456 45000 44984 52024 55732 52008 51992 55708 55704 51992 52008 55724 52024 52040 32456 32472 32488 32504 32520 32536 32552 28376 25752 23256 23240 20872 18632 16520 14536 12656 12640 12624 12608 12592 12576 10848 10832 10816 10832 10848 12576 12560 12544 12560 14424 18528 25632 25648 25680 25712 25696 25664 32440 32424 32408 32408 32440 32456 32472 32488 32504 36984 41736 45064 48496 45032 41704 41704 41672 38456 32424 25600 25616 23128 20744 23120 25616 25632 25648 25664 25680 23200 25696 27016 24456 22024 18616 15004 16472 12640 10912 10896 12624 12608 12592 10864 10880 9272 7784 6424 5192 4104 3136 3152 2320 2304 2320 3152 3168 2336 2352 3184 3200 2368 2384 3216 3232 2400 1120 656 640 624 608 592 576 592 80 64 80 96 32 16 0 16 32 48 64 96 96 128 112 96 312 656 1088 624 608 2336 3168 3184 2352 2368 3200 3216 3232 3248 4208 5280 6480 7808 9264 10864 10880 10896 10912 10928 7896 6552 5336 4248 3288 2456 1588 1136 696 144 
160 120 308 912 944 1604 2488 3320 3304 4280 5368 6584 7928 9400 7912 9352 12680 14536 16520 18632 20872 18680 14584 12728 16568 20920 23288 25784 28392 32552 32568 32584 37812 41776 48560 48576 52168 52152 52136 52120 52104 52088 52072 59624 59640 59656 59672 59688 59704 59720 63688 63672 63656 63640 63624 63608 63592 63576 59608 52056 52040 55740 59580 63544 63528 67624 71864 71888 76240 76216 76200 76184 76184 76200 76216 71864 76232 76248 67664 63576 63560 63544 63528 63512 63512 59548 59544 59564 59588 57668 57684 57700 63608 67704 71928 71944 67720 63624 57732 52120 52104 52088 52072 52056 48472 45016 45000 52040 55748 52024 52008 55724 55704 51992 51992 55708 52008 52024 32440 32456 32472 32488 32504 32520 32536 28360 25736 23240 23224 20856 18616 16504 14520 12640 12624 12608 12592 12576 12560 10832 10816 10832 10848 10864 12592 12576 12560 12544 14408 18512 25616 25632 25664 25696 25680 25648 32424 32408 32408 32424 32456 32472 32488 32504 32520 37000 41752 45080 48512 45048 41720 41720 41688 38472 32440 25616 25600 23112 20760 23136 25632 25648 25664 25680 25696 23216 25712 27032 24472 22040 18632 15020 16488 12656 10928 10912 12640 12624 12608 10880 10896 9288 7800 6440 5208 4104 3152 3136 2304 2320 2336 3168 3184 2352 2368 3200 3216 2384 2400 3232 3248 2416 1136 672 656 640 624 608 592 576 64 80 96 112 48 32 16 0 16 32 48 80 80 112 96 80 296 640 1072 608 592 2320 3152 3168 2336 2352 3184 3200 3216 3232 4192 5264 6464 7792 9248 10848 10864 10880 10896 10912 7880 6536 5320 4232 3272 2440 1572 1120 680 128 
144 104 292 896 928 1588 2472 3304 3288 4264 5352 6568 7912 9384 7896 9336 12664 14520 16504 18616 20856 18664 14568 12712 16552 20904 23272 25768 28376 32536 32552 32568 37796 41760 48544 48560 52152 52136 52120 52104 52088 52072 52056 59608 59624 59640 59656 59672 59688 59704 63672 63656 63640 63624 63608 63592 63576 63560 59592 52040 52024 55724 59564 63528 63512 67608 71848 71872 76224 76200 76184 76184 76200 76216 76232 71880 76248 76264 67680 63592 63576 63560 63544 63528 63512 59540 59560 59580 59604 57684 57700 57716 63624 67720 71944 71960 67736 63640 57748 52136 52120 52104 52088 52072 48488 45032 45016 52056 55764 52040 52024 55740 55720 52008 51992 55700 51992 52008 32424 32440 32456 32472 32488 32504 32520 28344 25720 23224 23208 20840 18600 16488 14504 12624 12608 12592 12576 12560 12544 10816 10832 10848 10864 10880 12608 12592 12576 12560 14408 18496 25600 25616 25648 25680 25664 25632 32408 32408 32424 32440 32472 32488 32504 32520 32536 37016 41768 45096 48528 45064 41736 41736 41704 38488 32456 25632 25616 23112 20776 23152 25648 25664 25680 25696 25712 23232 25728 27048 24488 22056 18648 15036 16504 12672 10944 10928 12656 12640 12624 10896 10912 9304 7816 6456 5224 4120 3168 3152 2320 2336 2352 3184 3200 2368 2384 3216 3232 2400 2416 3248 3264 2432 1152 688 672 656 640 624 608 592 80 96 112 128 64 48 32 16 0 16 32 64 64 96 80 64 280 624 1056 592 576 2304 3136 3152 2320 2336 3168 3184 3200 3216 4176 5248 6448 7776 9232 10832 10848 10864 10880 10896 7864 6520 5304 4216 3256 2424 1556 1104 664 112 
128 88 276 880 912 1572 2456 3288 3272 4248 5336 6552 7896 9368 7880 9320 12648 14504 16488 18600 20840 18648 14552 12696 16536 20888 23256 25752 28360 32520 32536 32552 37780 41744 48528 48544 52136 52120 52104 52088 52072 52056 52040 59592 59608 59624 59640 59656 59672 59688 63656 63640 63624 63608 63592 63576 63560 63544 59576 52024 52008 55708 59548 63512 63512 67608 71832 71856 76208 76184 76184 76200 76216 76232 76248 71896 76264 76280 67696 63608 63592 63576 63560 63544 63528 59556 59576 59596 59620 57700 57716 57732 63640 67736 71960 71976 67752 63656 57764 52152 52136 52120 52104 52088 48504 45048 45032 52072 55780 52056 52040 55756 55736 52024 52008 55716 51992 51992 32408 32424 32440 32456 32472 32488 32504 28328 25704 23208 23192 20824 18584 16472 14488 12608 12592 12576 12560 12544 12560 10832 10848 10864 10880 10896 12624 12608 12592 12576 14424 18512 25616 25600 25632 25664 25648 25616 32408 32424 32440 32456 32488 32504 32520 32536 32552 37032 41784 45112 48544 45080 41752 41752 41720 38504 32472 25648 25632 23128 20792 23168 25664 25680 25696 25712 25728 23248 25744 27064 24504 22072 18664 15052 16520 12688 10960 10944 12672 12656 12640 10912 10928 9320 7832 6472 5240 4136 3184 3168 2336 2352 2368 3200 3216 2384 2400 3232 3248 2416 2432 3264 3280 2448 1168 704 688 672 656 640 624 608 96 112 128 144 80 64 48 32 16 0 16 48 48 80 64 80 264 608 1040 576 592 2320 3152 3136 2304 2320 3152 3168 3184 3200 4160 5232 6432 7760 9216 10816 10832 10848 10864 10880 7848 6504 5288 4200 3240 2408 1540 1088 648 96 
112 72 260 864 896 1556 2440 3272 3256 4232 5320 6536 7880 9352 7864 9304 12632 14488 16472 18584 20824 18632 14536 12680 16520 20872 23240 25736 28344 32504 32520 32536 37764 41728 48512 48528 52120 52104 52088 52072 52056 52040 52024 59576 59592 59608 59624 59640 59656 59672 63640 63624 63608 63592 63576 63560 63544 63528 59560 52008 51992 55700 59540 63512 63528 67624 71832 71840 76192 76184 76200 76216 76232 76248 76264 71912 76280 76296 67712 63624 63608 63592 63576 63560 63544 59572 59592 59612 59636 57716 57732 57748 63656 67752 71976 71992 67768 63672 57780 52168 52152 52136 52120 52104 48520 45064 45048 52088 55796 52072 52056 55772 55752 52040 52024 55732 52008 51992 32408 32408 32424 32440 32456 32472 32488 28312 25688 23192 23176 20808 18568 16456 14472 12592 12576 12560 12544 12560 12576 10848 10864 10880 10896 10912 12640 12624 12608 12592 14440 18528 25632 25616 25616 25648 25632 25600 32424 32440 32456 32472 32504 32520 32536 32552 32568 37048 41800 45128 48560 45096 41768 41768 41736 38520 32488 25664 25648 23144 20808 23184 25680 25696 25712 25728 25744 23264 25760 27080 24520 22088 18680 15068 16536 12704 10976 10960 12688 12672 12656 10928 10944 9336 7848 6488 5256 4152 3200 3184 2352 2368 2384 3216 3232 2400 2416 3248 3264 2432 2448 3280 3296 2464 1184 720 704 688 672 656 640 624 112 128 144 160 96 80 64 48 32 16 0 32 32 64 80 96 264 592 1024 592 608 2336 3168 3152 2320 2304 3136 3152 3168 3184 4144 5216 6416 7744 9232 10832 10816 10832 10848 10864 7832 6488 5272 4184 3224 2392 1524 1072 632 80 
80 40 372 1088 1120 1860 2824 3720 3704 4744 5896 7176 8584 10120 8568 10072 13528 15448 17496 19672 21976 19720 15496 13576 17544 22024 24456 27016 29688 33944 33960 33976 39316 43360 50272 50288 53944 53928 53912 53896 53880 53864 53848 61528 61544 61560 61576 61592 61608 61624 65656 65640 65624 65608 65592 65576 65560 65544 61512 53832 53832 57620 61524 65560 65576 69736 74008 73984 78400 78424 78440 78456 78472 78488 78504 74088 78520 78536 69824 65672 65656 65640 65624 65608 65592 61556 61576 61596 61620 59668 59684 59700 65704 69864 74152 74168 69880 65720 59732 54024 54008 53992 53976 53960 50312 46792 46776 53944 57716 53928 53912 57692 57672 53896 53880 57652 53864 53848 33880 33864 33864 33880 33896 33912 33928 29656 26968 24408 24392 21960 19656 17480 15432 13488 13472 13456 13472 13488 13504 11712 11728 11744 11760 11776 13568 13552 13536 13520 15432 19648 26944 26928 26896 26928 26912 26912 33896 33912 33928 33944 33976 33992 34008 34024 34040 38616 43464 46856 50352 46824 43432 43432 43400 40120 33960 26976 26960 24392 21992 24432 26992 27008 27024 27040 27056 24512 27072 28424 25800 23304 19800 16076 17592 13632 11840 11824 13616 13600 13584 11792 11808 10136 8584 7160 5864 4696 3680 3664 2768 2784 2800 3696 3712 2816 2832 3728 3744 2848 2864 3760 3776 2880 1472 944 928 912 896 880 864 848 208 224 240 256 128 112 96 80 64 48 32 0 64 160 176 192 424 784 1312 816 832 2752 3648 3632 2736 2720 3616 3600 3616 3632 4656 5792 7056 8480 10032 11696 11680 11664 11680 11696 8536 7128 5848 4696 3672 2776 1828 1328 824 112 
144 104 148 640 672 1252 2056 2824 2808 3720 4744 5896 7176 8584 7160 8536 11736 13528 15448 17496 19672 17544 13576 11784 15496 19720 22024 24456 27000 31064 31080 31096 36212 40096 46752 46768 50296 50280 50264 50248 50232 50216 50200 57624 57640 57656 57672 57688 57704 57720 61624 61608 61592 61576 61560 61544 61528 61512 57608 50184 50184 53844 57620 61528 61544 65576 69720 69696 73984 74008 74024 74040 74056 74072 74088 69800 74104 74120 65664 61640 61624 61608 61592 61576 61560 57652 57672 57692 57716 55828 55844 55860 61672 65704 69864 69880 65720 61688 55892 50376 50360 50344 50328 50312 46792 43400 43384 50296 53940 50280 50264 53916 53896 50248 50232 53876 50216 50200 31000 30984 30984 31000 31016 31032 31048 26968 24408 21976 21960 19656 17480 15432 13512 11696 11680 11664 11680 11696 11712 10048 10064 10080 10096 10112 11776 11760 11744 11728 13512 17472 24384 24368 24336 24368 24352 24352 31016 31032 31048 31064 31096 31112 31128 31144 31160 35544 40200 43464 46832 43432 40168 40168 40136 36984 31080 24416 24400 21960 19688 22000 24432 24448 24464 24480 24496 22080 24512 25800 23304 20936 17624 14124 15544 11840 10176 10160 11824 11808 11792 10128 10144 8600 7176 5880 4712 3672 2784 2768 2000 2016 2032 2800 2816 2048 2064 2832 2848 2080 2096 2864 2880 2112 960 560 544 528 512 496 480 464 80 96 112 128 128 112 96 80 64 48 32 64 0 32 48 64 168 400 800 432 448 1984 2752 2736 1968 1952 2720 2704 2720 2736 3632 4640 5776 7072 8496 10032 10016 10000 10016 10032 7128 5848 4696 3672 2776 2008 1220 816 440 48 
240 200 100 480 512 1012 1736 2440 2424 3272 4232 5320 6536 7880 6520 7832 10904 12632 14488 16472 18584 16520 12680 10952 14536 18632 20872 23240 25720 29688 29704 29720 34724 38528 45056 45072 48536 48520 48504 48488 48472 48456 48440 55736 55752 55768 55784 55800 55816 55832 59672 59656 59640 59624 59608 59592 59576 59560 55720 48424 48408 51988 55700 59544 59560 63528 67608 67616 71840 71832 71848 71864 71880 71896 71912 67688 71928 71944 63616 59656 59640 59624 59608 59592 59576 55732 55752 55772 55796 53940 53956 53972 59688 63656 67752 67768 63672 59704 54004 48584 48568 48552 48536 48520 45064 41736 41720 48504 52084 48488 48472 52060 52040 48456 48440 52020 48424 48408 29592 29592 29608 29624 29640 29656 29672 25688 23192 20824 20808 18568 16456 14472 12616 10864 10848 10832 10816 10832 10848 9248 9264 9280 9296 9312 10912 10896 10880 10864 12584 16416 23136 23120 23120 23152 23136 23104 29608 29624 29640 29656 29688 29704 29720 29736 29752 34040 38600 41800 45104 41768 38568 38568 38536 35448 29672 23168 23152 20776 18568 20816 23184 23200 23216 23232 23248 20896 23264 24520 22088 19784 16568 13180 14552 10976 9376 9360 10960 10944 10928 9328 9344 7864 6504 5272 4168 3192 2368 2352 1648 1664 1680 2384 2400 1696 1712 2416 2432 1728 1744 2448 2464 1760 736 400 384 368 352 336 320 304 48 64 80 96 160 144 128 112 96 80 64 160 32 0 16 32 72 272 576 272 288 1632 2336 2320 1616 1600 2304 2320 2336 2352 3184 4128 5200 6400 7760 9232 9216 9232 9248 9264 6488 5272 4184 3224 2392 1688 980 624 312 80 
256 216 116 496 528 1028 1752 2456 2440 3288 4248 5336 6552 7896 6536 7848 10920 12648 14504 16488 18600 16536 12696 10968 14552 18648 20888 23256 25736 29704 29720 29736 34740 38544 45072 45088 48552 48536 48520 48504 48488 48472 48456 55752 55768 55784 55800 55816 55832 55848 59688 59672 59656 59640 59624 59608 59592 59576 55736 48440 48424 51996 55708 59544 59544 63512 67608 67632 71856 71832 71832 71848 71864 71880 71896 67672 71912 71928 63600 59640 59624 59608 59592 59576 59560 55716 55736 55756 55780 53924 53940 53956 59672 63640 67736 67752 63656 59688 53988 48568 48552 48536 48520 48504 45048 41720 41704 48488 52068 48472 48456 52044 52024 48440 48424 52004 48408 48408 29592 29608 29624 29640 29656 29672 29688 25704 23208 20840 20824 18584 16472 14488 12632 10880 10864 10848 10832 10816 10832 9232 9248 9264 9280 9296 10896 10880 10864 10848 12568 16400 23120 23104 23136 23168 23152 23120 29592 29608 29624 29640 29672 29688 29704 29720 29736 34024 38584 41784 45088 41752 38552 38552 38520 35432 29656 23152 23136 20760 18552 20800 23168 23184 23200 23216 23232 20880 23248 24504 22072 19768 16552 13164 14536 10960 9360 9344 10944 10928 10912 9312 9328 7848 6488 5256 4152 3176 2352 2336 1632 1648 1664 2368 2384 1680 1696 2400 2416 1712 1728 2432 2448 1744 720 384 368 352 336 320 304 288 32 48 64 80 144 128 112 96 80 64 80 176 48 16 0 16 72 288 592 256 272 1616 2320 2304 1600 1616 2320 2336 2352 2368 3200 4144 5216 6416 7744 9216 9232 9248 9264 9280 6504 5288 4200 3240 2408 1704 996 640 328 96 
272 232 132 512 544 1044 1768 2472 2456 3304 4264 5352 6568 7912 6552 7864 10936 12664 14520 16504 18616 16552 12712 10984 14568 18664 20904 23272 25752 29720 29736 29752 34756 38560 45088 45104 48568 48552 48536 48520 48504 48488 48472 55768 55784 55800 55816 55832 55848 55864 59704 59688 59672 59656 59640 59624 59608 59592 55752 48456 48440 52012 55724 59560 59544 63512 67624 67648 71872 71848 71832 71832 71848 71864 71880 67656 71896 71912 63584 59624 59608 59592 59576 59560 59544 55700 55720 55740 55764 53908 53924 53940 59656 63624 67720 67736 63640 59672 53972 48552 48536 48520 48504 48488 45032 41704 41688 48472 52052 48456 48440 52028 52008 48424 48408 51988 48408 48424 29608 29624 29640 29656 29672 29688 29704 25720 23224 20856 20840 18600 16488 14504 12648 10896 10880 10864 10848 10832 10816 9216 9232 9248 9264 9280 10880 10864 10848 10832 12552 16384 23104 23120 23152 23184 23168 23136 29592 29592 29608 29624 29656 29672 29688 29704 29720 34008 38568 41768 45072 41736 38536 38536 38504 35416 29640 23136 23120 20744 18536 20784 23152 23168 23184 23200 23216 20864 23232 24488 22056 19752 16536 13148 14520 10944 9344 9328 10928 10912 10896 9296 9312 7832 6472 5240 4136 3160 2336 2320 1616 1632 1648 2352 2368 1664 1680 2384 2400 1696 1712 2416 2432 1728 704 368 352 336 320 304 288 272 16 32 48 64 128 112 96 80 64 80 96 192 64 32 16 0 88 304 608 272 256 1600 2304 2320 1616 1632 2336 2352 2368 2384 3216 4160 5232 6432 7760 9232 9248 9264 9280 9296 6520 5304 4216 3256 2424 1720 1012 656 344 112 
504 464 76 232 264 604 1168 1744 1728 2448 3280 4240 5328 6544 5312 6496 9312 10912 12640 14496 16480 14544 10960 9360 12688 16528 18640 20880 23232 27008 27024 27040 31820 35464 41736 41752 45088 45072 45056 45040 45024 45008 44992 52032 52048 52064 52080 52096 52112 52128 55840 55824 55808 55792 55776 55760 55744 55728 52016 44976 44960 48404 51988 55696 55712 59552 63504 63528 67624 67600 67616 67632 67648 67664 67680 63584 67696 67712 59640 55808 55792 55776 55760 55744 55728 52012 52032 52052 52076 50284 50300 50316 55840 59680 63648 63664 59696 55856 50348 45120 45104 45088 45072 45056 41728 38528 38512 45040 48492 45024 45008 48468 48448 44992 44976 48428 44960 44944 26896 26912 26928 26944 26960 26976 26992 23200 20832 18592 18576 16464 14480 12624 10896 9272 9256 9240 9224 9224 9240 7768 7784 7800 7816 7832 9304 9288 9272 9256 10848 14424 20760 20744 20760 20792 20776 20744 26912 26928 26944 26960 26992 27008 27024 27040 27056 31152 35520 38592 41768 38560 35488 35488 35456 32496 26976 20792 20776 18528 16448 18568 20808 20824 20840 20856 20872 18648 20888 22080 19776 17600 14576 11412 12688 9368 7896 7880 9352 9336 9320 7848 7864 6512 5280 4176 3200 2352 1656 1640 1064 1080 1096 1672 1688 1112 1128 1704 1720 1144 1160 1736 1752 1176 408 200 184 168 152 136 120 104 104 120 136 152 344 328 312 296 280 264 264 424 168 72 72 88 0 88 264 72 88 1048 1624 1608 1032 1032 1608 1624 1640 1656 2360 3176 4120 5192 6408 7752 7752 7768 7784 7800 5280 4192 3232 2400 1696 1120 572 312 128 216 
864 824 148 80 112 292 696 1144 1128 1720 2424 3256 4216 5304 4200 5256 7816 9288 10888 12616 14472 12664 9336 7864 10936 14520 16504 18616 20840 24424 24440 24456 29012 32496 38512 38528 41736 41720 41704 41688 41672 41656 41640 48424 48440 48456 48472 48488 48504 48520 52104 52088 52072 52056 52040 52024 52008 51992 48408 41624 41624 44964 48420 52008 52024 55736 59560 59536 63504 63528 63544 63560 63576 63592 63608 59640 63624 63640 55824 52120 52104 52088 52072 52056 52040 48452 48472 48492 48516 46788 46804 46820 52152 55864 59704 59720 55880 52168 46852 41816 41800 41784 41768 41752 38552 35480 35464 41736 45060 41720 41704 45036 45016 41688 41672 44996 41656 41640 24360 24344 24344 24360 24376 24392 24408 20808 18568 16456 16440 14456 12600 10872 9272 7776 7760 7744 7760 7776 7792 6448 6464 6480 6496 6512 7856 7840 7824 7808 9272 12592 18544 18528 18496 18528 18512 18512 24376 24392 24408 24424 24456 24472 24488 24504 24520 28424 32600 35544 38592 35512 32568 32568 32536 29704 24440 18576 18560 16440 14488 16480 18592 18608 18624 18640 18656 16560 18672 19800 17624 15576 12744 9804 10984 7920 6576 6560 7904 7888 7872 6528 6544 5320 4216 3240 2392 1672 1104 1088 640 656 672 1120 1136 688 704 1152 1168 720 736 1184 1200 752 240 160 144 128 112 96 80 64 320 336 352 368 688 672 656 640 624 608 592 784 400 272 288 304 88 0 80 32 48 624 1072 1056 608 592 1040 1024 1040 1056 1632 2320 3136 4112 5216 6432 6416 6400 6416 6432 4168 3208 2376 1672 1096 648 260 96 40 448 
1392 1352 388 96 128 148 392 712 696 1160 1736 2440 3272 4232 3256 4184 6488 7832 9304 10904 12632 10952 7880 6536 9352 12680 14536 16520 18616 22008 22024 22040 26372 29696 35456 35472 38552 38536 38520 38504 38488 38472 38456 44984 45000 45016 45032 45048 45064 45080 48536 48520 48504 48488 48472 48456 48440 48424 44968 38440 38424 41620 44948 48408 48424 52008 55704 55712 59552 59544 59560 59576 59592 59608 59624 55784 59640 59656 52096 48520 48504 48488 48472 48456 48440 44980 45000 45020 45044 43380 43396 43412 48552 52136 55848 55864 52152 48568 43444 38600 38584 38568 38552 38536 35464 32520 32504 38520 41716 38504 38488 41692 41672 38472 38456 41652 38440 38424 21912 21912 21928 21944 21960 21976 21992 18584 16472 14488 14472 12616 10888 9288 7816 6448 6432 6416 6400 6416 6432 5216 5232 5248 5264 5280 6496 6480 6464 6448 7784 10848 16416 16400 16400 16432 16416 16384 21928 21944 21960 21976 22008 22024 22040 22056 22072 25784 29768 32584 35504 32552 29736 29736 29704 27000 21992 16448 16432 14440 12616 14480 16464 16480 16496 16512 16528 14560 16544 17608 15560 13640 11000 8284 9368 6560 5344 5328 6544 6528 6512 5296 5312 4216 3240 2392 1672 1080 640 624 304 320 336 656 672 352 368 688 704 384 400 720 736 416 160 208 192 176 160 144 128 112 624 640 656 672 1120 1104 1088 1072 1056 1040 1024 1312 800 576 592 608 264 80 0 80 96 288 608 592 272 256 576 592 608 624 1072 1632 2320 3136 4112 5200 5184 5200 5216 5232 3224 2392 1688 1112 664 344 116 48 120 848 
896 856 180 112 144 324 728 1176 1160 1752 2456 3288 4248 5336 4232 5288 7848 9320 10920 12648 14504 12696 9368 7896 10968 14552 16536 18648 20872 24456 24472 24488 29044 32528 38544 38560 41768 41752 41736 41720 41704 41688 41672 48456 48472 48488 48504 48520 48536 48552 52136 52120 52104 52088 52072 52056 52040 52024 48440 41656 41640 44956 48412 51992 51992 55704 59544 59568 63536 63512 63512 63528 63544 63560 63576 59608 63592 63608 55792 52088 52072 52056 52040 52024 52008 48420 48440 48460 48484 46756 46772 46788 52120 55832 59672 59688 55848 52136 46820 41784 41768 41752 41736 41720 38520 35448 35432 41704 45028 41688 41672 45004 44984 41656 41640 44964 41624 41624 24344 24360 24376 24392 24408 24424 24440 20840 18600 16488 16472 14488 12632 10904 9304 7808 7792 7776 7760 7744 7760 6416 6432 6448 6464 6480 7824 7808 7792 7776 9240 12560 18512 18496 18528 18560 18544 18512 24344 24360 24376 24392 24424 24440 24456 24472 24488 28392 32568 35512 38560 35480 32536 32536 32504 29672 24408 18544 18528 16408 14456 16448 18560 18576 18592 18608 18624 16528 18640 19768 17592 15544 12712 9772 10952 7888 6544 6528 7872 7856 7840 6496 6512 5288 4184 3208 2360 1640 1072 1056 608 624 640 1088 1104 656 672 1120 1136 688 704 1152 1168 720 208 128 112 96 80 64 48 32 288 304 320 336 656 640 624 608 592 576 592 816 432 272 256 272 72 32 80 0 16 592 1040 1024 576 592 1040 1056 1072 1088 1664 2352 3168 4112 5184 6400 6416 6432 6448 6464 4200 3240 2408 1704 1128 680 292 128 72 480 
912 872 196 128 160 340 744 1192 1176 1768 2472 3304 4264 5352 4248 5304 7864 9336 10936 12664 14520 12712 9384 7912 10984 14568 16552 18664 20888 24472 24488 24504 29060 32544 38560 38576 41784 41768 41752 41736 41720 41704 41688 48472 48488 48504 48520 48536 48552 48568 52152 52136 52120 52104 52088 52072 52056 52040 48456 41672 41656 44972 48428 52008 51992 55704 59560 59584 63552 63528 63512 63512 63528 63544 63560 59592 63576 63592 55776 52072 52056 52040 52024 52008 51992 48404 48424 48444 48468 46740 46756 46772 52104 55816 59656 59672 55832 52120 46804 41768 41752 41736 41720 41704 38504 35432 35416 41688 45012 41672 41656 44988 44968 41640 41624 44948 41624 41640 24360 24376 24392 24408 24424 24440 24456 20856 18616 16504 16488 14504 12648 10920 9320 7824 7808 7792 7776 7760 7744 6400 6416 6432 6448 6464 7808 7792 7776 7760 9224 12544 18496 18512 18544 18576 18560 18528 24344 24344 24360 24376 24408 24424 24440 24456 24472 28376 32552 35496 38544 35464 32520 32520 32488 29656 24392 18528 18512 16392 14440 16432 18544 18560 18576 18592 18608 16512 18624 19752 17576 15528 12696 9756 10936 7872 6528 6512 7856 7840 7824 6480 6496 5272 4168 3192 2344 1624 1056 1040 592 608 624 1072 1088 640 656 1104 1120 672 688 1136 1152 704 192 112 96 80 64 48 32 16 272 288 304 320 640 624 608 592 576 592 608 832 448 288 272 256 88 48 96 16 0 576 1024 1040 592 608 1056 1072 1088 1104 1680 2368 3184 4128 5200 6416 6432 6448 6464 6480 4216 3256 2424 1720 1144 696 308 144 88 496 
2832 2792 1252 512 544 244 168 232 216 424 744 1192 1768 2472 1752 2424 4216 5304 6520 7864 9336 7912 5352 4264 6568 9384 10984 12712 14552 17560 17576 17592 21476 24480 29728 29744 32568 32552 32536 32520 32504 32488 32472 38488 38504 38520 38536 38552 38568 38584 41784 41768 41752 41736 41720 41704 41688 41672 38472 32456 32440 35372 38444 41640 41624 44952 48424 48448 52032 52008 51992 51992 52008 52024 52040 48456 52056 52072 45024 41704 41688 41672 41656 41640 41624 38420 38440 38460 38484 36948 36964 36980 41736 45064 48520 48536 45080 41752 37012 32552 32536 32520 32504 32488 29672 26984 26968 32472 35412 32456 32440 35388 35368 32424 32408 35348 32408 32424 17448 17464 17480 17496 17512 17528 17544 14520 12664 10936 10920 9320 7848 6504 5288 4176 4160 4144 4128 4112 4096 3136 3152 3168 3184 3200 4160 4144 4128 4112 5192 7744 12544 12560 12592 12624 12608 12576 17432 17432 17448 17464 17496 17512 17528 17544 17560 20888 24488 27048 29712 27016 24456 24456 24424 21976 17480 12576 12560 10824 9256 10864 12592 12608 12624 12640 12656 10944 12672 13608 11816 10152 7896 5628 6520 4224 3264 3248 4208 4192 4176 3216 3232 2392 1672 1080 616 280 96 80 16 32 48 112 128 64 80 144 160 96 112 176 192 128 384 688 672 656 640 624 608 592 1616 1632 1648 1664 2368 2352 2336 2320 2304 2320 2336 2752 1984 1632 1616 1600 1048 624 288 592 576 0 64 80 16 32 96 112 128 144 336 640 1072 1632 2320 3152 3168 3184 3200 3216 1720 1144 696 376 184 120 212 336 664 2032 
3728 3688 1860 896 928 468 232 168 152 232 424 744 1192 1768 1176 1720 3256 4216 5304 6520 7864 6568 4264 3304 5352 7912 9384 10984 12696 15512 15528 15544 19204 22048 27040 27056 29752 29736 29720 29704 29688 29672 29656 35416 35432 35448 35464 35480 35496 35512 38584 38568 38552 38536 38520 38504 38488 38472 35400 29640 29624 32428 35372 38440 38424 41624 44968 44992 48448 48424 48408 48408 48424 48440 48456 45000 48472 48488 41696 38504 38488 38472 38456 38440 38424 35348 35368 35388 35412 33940 33956 33972 38536 41736 45064 45080 41752 38552 34004 29736 29720 29704 29688 29672 26984 24424 24408 29656 32468 29640 29624 32444 32424 29608 29592 32404 29592 29608 15400 15416 15432 15448 15464 15480 15496 12664 10936 9336 9320 7848 6504 5288 4200 3216 3200 3184 3168 3152 3136 2304 2320 2336 2352 2368 3200 3184 3168 3152 4104 6400 10816 10832 10864 10896 10880 10848 15384 15384 15400 15416 15448 15464 15480 15496 15512 18648 22056 24488 27024 24456 22024 22024 21992 19672 15432 10848 10832 9224 7784 9264 10864 10880 10896 10912 10928 9344 10944 11816 10152 8616 6552 4508 5304 3264 2432 2416 3248 3232 3216 2384 2400 1688 1096 632 296 88 32 16 80 96 112 48 64 128 144 80 96 160 176 112 128 192 704 1136 1120 1104 1088 1072 1056 1040 2320 2336 2352 2368 3200 3184 3168 3152 3136 3152 3168 3648 2752 2336 2320 2304 1624 1072 608 1040 1024 64 0 16 80 96 32 48 64 80 144 320 624 1056 1616 2320 2336 2352 2368 2384 1144 696 376 184 120 184 436 656 1112 2800 
3712 3672 1844 880 912 452 216 152 136 216 408 728 1176 1752 1160 1704 3240 4200 5288 6504 7848 6552 4248 3288 5336 7896 9368 10968 12680 15496 15512 15528 19188 22032 27024 27040 29736 29720 29704 29688 29672 29656 29640 35400 35416 35432 35448 35464 35480 35496 38568 38552 38536 38520 38504 38488 38472 38456 35384 29624 29608 32412 35356 38424 38424 41624 44952 44976 48432 48408 48408 48424 48440 48456 48472 45016 48488 48504 41712 38520 38504 38488 38472 38456 38440 35364 35384 35404 35428 33956 33972 33988 38552 41752 45080 45096 41768 38568 34020 29752 29736 29720 29704 29688 27000 24440 24424 29672 32484 29656 29640 32460 32440 29624 29608 32420 29592 29592 15384 15400 15416 15432 15448 15464 15480 12648 10920 9320 9304 7832 6488 5272 4184 3200 3184 3168 3152 3136 3152 2320 2336 2352 2368 2384 3216 3200 3184 3168 4120 6416 10832 10816 10848 10880 10864 10832 15384 15400 15416 15432 15464 15480 15496 15512 15528 18664 22072 24504 27040 24472 22040 22040 22008 19688 15448 10864 10848 9240 7800 9280 10880 10896 10912 10928 10944 9360 10960 11832 10168 8632 6568 4524 5320 3280 2448 2432 3264 3248 3232 2400 2416 1704 1112 648 312 104 48 32 96 112 128 64 80 144 160 96 112 176 192 128 144 208 720 1152 1136 1120 1104 1088 1072 1056 2336 2352 2368 2384 3216 3200 3184 3168 3152 3136 3152 3632 2736 2320 2304 2320 1608 1056 592 1024 1040 80 16 0 64 80 16 32 48 64 128 304 608 1040 1600 2304 2320 2336 2352 2368 1128 680 360 168 104 168 420 640 1096 2784 
2816 2776 1236 496 528 228 152 216 200 408 728 1176 1752 2456 1736 2408 4200 5288 6504 7848 9320 7896 5336 4248 6552 9368 10968 12696 14536 17544 17560 17576 21460 24464 29712 29728 32552 32536 32520 32504 32488 32472 32456 38472 38488 38504 38520 38536 38552 38568 41768 41752 41736 41720 41704 41688 41672 41656 38456 32440 32424 35356 38428 41624 41624 44952 48408 48432 52016 51992 51992 52008 52024 52040 52056 48472 52072 52088 45040 41720 41704 41688 41672 41656 41640 38436 38456 38476 38500 36964 36980 36996 41752 45080 48536 48552 45096 41768 37028 32568 32552 32536 32520 32504 29688 27000 26984 32488 35428 32472 32456 35404 35384 32440 32424 35364 32408 32408 17432 17448 17464 17480 17496 17512 17528 14504 12648 10920 10904 9304 7832 6488 5272 4160 4144 4128 4112 4096 4112 3152 3168 3184 3200 3216 4176 4160 4144 4128 5208 7760 12560 12544 12576 12608 12592 12560 17432 17448 17464 17480 17512 17528 17544 17560 17576 20904 24504 27064 29728 27032 24472 24472 24440 21992 17496 12592 12576 10840 9272 10880 12608 12624 12640 12656 12672 10960 12688 13624 11832 10168 7912 5644 6536 4240 3280 3264 4224 4208 4192 3232 3248 2408 1688 1096 632 296 112 96 32 48 64 128 144 80 96 160 176 112 128 192 208 144 400 704 688 672 656 640 624 608 1632 1648 1664 1680 2384 2368 2352 2336 2320 2304 2320 2736 1968 1616 1600 1616 1032 608 272 576 592 16 80 64 0 16 80 96 112 128 320 624 1056 1616 2304 3136 3152 3168 3184 3200 1704 1128 680 360 168 104 196 320 648 2016 
2800 2760 1220 480 512 212 136 200 184 392 712 1160 1736 2440 1720 2392 4184 5272 6488 7832 9304 7880 5320 4232 6536 9352 10952 12680 14520 17528 17544 17560 21444 24448 29696 29712 32536 32520 32504 32488 32472 32456 32440 38456 38472 38488 38504 38520 38536 38552 41752 41736 41720 41704 41688 41672 41656 41640 38440 32424 32408 35348 38420 41624 41640 44968 48408 48416 52000 51992 52008 52024 52040 52056 52072 48488 52088 52104 45056 41736 41720 41704 41688 41672 41656 38452 38472 38492 38516 36980 36996 37012 41768 45096 48552 48568 45112 41784 37044 32584 32568 32552 32536 32520 29704 27016 27000 32504 35444 32488 32472 35420 35400 32456 32440 35380 32424 32408 17432 17432 17448 17464 17480 17496 17512 14488 12632 10904 10888 9288 7816 6472 5256 4144 4128 4112 4096 4112 4128 3168 3184 3200 3216 3232 4192 4176 4160 4144 5224 7776 12576 12560 12560 12592 12576 12544 17448 17464 17480 17496 17528 17544 17560 17576 17592 20920 24520 27080 29744 27048 24488 24488 24456 22008 17512 12608 12592 10856 9288 10896 12624 12640 12656 12672 12688 10976 12704 13640 11848 10184 7928 5660 6552 4256 3296 3280 4240 4224 4208 3248 3264 2424 1704 1112 648 312 128 112 48 64 80 144 160 96 112 176 192 128 144 208 224 160 416 720 704 688 672 656 640 624 1648 1664 1680 1696 2400 2384 2368 2352 2336 2320 2304 2720 1952 1600 1616 1632 1032 592 256 592 608 32 96 80 16 0 64 80 96 112 304 608 1040 1600 2320 3152 3136 3152 3168 3184 1688 1112 664 344 152 88 180 304 632 2000 
3696 3656 1828 864 896 436 200 136 120 200 392 712 1160 1736 1144 1688 3224 4184 5272 6488 7832 6536 4232 3272 5320 7880 9352 10952 12664 15480 15496 15512 19172 22016 27008 27024 29720 29704 29688 29672 29656 29640 29624 35384 35400 35416 35432 35448 35464 35480 38552 38536 38520 38504 38488 38472 38456 38440 35368 29608 29592 32404 35348 38424 38440 41640 44952 44960 48416 48408 48424 48440 48456 48472 48488 45032 48504 48520 41728 38536 38520 38504 38488 38472 38456 35380 35400 35420 35444 33972 33988 34004 38568 41768 45096 45112 41784 38584 34036 29768 29752 29736 29720 29704 27016 24456 24440 29688 32500 29672 29656 32476 32456 29640 29624 32436 29608 29592 15384 15384 15400 15416 15432 15448 15464 12632 10904 9304 9288 7816 6472 5256 4168 3184 3168 3152 3136 3152 3168 2336 2352 2368 2384 2400 3232 3216 3200 3184 4136 6432 10848 10832 10832 10864 10848 10816 15400 15416 15432 15448 15480 15496 15512 15528 15544 18680 22088 24520 27056 24488 22056 22056 22024 19704 15464 10880 10864 9256 7816 9296 10896 10912 10928 10944 10960 9376 10976 11848 10184 8648 6584 4540 5336 3296 2464 2448 3280 3264 3248 2416 2432 1720 1128 664 328 120 64 48 112 128 144 80 96 160 176 112 128 192 208 144 160 224 736 1168 1152 1136 1120 1104 1088 1072 2352 2368 2384 2400 3232 3216 3200 3184 3168 3152 3136 3616 2720 2304 2320 2336 1608 1040 576 1040 1056 96 32 16 80 64 0 16 32 48 112 288 592 1024 1616 2320 2304 2320 2336 2352 1112 664 344 152 88 152 404 624 1080 2768 
3680 3640 1812 848 880 420 184 120 104 184 376 696 1144 1720 1128 1672 3208 4168 5256 6472 7816 6520 4216 3256 5304 7864 9336 10936 12648 15464 15480 15496 19156 22000 26992 27008 29704 29688 29672 29656 29640 29624 29608 35368 35384 35400 35416 35432 35448 35464 38536 38520 38504 38488 38472 38456 38440 38424 35352 29592 29592 32420 35364 38440 38456 41656 44968 44944 48400 48424 48440 48456 48472 48488 48504 45048 48520 48536 41744 38552 38536 38520 38504 38488 38472 35396 35416 35436 35460 33988 34004 34020 38584 41784 45112 45128 41800 38600 34052 29784 29768 29752 29736 29720 27032 24472 24456 29704 32516 29688 29672 32492 32472 29656 29640 32452 29624 29608 15400 15384 15384 15400 15416 15432 15448 12616 10888 9288 9272 7800 6456 5240 4152 3168 3152 3136 3152 3168 3184 2352 2368 2384 2400 2416 3248 3232 3216 3200 4152 6448 10864 10848 10816 10848 10832 10832 15416 15432 15448 15464 15496 15512 15528 15544 15560 18696 22104 24536 27072 24504 22072 22072 22040 19720 15480 10896 10880 9272 7832 9312 10912 10928 10944 10960 10976 9392 10992 11864 10200 8664 6600 4556 5352 3312 2480 2464 3296 3280 3264 2432 2448 1736 1144 680 344 136 80 64 128 144 160 96 112 176 192 128 144 208 224 160 176 240 752 1184 1168 1152 1136 1120 1104 1088 2368 2384 2400 2416 3248 3232 3216 3200 3184 3168 3152 3600 2704 2320 2336 2352 1624 1024 592 1056 1072 112 48 32 96 80 16 0 16 32 96 272 576 1040 1632 2336 2320 2304 2320 2336 1096 648 328 136 72 136 388 608 1064 2752 
3664 3624 1796 832 864 404 168 104 88 168 360 680 1128 1704 1112 1656 3192 4152 5240 6456 7800 6504 4200 3240 5288 7848 9320 10920 12632 15448 15464 15480 19140 21984 26976 26992 29688 29672 29656 29640 29624 29608 29592 35352 35368 35384 35400 35416 35432 35448 38520 38504 38488 38472 38456 38440 38424 38424 35352 29592 29608 32436 35380 38456 38472 41672 44984 44960 48416 48440 48456 48472 48488 48504 48520 45064 48536 48552 41760 38568 38552 38536 38520 38504 38488 35412 35432 35452 35476 34004 34020 34036 38600 41800 45128 45144 41816 38616 34068 29800 29784 29768 29752 29736 27048 24488 24472 29720 32532 29704 29688 32508 32488 29672 29656 32468 29640 29624 15416 15400 15384 15384 15400 15416 15432 12600 10872 9272 9256 7784 6440 5224 4136 3152 3136 3152 3168 3184 3200 2368 2384 2400 2416 2432 3264 3248 3232 3216 4168 6464 10880 10864 10832 10832 10816 10848 15432 15448 15464 15480 15512 15528 15544 15560 15576 18712 22120 24552 27088 24520 22088 22088 22056 19736 15496 10912 10896 9288 7848 9328 10928 10944 10960 10976 10992 9408 11008 11880 10216 8680 6616 4572 5368 3328 2496 2480 3312 3296 3280 2448 2464 1752 1160 696 360 152 96 80 144 160 176 112 128 192 208 144 160 224 240 176 192 256 768 1200 1184 1168 1152 1136 1120 1104 2384 2400 2416 2432 3264 3248 3232 3216 3200 3184 3168 3616 2720 2336 2352 2368 1640 1040 608 1072 1088 128 64 48 112 96 32 16 0 16 80 256 592 1056 1648 2352 2336 2320 2304 2320 1080 632 312 120 56 120 372 592 1048 2736 
3648 3608 1780 816 848 388 152 88 72 152 344 664 1112 1688 1096 1640 3176 4136 5224 6440 7784 6488 4184 3224 5272 7832 9304 10904 12616 15432 15448 15464 19124 21968 26960 26976 29672 29656 29640 29624 29608 29592 29592 35352 35352 35368 35384 35400 35416 35432 38504 38488 38472 38456 38440 38424 38424 38440 35368 29608 29624 32452 35396 38472 38488 41688 45000 44976 48432 48456 48472 48488 48504 48520 48536 45080 48552 48568 41776 38584 38568 38552 38536 38520 38504 35428 35448 35468 35492 34020 34036 34052 38616 41816 45144 45160 41832 38632 34084 29816 29800 29784 29768 29752 27064 24504 24488 29736 32548 29720 29704 32524 32504 29688 29672 32484 29656 29640 15432 15416 15400 15384 15384 15400 15416 12584 10856 9256 9240 7768 6424 5208 4120 3136 3152 3168 3184 3200 3216 2384 2400 2416 2432 2448 3280 3264 3248 3232 4184 6480 10896 10880 10848 10816 10832 10864 15448 15464 15480 15496 15528 15544 15560 15576 15592 18728 22136 24568 27104 24536 22104 22104 22072 19752 15512 10928 10912 9304 7864 9344 10944 10960 10976 10992 11008 9424 11024 11896 10232 8696 6632 4588 5384 3344 2512 2496 3328 3312 3296 2464 2480 1768 1176 712 376 168 112 96 160 176 192 128 144 208 224 160 176 240 256 192 208 272 784 1216 1200 1184 1168 1152 1136 1120 2400 2416 2432 2448 3280 3264 3248 3232 3216 3200 3184 3632 2736 2352 2368 2384 1656 1056 624 1088 1104 144 80 64 128 112 48 32 16 0 64 272 608 1072 1664 2368 2352 2336 2320 2304 1064 616 296 104 40 104 356 576 1032 2720 
4672 4632 2516 1328 1360 740 344 152 136 88 152 344 664 1112 648 1064 2344 3176 4136 5224 6440 5272 3224 2392 4184 6488 7832 9304 10888 13512 13528 13544 16980 19664 24400 24416 26984 26968 26952 26936 26920 26904 26904 32408 32408 32424 32440 32456 32472 32488 35432 35416 35400 35384 35368 35352 35352 35368 32424 26920 26936 29636 32452 35400 35416 38488 41672 41648 44976 45000 45016 45032 45048 45064 45080 41752 45096 45112 38576 35512 35496 35480 35464 35448 35432 32484 32504 32524 32548 31140 31156 31172 35544 38616 41816 41832 38632 35560 31204 27128 27112 27096 27080 27064 24504 22072 22056 27048 29732 27032 27016 29708 29688 27000 26984 29668 26968 26952 13512 13496 13480 13464 13464 13480 13496 10856 9256 7784 7768 6424 5208 4120 3160 2304 2320 2336 2352 2368 2384 1680 1696 1712 1728 1744 2448 2432 2416 2400 3224 5264 9296 9280 9248 9216 9232 9264 13528 13544 13560 13576 13608 13624 13640 13656 13672 16616 19832 22136 24544 22104 19800 19800 19768 17576 13592 9328 9312 7832 6520 7872 9344 9360 9376 9392 9408 7952 9424 10232 8696 7288 5416 3596 4296 2512 1808 1792 2496 2480 2464 1760 1776 1192 728 392 184 104 176 160 352 368 384 192 208 400 416 224 240 432 448 256 272 464 1232 1792 1776 1760 1744 1728 1712 1696 3232 3248 3264 3280 4240 4224 4208 4192 4176 4160 4144 4656 3632 3184 3200 3216 2360 1632 1072 1664 1680 336 144 128 320 304 112 96 80 64 0 80 288 624 1088 1664 1648 1632 1616 1600 616 296 104 40 104 296 708 1024 1608 3616 
5840 5800 3396 1984 2016 1236 680 360 344 168 104 168 360 680 344 632 1656 2360 3192 4152 5240 4200 2408 1704 3240 5288 6504 7848 9304 11736 11752 11768 14980 17504 21984 22000 24440 24424 24408 24392 24376 24360 24344 29592 29608 29624 29640 29656 29672 29688 32504 32488 32472 32456 32440 32424 32408 32408 29592 24344 24360 26932 29620 32440 32456 35400 38456 38432 41632 41656 41672 41688 41704 41720 41736 38536 41752 41768 35488 32552 32536 32520 32504 32488 32472 29652 29672 29692 29716 28372 28388 28404 32584 35528 38600 38616 35544 32600 28436 24552 24536 24520 24504 24488 22056 19752 19736 24472 27028 24456 24440 27004 26984 24424 24408 26964 24392 24376 11704 11688 11672 11672 11688 11704 11720 9272 7800 6456 6440 5224 4136 3176 2344 1616 1600 1616 1632 1648 1664 1088 1104 1120 1136 1152 1728 1712 1696 1680 2376 4160 7808 7792 7760 7760 7744 7776 11720 11736 11752 11768 11800 11816 11832 11848 11864 14616 17640 19816 22096 19784 17608 17608 17576 15512 11784 7840 7824 6472 5288 6512 7856 7872 7888 7904 7920 6592 7936 8680 7272 5992 4312 2716 3320 1792 1216 1200 1776 1760 1744 1168 1184 728 392 184 104 152 352 336 656 672 688 368 384 704 720 400 416 736 752 432 448 768 1792 2480 2464 2448 2432 2416 2400 2384 4176 4192 4208 4224 5312 5296 5280 5264 5248 5232 5216 5792 4640 4128 4144 4160 3176 2320 1632 2352 2368 640 320 304 624 608 288 272 256 272 80 0 80 288 624 1072 1056 1040 1024 1040 312 120 56 120 312 632 1204 1616 2328 4656 
7136 7096 4404 2768 2800 1860 1144 696 680 376 184 120 184 376 168 328 1096 1672 2376 3208 4168 3256 1720 1144 2424 4216 5304 6520 7848 10088 10104 10120 13108 15472 19696 19712 22024 22008 21992 21976 21960 21944 21928 26920 26936 26952 26968 26984 27000 27016 29704 29688 29672 29656 29640 29624 29608 29592 26904 21912 21912 24356 26916 29608 29624 32440 35368 35344 38416 38440 38456 38472 38488 38504 38520 35448 38536 38552 32528 29720 29704 29688 29672 29656 29640 26948 26968 26988 27012 25732 25748 25764 29752 32568 35512 35528 32584 29768 25796 22104 22088 22072 22056 22040 19736 17560 17544 22024 24452 22008 21992 24428 24408 21976 21960 24388 21944 21928 10024 10008 10008 10024 10040 10056 10072 7816 6472 5256 5240 4152 3192 2360 1656 1056 1040 1024 1040 1056 1072 624 640 656 672 688 1136 1120 1104 1088 1656 3184 6448 6432 6400 6432 6416 6416 10040 10056 10072 10088 10120 10136 10152 10168 10184 12744 15576 17624 19776 17592 15544 15544 15512 13576 10104 6480 6464 5240 4184 5280 6496 6512 6528 6544 6560 5360 6576 7256 5976 4824 3336 1964 2472 1200 752 736 1184 1168 1152 704 720 392 184 104 152 328 656 640 1088 1104 1120 672 688 1136 1152 704 720 1168 1184 736 752 1200 2480 3296 3280 3264 3248 3232 3216 3200 5248 5264 5280 5296 6512 6496 6480 6464 6448 6432 6416 7056 5776 5200 5216 5232 4120 3136 2320 3168 3184 1072 624 608 1056 1040 592 576 592 608 288 80 0 80 288 608 592 576 592 608 136 72 136 328 648 1096 1828 2336 3176 5824 
8560 8520 5540 3680 3712 2612 1736 1160 1144 712 392 200 136 200 120 152 664 1112 1688 2392 3224 2440 1160 712 1736 3272 4232 5320 6520 8568 8584 8600 11364 13568 17536 17552 19736 19720 19704 19688 19672 19656 19640 24376 24392 24408 24424 24440 24456 24472 27032 27016 27000 26984 26968 26952 26936 26920 24360 19624 19608 21908 24340 26904 26920 29608 32408 32416 35360 35352 35368 35384 35400 35416 35432 32488 35448 35464 29696 27016 27000 26984 26968 26952 26936 24372 24392 24412 24436 23220 23236 23252 27048 29736 32552 32568 29752 27064 23284 19784 19768 19752 19736 19720 17544 15496 15480 19704 22004 19688 19672 21980 21960 19656 19640 21940 19624 19608 8472 8472 8488 8504 8520 8536 8552 6488 5272 4184 4168 3208 2376 1672 1096 624 608 592 576 592 608 288 304 320 336 352 672 656 640 624 1064 2336 5216 5200 5200 5232 5216 5184 8488 8504 8520 8536 8568 8584 8600 8616 8632 11000 13640 15560 17584 15528 13608 13608 13576 11768 8552 5248 5232 4136 3208 4176 5264 5280 5296 5312 5328 4256 5344 5960 4808 3784 2488 1340 1752 736 416 400 720 704 688 368 384 184 104 152 328 632 1088 1072 1648 1664 1680 1104 1120 1696 1712 1136 1152 1728 1744 1168 1184 1760 3296 4240 4224 4208 4192 4176 4160 4144 6448 6464 6480 6496 7840 7824 7808 7792 7776 7760 7744 8480 7072 6400 6416 6432 5192 4112 3136 4112 4128 1632 1056 1040 1616 1600 1024 1040 1056 1072 624 288 80 0 80 272 256 272 288 304 88 152 344 664 1112 1688 2580 3184 4152 7120 
10112 10072 6804 4720 4752 3492 2456 1752 1736 1176 728 408 216 152 200 104 360 680 1128 1704 2408 1752 728 408 1176 2456 3288 4248 5320 7176 7192 7208 9748 11792 15504 15520 17576 17560 17544 17528 17512 17496 17480 21960 21976 21992 22008 22024 22040 22056 24488 24472 24456 24440 24424 24408 24392 24376 21944 17464 17448 19612 21916 24344 24344 26904 29592 29616 32432 32408 32408 32424 32440 32456 32472 29656 32488 32504 26992 24440 24424 24408 24392 24376 24360 21924 21944 21964 21988 20836 20852 20868 24472 27032 29720 29736 27048 24488 20900 17592 17576 17560 17544 17528 15480 13560 13544 17512 19684 17496 17480 19660 19640 17464 17448 19620 17432 17432 7064 7080 7096 7112 7128 7144 7160 5288 4200 3240 3224 2392 1688 1112 664 320 304 288 272 256 272 80 96 112 128 144 336 320 304 288 600 1616 4112 4096 4128 4160 4144 4112 7064 7080 7096 7112 7144 7160 7176 7192 7208 9384 11832 13624 15520 13592 11800 11800 11768 10088 7128 4144 4128 3160 2360 3200 4160 4176 4192 4208 4224 3280 4240 4792 3768 2872 1768 844 1160 400 208 192 384 368 352 160 176 104 152 328 632 1064 1648 1632 2336 2352 2368 1664 1680 2384 2400 1696 1712 2416 2432 1728 1744 2448 4240 5312 5296 5280 5264 5248 5232 5216 7776 7792 7808 7824 9296 9280 9264 9248 9232 9216 9232 10032 8496 7760 7744 7760 6408 5216 4112 5184 5200 2320 1616 1600 2304 2320 1616 1632 1648 1664 1088 624 288 80 0 64 80 96 112 128 168 360 680 1128 1704 2408 3460 4160 5256 8544 
11776 11736 8180 5872 5904 4484 3288 2456 2440 1752 1176 728 408 216 392 168 168 360 680 1128 1704 1176 408 216 728 1752 2456 3288 4232 5896 5912 5928 8244 10128 13584 13600 15528 15512 15496 15480 15464 15448 15432 19656 19672 19688 19704 19720 19736 19752 22056 22040 22024 22008 21992 21976 21960 21944 19640 15416 15400 17436 19612 21912 21912 24344 26904 26928 29616 29592 29592 29608 29624 29640 29656 26968 29672 29688 24432 22008 21992 21976 21960 21944 21928 19620 19640 19660 19684 18596 18612 18628 22040 24472 27032 27048 24488 22056 18660 15544 15528 15512 15496 15480 13560 11768 11752 15464 17508 15448 15432 17484 17464 15416 15400 17444 15384 15384 5784 5800 5816 5832 5848 5864 5880 4200 3240 2408 2392 1688 1112 664 344 128 112 96 80 64 80 16 32 48 64 80 144 128 112 96 280 1040 3152 3136 3168 3200 3184 3152 5784 5800 5816 5832 5864 5880 5896 5912 5928 7912 10168 11832 13600 11800 10136 10136 10104 8552 5848 3184 3168 2328 1656 2368 3200 3216 3232 3248 3264 2448 3280 3768 2872 2104 1192 492 712 208 144 128 192 176 160 96 112 168 344 648 1080 1640 2352 2336 3168 3184 3200 2368 2384 3216 3232 2400 2416 3248 3264 2432 2448 3280 5328 6528 6512 6496 6480 6464 6448 6432 9248 9264 9280 9296 10896 10880 10864 10848 10832 10816 10832 11696 10032 9232 9216 9232 7752 6432 5200 6400 6416 3152 2320 2304 3136 3152 2320 2336 2352 2368 1664 1072 608 272 64 0 16 32 48 64 360 680 1128 1704 2408 3240 4452 5248 6472 10080 
11760 11720 8164 5856 5888 4468 3272 2440 2424 1736 1160 712 392 200 376 152 152 344 664 1112 1688 1160 392 200 712 1736 2440 3272 4216 5880 5896 5912 8228 10112 13568 13584 15512 15496 15480 15464 15448 15432 15416 19640 19656 19672 19688 19704 19720 19736 22040 22024 22008 21992 21976 21960 21944 21928 19624 15400 15384 17428 19604 21912 21928 24360 26904 26912 29600 29592 29608 29624 29640 29656 29672 26984 29688 29704 24448 22024 22008 21992 21976 21960 21944 19636 19656 19676 19700 18612 18628 18644 22056 24488 27048 27064 24504 22072 18676 15560 15544 15528 15512 15496 13576 11784 11768 15480 17524 15464 15448 17500 17480 15432 15416 17460 15400 15384 5784 5784 5800 5816 5832 5848 5864 4184 3224 2392 2376 1672 1096 648 328 112 96 80 64 80 96 32 48 64 80 96 160 144 128 112 296 1056 3168 3152 3152 3184 3168 3136 5800 5816 5832 5848 5880 5896 5912 5928 5944 7928 10184 11848 13616 11816 10152 10152 10120 8568 5864 3200 3184 2344 1672 2384 3216 3232 3248 3264 3280 2464 3296 3784 2888 2120 1208 508 728 224 160 144 208 192 176 112 128 184 360 664 1096 1656 2368 2352 3184 3200 3216 2384 2400 3232 3248 2416 2432 3264 3280 2448 2464 3296 5344 6544 6528 6512 6496 6480 6464 6448 9264 9280 9296 9312 10912 10896 10880 10864 10848 10832 10816 11680 10016 9216 9232 9248 7752 6416 5184 6416 6432 3168 2336 2320 3152 3136 2304 2320 2336 2352 1648 1056 592 256 80 16 0 16 32 48 344 664 1112 1688 2392 3224 4436 5232 6456 10064 
11744 11704 8148 5840 5872 4452 3256 2424 2408 1720 1144 696 376 184 360 136 136 328 648 1096 1672 1144 376 184 696 1720 2424 3256 4200 5864 5880 5896 8212 10096 13552 13568 15496 15480 15464 15448 15432 15416 15400 19624 19640 19656 19672 19688 19704 19720 22024 22008 21992 21976 21960 21944 21928 21912 19608 15384 15384 17444 19620 21928 21944 24376 26920 26896 29584 29608 29624 29640 29656 29672 29688 27000 29704 29720 24464 22040 22024 22008 21992 21976 21960 19652 19672 19692 19716 18628 18644 18660 22072 24504 27064 27080 24520 22088 18692 15576 15560 15544 15528 15512 13592 11800 11784 15496 17540 15480 15464 17516 17496 15448 15432 17476 15416 15400 5800 5784 5784 5800 5816 5832 5848 4168 3208 2376 2360 1656 1080 632 312 96 80 64 80 96 112 48 64 80 96 112 176 160 144 128 312 1072 3184 3168 3136 3168 3152 3152 5816 5832 5848 5864 5896 5912 5928 5944 5960 7944 10200 11864 13632 11832 10168 10168 10136 8584 5880 3216 3200 2360 1688 2400 3232 3248 3264 3280 3296 2480 3312 3800 2904 2136 1224 524 744 240 176 160 224 208 192 128 144 200 376 680 1112 1672 2384 2368 3200 3216 3232 2400 2416 3248 3264 2432 2448 3280 3296 2464 2480 3312 5360 6560 6544 6528 6512 6496 6480 6464 9280 9296 9312 9328 10928 10912 10896 10880 10864 10848 10832 11664 10000 9232 9248 9264 7768 6400 5200 6432 6448 3184 2352 2336 3168 3152 2320 2304 2320 2336 1632 1040 576 272 96 32 16 0 16 32 328 648 1096 1672 2376 3208 4420 5216 6440 10048 
11728 11688 8132 5824 5856 4436 3240 2408 2392 1704 1128 680 360 168 344 120 120 312 632 1080 1656 1128 360 168 680 1704 2408 3240 4184 5848 5864 5880 8196 10080 13536 13552 15480 15464 15448 15432 15416 15400 15384 19608 19624 19640 19656 19672 19688 19704 22008 21992 21976 21960 21944 21928 21912 21912 19608 15384 15400 17460 19636 21944 21960 24392 26936 26912 29600 29624 29640 29656 29672 29688 29704 27016 29720 29736 24480 22056 22040 22024 22008 21992 21976 19668 19688 19708 19732 18644 18660 18676 22088 24520 27080 27096 24536 22104 18708 15592 15576 15560 15544 15528 13608 11816 11800 15512 17556 15496 15480 17532 17512 15464 15448 17492 15432 15416 5816 5800 5784 5784 5800 5816 5832 4152 3192 2360 2344 1640 1064 616 296 80 64 80 96 112 128 64 80 96 112 128 192 176 160 144 328 1088 3200 3184 3152 3152 3136 3168 5832 5848 5864 5880 5912 5928 5944 5960 5976 7960 10216 11880 13648 11848 10184 10184 10152 8600 5896 3232 3216 2376 1704 2416 3248 3264 3280 3296 3312 2496 3328 3816 2920 2152 1240 540 760 256 192 176 240 224 208 144 160 216 392 696 1128 1688 2400 2384 3216 3232 3248 2416 2432 3264 3280 2448 2464 3296 3312 2480 2496 3328 5376 6576 6560 6544 6528 6512 6496 6480 9296 9312 9328 9344 10944 10928 10912 10896 10880 10864 10848 11680 10016 9248 9264 9280 7784 6416 5216 6448 6464 3200 2368 2352 3184 3168 2336 2320 2304 2320 1616 1024 592 288 112 48 32 16 0 16 312 632 1080 1656 2360 3192 4404 5200 6424 10032 
11712 11672 8116 5808 5840 4420 3224 2392 2376 1688 1112 664 344 152 328 104 104 296 616 1064 1640 1112 344 152 664 1688 2392 3224 4168 5832 5848 5864 8180 10064 13520 13536 15464 15448 15432 15416 15400 15384 15384 19608 19608 19624 19640 19656 19672 19688 21992 21976 21960 21944 21928 21912 21912 21928 19624 15400 15416 17476 19652 21960 21976 24408 26952 26928 29616 29640 29656 29672 29688 29704 29720 27032 29736 29752 24496 22072 22056 22040 22024 22008 21992 19684 19704 19724 19748 18660 18676 18692 22104 24536 27096 27112 24552 22120 18724 15608 15592 15576 15560 15544 13624 11832 11816 15528 17572 15512 15496 17548 17528 15480 15464 17508 15448 15432 5832 5816 5800 5784 5784 5800 5816 4136 3176 2344 2328 1624 1048 600 280 64 80 96 112 128 144 80 96 112 128 144 208 192 176 160 344 1104 3216 3200 3168 3136 3152 3184 5848 5864 5880 5896 5928 5944 5960 5976 5992 7976 10232 11896 13664 11864 10200 10200 10168 8616 5912 3248 3232 2392 1720 2432 3264 3280 3296 3312 3328 2512 3344 3832 2936 2168 1256 556 776 272 208 192 256 240 224 160 176 232 408 712 1144 1704 2416 2400 3232 3248 3264 2432 2448 3280 3296 2464 2480 3312 3328 2496 2512 3344 5392 6592 6576 6560 6544 6528 6512 6496 9312 9328 9344 9360 10960 10944 10928 10912 10896 10880 10864 11696 10032 9264 9280 9296 7800 6432 5232 6464 6480 3216 2384 2368 3200 3184 2352 2336 2320 2304 1600 1040 608 304 128 64 48 32 16 0 296 616 1064 1640 2344 3176 4388 5184 6408 10016 
8472 8496 5500 3608 3624 2524 1648 1072 1056 624 304 112 48 112 32 64 576 1024 1600 2304 3136 2352 1072 624 1648 3184 4144 5232 6432 8480 8496 8512 11276 13480 17448 17464 19648 19632 19616 19600 19616 19632 19648 24384 24368 24352 24336 24352 24368 24384 26944 26928 26912 26896 26912 26928 26944 26960 24400 19664 19680 21996 24428 26992 27008 29696 32496 32472 35416 35440 35456 35472 35488 35504 35520 32576 35536 35552 29784 27104 27088 27072 27056 27040 27024 24460 24480 24500 24524 23308 23324 23340 27136 29824 32640 32656 29840 27152 23372 19872 19856 19840 19824 19808 17632 15584 15568 19792 22092 19776 19760 22068 22048 19744 19728 22028 19712 19696 8560 8544 8528 8512 8496 8480 8464 6400 5184 4096 4112 3152 2320 1616 1040 616 632 648 664 680 696 376 392 408 424 440 760 744 728 712 1152 2424 5304 5288 5256 5224 5240 5272 8576 8592 8608 8624 8656 8672 8688 8704 8720 11088 13728 15648 17672 15616 13696 13696 13664 11856 8640 5336 5320 4224 3296 4264 5352 5368 5384 5400 5416 4344 5432 6048 4896 3872 2576 1428 1840 824 504 488 808 792 776 456 472 272 192 240 416 720 1176 1160 1736 1752 1768 1192 1208 1784 1800 1224 1240 1816 1832 1256 1272 1848 3384 4328 4312 4296 4280 4264 4248 4232 6536 6552 6568 6584 7928 7912 7896 7880 7864 7848 7832 8536 7128 6488 6504 6520 5280 4168 3224 4200 4216 1720 1144 1128 1704 1688 1112 1096 1080 1064 616 312 136 88 168 360 344 328 312 296 0 64 256 576 1024 1600 2508 3176 4128 7080 
7064 7088 4380 2712 2728 1788 1072 624 608 304 112 48 112 304 96 256 1024 1600 2304 3136 4096 3184 1648 1072 2352 4144 5232 6448 7776 10016 10032 10048 13036 15400 19624 19640 21952 21936 21920 21904 21920 21936 21952 26944 26928 26912 26896 26912 26928 26944 29632 29616 29600 29584 29600 29616 29632 29648 26960 21968 21984 24428 26988 29680 29696 32512 35440 35416 38488 38512 38528 38544 38560 38576 38592 35520 38608 38624 32600 29792 29776 29760 29744 29728 29712 27020 27040 27060 27084 25804 25820 25836 29824 32640 35584 35600 32656 29840 25868 22176 22160 22144 22128 22112 19808 17632 17616 22096 24524 22080 22064 24500 24480 22048 22032 24460 22016 22000 10096 10080 10064 10048 10032 10016 10000 7744 6400 5184 5200 4112 3152 2320 1616 1064 1080 1096 1112 1128 1144 696 712 728 744 760 1208 1192 1176 1160 1728 3256 6520 6504 6472 6440 6456 6488 10112 10128 10144 10160 10192 10208 10224 10240 10256 12816 15648 17696 19848 17664 15616 15616 15584 13648 10176 6552 6536 5312 4256 5352 6568 6584 6600 6616 6632 5432 6648 7328 6048 4896 3408 2036 2544 1272 824 808 1256 1240 1224 776 792 464 256 176 224 400 728 712 1160 1176 1192 744 760 1208 1224 776 792 1240 1256 808 824 1272 2552 3368 3352 3336 3320 3304 3288 3272 5320 5336 5352 5368 6584 6568 6552 6536 6520 6504 6488 7128 5848 5272 5288 5304 4192 3208 2392 3240 3256 1144 696 680 1128 1112 664 648 632 616 296 120 72 152 360 680 664 648 632 616 64 0 64 256 576 1024 1772 2344 3168 5800 
5784 5808 3388 1944 1960 1180 624 304 288 112 48 112 304 624 288 576 1600 2304 3136 4096 5184 4144 2352 1648 3184 5232 6448 7792 9248 11680 11696 11712 14924 17448 21928 21944 24384 24368 24352 24336 24352 24368 24384 29632 29616 29600 29584 29600 29616 29632 32448 32432 32416 32400 32416 32432 32448 32464 29648 24400 24416 26988 29676 32496 32512 35456 38512 38488 41688 41712 41728 41744 41760 41776 41792 38592 41808 41824 35544 32608 32592 32576 32560 32544 32528 29708 29728 29748 29772 28428 28444 28460 32640 35584 38656 38672 35600 32656 28492 24608 24592 24576 24560 24544 22112 19808 19792 24528 27084 24512 24496 27060 27040 24480 24464 27020 24448 24432 11760 11744 11728 11712 11696 11680 11664 9216 7744 6400 6416 5200 4112 3152 2320 1640 1656 1672 1688 1704 1720 1144 1160 1176 1192 1208 1784 1768 1752 1736 2432 4216 7864 7848 7816 7784 7800 7832 11776 11792 11808 11824 11856 11872 11888 11904 11920 14672 17696 19872 22152 19840 17664 17664 17632 15568 11840 7896 7880 6528 5344 6568 7912 7928 7944 7960 7976 6648 7992 8736 7328 6048 4368 2772 3376 1848 1272 1256 1832 1816 1800 1224 1240 784 448 240 160 208 408 392 712 728 744 424 440 760 776 456 472 792 808 488 504 824 1848 2536 2520 2504 2488 2472 2456 2440 4232 4248 4264 4280 5368 5352 5336 5320 5304 5288 5272 5848 4696 4184 4200 4216 3232 2376 1688 2408 2424 696 376 360 680 664 344 328 312 296 104 56 136 344 680 1128 1112 1096 1080 1064 256 64 0 64 256 576 1164 1640 2336 4648 
4632 4656 2524 1304 1320 700 304 112 96 48 112 304 624 1072 608 1024 2304 3136 4096 5184 6400 5232 3184 2352 4144 6448 7792 9264 10848 13472 13488 13504 16940 19624 24360 24376 26944 26928 26912 26896 26912 26928 26944 32448 32432 32416 32400 32416 32432 32448 35392 35376 35360 35344 35360 35376 35392 35408 32464 26960 26976 29676 32492 35440 35456 38528 41712 41688 45016 45040 45056 45072 45088 45104 45120 41792 45136 45152 38616 35552 35536 35520 35504 35488 35472 32524 32544 32564 32588 31180 31196 31212 35584 38656 41856 41872 38672 35600 31244 27168 27152 27136 27120 27104 24544 22112 22096 27088 29772 27072 27056 29748 29728 27040 27024 29708 27008 26992 13552 13536 13520 13504 13488 13472 13456 10816 9216 7744 7760 6416 5200 4112 3152 2344 2360 2376 2392 2408 2424 1720 1736 1752 1768 1784 2488 2472 2456 2440 3264 5304 9336 9320 9288 9256 9272 9304 13568 13584 13600 13616 13648 13664 13680 13696 13712 16656 19872 22176 24584 22144 19840 19840 19808 17616 13632 9368 9352 7872 6560 7912 9384 9400 9416 9432 9448 7992 9464 10272 8736 7328 5456 3636 4336 2552 1848 1832 2536 2520 2504 1800 1816 1232 768 432 224 144 216 200 392 408 424 232 248 440 456 264 280 472 488 296 312 504 1272 1832 1816 1800 1784 1768 1752 1736 3272 3288 3304 3320 4280 4264 4248 4232 4216 4200 4184 4696 3672 3224 3240 3256 2400 1672 1112 1704 1720 376 184 168 360 344 152 136 120 104 40 120 328 664 1128 1704 1688 1672 1656 1640 576 256 64 0 64 256 684 1064 1632 3624 
3608 3632 1788 792 808 348 112 48 32 112 304 624 1072 1648 1056 1600 3136 4096 5184 6400 7744 6448 4144 3184 5232 7792 9264 10864 12576 15392 15408 15424 19084 21928 26920 26936 29632 29616 29600 29584 29600 29616 29632 35392 35376 35360 35344 35360 35376 35392 38464 38448 38432 38416 38432 38448 38464 38480 35408 29648 29664 32492 35436 38512 38528 41728 45040 45016 48472 48496 48512 48528 48544 48560 48576 45120 48592 48608 41816 38624 38608 38592 38576 38560 38544 35468 35488 35508 35532 34060 34076 34092 38656 41856 45184 45200 41872 38672 34124 29856 29840 29824 29808 29792 27104 24544 24528 29776 32588 29760 29744 32564 32544 29728 29712 32524 29696 29680 15472 15456 15440 15424 15408 15392 15376 12544 10816 9216 9232 7760 6416 5200 4112 3176 3192 3208 3224 3240 3256 2424 2440 2456 2472 2488 3320 3304 3288 3272 4224 6520 10936 10920 10888 10856 10872 10904 15488 15504 15520 15536 15568 15584 15600 15616 15632 18768 22176 24608 27144 24576 22144 22144 22112 19792 15552 10968 10952 9344 7904 9384 10984 11000 11016 11032 11048 9464 11064 11936 10272 8736 6672 4628 5424 3384 2552 2536 3368 3352 3336 2504 2520 1808 1216 752 416 208 152 136 200 216 232 168 184 248 264 200 216 280 296 232 248 312 824 1256 1240 1224 1208 1192 1176 1160 2440 2456 2472 2488 3320 3304 3288 3272 3256 3240 3224 3672 2776 2392 2408 2424 1696 1096 664 1128 1144 184 120 104 168 152 88 72 56 40 104 312 648 1112 1704 2408 2392 2376 2360 2344 1024 576 256 64 0 64 332 616 1056 2728 
2712 2736 1180 408 424 124 48 112 96 304 624 1072 1648 2352 1632 2304 4096 5184 6400 7744 9216 7792 5232 4144 6448 9264 10864 12592 14432 17440 17456 17472 21356 24360 29608 29624 32448 32432 32416 32400 32416 32432 32448 38464 38448 38432 38416 38432 38448 38464 41664 41648 41632 41616 41632 41648 41664 41680 38480 32464 32480 35436 38508 41712 41728 45056 48496 48472 52056 52080 52096 52112 52128 52144 52160 48576 52176 52192 45144 41824 41808 41792 41776 41760 41744 38540 38560 38580 38604 37068 37084 37100 41856 45184 48640 48656 45200 41872 37132 32672 32656 32640 32624 32608 29792 27104 27088 32592 35532 32576 32560 35508 35488 32544 32528 35468 32512 32496 17520 17504 17488 17472 17456 17440 17424 14400 12544 10816 10832 9232 7760 6416 5200 4136 4152 4168 4184 4200 4216 3256 3272 3288 3304 3320 4280 4264 4248 4232 5312 7864 12664 12648 12616 12584 12600 12632 17536 17552 17568 17584 17616 17632 17648 17664 17680 21008 24608 27168 29832 27136 24576 24576 24544 22096 17600 12696 12680 10944 9376 10984 12712 12728 12744 12760 12776 11064 12792 13728 11936 10272 8016 5748 6640 4344 3384 3368 4328 4312 4296 3336 3352 2512 1792 1200 736 400 216 200 136 152 168 232 248 184 200 264 280 216 232 296 312 248 504 808 792 776 760 744 728 712 1736 1752 1768 1784 2488 2472 2456 2440 2424 2408 2392 2776 2008 1688 1704 1720 1120 648 344 680 696 120 184 168 104 88 152 136 120 104 296 632 1096 1688 2408 3240 3224 3208 3192 3176 1600 1024 576 256 64 0 108 296 608 1960 
1780 1788 592 100 132 32 156 380 364 732 1212 1820 2556 3420 2540 3372 5484 6732 8108 9612 11244 9660 6780 5532 8156 11292 13052 14940 16940 20188 20204 20220 24384 27588 33156 33172 36156 36140 36124 36108 36108 36124 36140 42476 42460 42444 42444 42460 42476 42492 45852 45836 45820 45804 45804 45820 45836 45852 42492 36156 36172 39288 42520 45884 45900 49388 52988 52964 56708 56732 56748 56764 56780 56796 56812 53068 56828 56844 49476 45996 45980 45964 45948 45932 45916 42552 42572 42592 42616 41000 41016 41032 46028 49516 53132 53148 49532 46044 41064 36364 36348 36332 36316 36300 33324 30476 30460 36284 39384 36268 36252 39360 39340 36236 36220 39320 36204 36188 20252 20236 20220 20204 20188 20172 20172 16908 14892 13004 13004 11244 9612 8108 6732 5508 5524 5540 5556 5572 5588 4468 4484 4500 4516 4532 5652 5636 5620 5604 6844 9716 14996 14980 14948 14916 14932 14964 20268 20284 20300 20316 20348 20364 20380 20396 20412 23980 27820 30540 33364 30508 27788 27788 27756 25148 20332 15028 15012 13116 11388 13156 15044 15060 15076 15092 15108 13236 15124 16140 14188 12364 9868 7320 8332 5716 4596 4580 5700 5684 5668 4548 4564 3564 2684 1932 1308 812 468 452 228 244 260 484 500 276 292 516 532 308 324 548 564 340 276 420 404 388 372 356 340 324 1028 1044 1060 1076 1620 1604 1588 1572 1556 1540 1524 1828 1220 980 996 1012 572 260 116 292 308 212 436 420 196 180 404 388 372 356 708 1204 1828 2580 3460 4452 4436 4420 4404 4388 2508 1772 1164 684 332 108 0 68 220 1172 
1344 1304 340 48 80 100 344 664 648 1112 1688 2392 3224 4184 3208 4136 6440 7784 9256 10856 12584 10904 7832 6488 9304 12632 14488 16472 18568 21960 21976 21992 26324 29648 35408 35424 38504 38488 38472 38456 38440 38424 38424 44952 44952 44968 44984 45000 45016 45032 48488 48472 48456 48440 48424 48408 48408 48424 44968 38440 38456 41668 44996 48456 48472 52056 55752 55728 59568 59592 59608 59624 59640 59656 59672 55832 59688 59704 52144 48568 48552 48536 48520 48504 48488 45028 45048 45068 45092 43428 43444 43460 48600 52184 55896 55912 52200 48616 43492 38648 38632 38616 38600 38584 35512 32568 32552 38568 41764 38552 38536 41740 41720 38520 38504 41700 38488 38472 21960 21944 21928 21912 21912 21928 21944 18536 16424 14440 14424 12568 10840 9240 7768 6400 6416 6432 6448 6464 6480 5264 5280 5296 5312 5328 6544 6528 6512 6496 7832 10896 16464 16448 16416 16384 16400 16432 21976 21992 22008 22024 22056 22072 22088 22104 22120 25832 29816 32632 35552 32600 29784 29784 29752 27048 22040 16496 16480 14488 12664 14528 16512 16528 16544 16560 16576 14608 16592 17656 15608 13688 11048 8332 9416 6608 5392 5376 6592 6576 6560 5344 5360 4264 3288 2440 1720 1128 688 672 352 368 384 704 720 400 416 736 752 432 448 768 784 464 208 256 240 224 208 192 176 160 672 688 704 720 1168 1152 1136 1120 1104 1088 1072 1328 816 624 640 656 312 96 48 128 144 336 656 640 320 304 624 608 592 576 1024 1616 2336 3184 4160 5248 5232 5216 5200 5184 3176 2344 1640 1064 616 296 68 0 72 800 
824 784 108 40 72 252 656 1104 1088 1680 2384 3216 4176 5264 4160 5216 7776 9248 10848 12576 14432 12624 9296 7824 10896 14480 16464 18576 20800 24384 24400 24416 28972 32456 38472 38488 41696 41680 41664 41648 41632 41616 41632 48416 48400 48416 48432 48448 48464 48480 52064 52048 52032 52016 52000 51984 52000 52016 48432 41648 41664 45004 48460 52048 52064 55776 59600 59576 63544 63568 63584 63600 63616 63632 63648 59680 63664 63680 55864 52160 52144 52128 52112 52096 52080 48492 48512 48532 48556 46828 46844 46860 52192 55904 59744 59760 55920 52208 46892 41856 41840 41824 41808 41792 38592 35520 35504 41776 45100 41760 41744 45076 45056 41728 41712 45036 41696 41680 24400 24384 24368 24352 24336 24352 24368 20768 18528 16416 16400 14416 12560 10832 9232 7752 7768 7784 7800 7816 7832 6488 6504 6520 6536 6552 7896 7880 7864 7848 9312 12632 18584 18568 18536 18504 18520 18552 24416 24432 24448 24464 24496 24512 24528 24544 24560 28464 32640 35584 38632 35552 32608 32608 32576 29744 24480 18616 18600 16480 14528 16520 18632 18648 18664 18680 18696 16600 18712 19840 17664 15616 12784 9844 11024 7960 6616 6600 7944 7928 7912 6568 6584 5360 4256 3280 2432 1712 1144 1128 680 696 712 1160 1176 728 744 1192 1208 760 776 1224 1240 792 280 200 184 168 152 136 120 104 360 376 392 408 728 712 696 680 664 648 632 824 440 312 328 344 128 40 120 72 88 664 1112 1096 648 632 1080 1064 1048 1032 1608 2328 3176 4152 5256 6472 6456 6440 6424 6408 4128 3168 2336 1632 1056 608 220 72 0 408 
96 72 100 592 624 1204 2008 2776 2760 3672 4696 5848 7128 8536 7112 8488 11688 13480 15400 17448 19624 17496 13528 11736 15448 19672 21976 24408 26952 31016 31032 31048 36164 40048 46704 46720 50248 50232 50216 50200 50184 50184 50200 57624 57608 57608 57624 57640 57656 57672 61576 61560 61544 61528 61512 61512 61528 61544 57640 50216 50232 53892 57668 61576 61592 65624 69768 69744 74032 74056 74072 74088 74104 74120 74136 69848 74152 74168 65712 61688 61672 61656 61640 61624 61608 57700 57720 57740 57764 55876 55892 55908 61720 65752 69912 69928 65768 61736 55940 50424 50408 50392 50376 50360 46840 43448 43432 50344 53988 50328 50312 53964 53944 50296 50280 53924 50264 50248 31048 31032 31016 31000 30984 30984 31000 26920 24360 21928 21912 19608 17432 15384 13464 11680 11696 11712 11728 11744 11760 10096 10112 10128 10144 10160 11824 11808 11792 11776 13560 17520 24432 24416 24384 24352 24368 24400 31064 31080 31096 31112 31144 31160 31176 31192 31208 35592 40248 43512 46880 43480 40216 40216 40184 37032 31128 24464 24448 22008 19736 22048 24480 24496 24512 24528 24544 22128 24560 25848 23352 20984 17672 14172 15592 11888 10224 10208 11872 11856 11840 10176 10192 8648 7224 5928 4760 3720 2832 2816 2048 2064 2080 2848 2864 2096 2112 2880 2896 2128 2144 2912 2928 2160 1008 608 592 576 560 544 528 512 128 144 160 176 176 160 144 128 112 96 80 112 48 80 96 112 216 448 848 480 496 2032 2800 2784 2016 2000 2768 2752 2736 2720 3616 4656 5824 7120 8544 10080 10064 10048 10032 10016 7080 5800 4648 3624 2728 1960 1172 800 408 0 
